Pattern 1,Pattern 2,Pattern 3,Pattern 4,Pattern 5,Pattern 6,Pattern 7,Pattern 8,Pattern 9,Pattern 10,Pattern 11,Pattern 12,Pattern 13,Pattern 14,Pattern 15,Pattern 16,Euler_Tetra_Async
2399,760,775,869,782,880,556,968,747,565,900,974,875,981,955,1620,-74
4868,1415,1408,643,1385,656,569,303,1385,528,663,337,696,314,273,163,-377
4907,1385,1369,661,1387,655,566,317,1400,569,658,298,628,316,332,158,-370
8823,1271,1278,243,1269,282,216,46,1291,209,253,60,232,51,66,16,-60
1753,144,147,689,155,673,43,647,148,48,677,645,677,653,651,7856,152
14365,300,299,8,299,8,6,0,300,5,8,0,8,0,0,0,82
3440,1067,1114,821,1083,854,651,621,1073,656,817,663,846,632,627,641,-261
3814,1196,1187,807,1220,796,670,507,1213,669,812,499,757,532,524,403,-319
2337,630,640,896,661,901,530,1022,635,542,917,1020,870,1041,1027,1937,20
4699,1375,1376,653,1350,707,548,353,1359,536,697,366,695,340,337,215,-391
4319,1286,1304,767,1277,728,609,411,1282,605,705,433,798,406,407,269,-372
2262,625,620,821,632,861,536,1080,589,551,909,1060,845,1072,1044,2099,55
8548,1279,1315,287,1302,286,233,55,1284,257,268,67,295,54,60,16,-101
2217,588,569,811,592,812,498,1107,568,473,855,1113,808,1136,1087,2372,90
2503,782,774,826,756,872,628,974,775,622,861,972,851,954,967,1489,-37
2536,768,779,914,767,848,631,932,800,618,804,956,894,944,964,1451,-48
2014,435,429,764,438,779,400,1122,424,381,799,1135,766,1144,1111,3465,183
11857,831,828,60,826,82,61,8,831,58,80,8,62,6,8,0,104
13646,466,463,19,463,11,21,1,465,19,12,0,20,0,0,0,98
5552,1389,1376,564,1371,585,517,280,1364,528,605,256,594,251,255,119,-302
1860,298,310,680,287,713,223,1065,283,215,705,1085,718,1062,1050,5052,223
2671,846,865,848,858,865,629,902,815,659,889,891,886,884,871,1227,-102
4969,1302,1314,648,1345,713,558,326,1306,576,740,320,613,351,330,195,-334
2217,632,600,810,630,832,529,1103,630,545,864,1055,782,1085,1101,2191,61
3052,960,970,872,971,875,621,766,949,657,887,740,882,741,755,908,-190
2774,932,896,871,886,961,671,808,941,655,942,788,872,778,817,1014,-180
5589,1417,1431,608,1388,581,502,214,1458,470,497,260,610,217,255,109,-345
3160,1067,1053,848,1054,831,663,687,1036,612,863,724,878,725,656,749,-255
1803,224,217,676,213,660,126,923,209,122,671,920,695,916,908,6323,215
2269,608,603,835,601,897,518,1088,638,517,865,1084,807,1082,1118,2076,62
10096,1140,1145,148,1142,159,132,15,1147,136,149,16,144,13,22,2,6
12914,613,615,44,613,40,31,1,613,29,38,5,46,3,1,0,110
12441,707,699,58,698,57,55,6,709,48,54,5,57,4,8,0,75
1765,143,135,688,144,665,40,638,144,53,673,617,678,626,639,7958,156
3108,1021,1017,876,994,891,682,717,996,698,893,697,924,674,692,726,-232
2669,890,858,884,858,900,625,872,874,628,916,837,900,837,856,1202,-148
2756,903,901,854,878,923,698,802,895,658,908,840,885,817,794,1094,-159
6107,1458,1445,482,1441,534,467,165,1461,440,527,179,483,175,168,74,-314
1835,247,248,717,270,645,154,933,260,130,654,958,682,980,946,5947,200
1948,396,381,830,419,730,339,1101,400,340,764,1085,788,1123,1105,3857,175
8128,1342,1351,323,1352,296,273,69,1341,277,298,74,323,75,68,16,-154
3205,1063,1058,878,1059,831,686,691,1068,697,827,675,872,676,696,624,-243
3396,1148,1141,821,1142,848,708,582,1145,668,852,615,823,616,579,522,-308
4117,1272,1306,768,1253,751,636,439,1256,633,714,476,837,423,423,302,-336
3339,1067,1049,853,1086,844,714,630,1052,695,896,631,831,668,615,636,-253
11163,958,963,88,962,97,99,7,960,102,94,9,87,8,9,0,71
2058,491,475,782,467,762,375,1163,461,377,784,1145,820,1137,1133,3176,149
1780,169,180,674,188,696,82,794,185,95,688,792,650,800,810,7023,190
8877,1289,1252,262,1246,256,221,52,1284,185,255,51,273,45,47,11,-60
1968,373,355,771,394,778,355,1132,390,358,800,1111,715,1150,1149,3807,213
2088,510,505,811,513,837,482,1121,522,463,833,1135,791,1143,1133,2719,130
5461,1405,1398,606,1397,573,535,247,1401,526,576,249,611,248,243,130,-321
2370,750,722,818,712,874,619,1040,714,638,900,993,864,983,1004,1605,-13
7352,1381,1390,362,1380,408,333,120,1368,336,411,126,385,116,107,31,-209
1932,369,380,763,390,717,318,1149,371,339,725,1139,751,1149,1151,3963,214
7876,1356,1344,341,1340,345,287,95,1368,284,329,86,333,82,107,33,-157
1818,257,267,692,244,695,163,994,241,161,688,1006,731,983,978,5688,212
4105,1244,1262,771,1275,786,627,436,1251,629,792,452,751,465,443,317,-344
3019,979,951,867,967,835,676,784,953,701,877,731,877,747,758,884,-198
2758,883,930,851,894,901,638,836,897,642,851,879,873,843,850,1080,-153
1755,108,112,663,99,682,24,445,102,19,675,454,682,441,439,8906,120
4360,1301,1322,722,1304,718,632,390,1306,616,695,427,735,409,395,274,-356
1806,213,200,676,215,651,95,917,202,104,677,895,672,910,906,6467,211
4041,1210,1192,810,1216,804,658,452,1224,613,814,479,772,503,466,352,-312
1737,62,61,708,66,711,2,136,66,1,712,136,699,141,140,10228,37
2372,713,684,884,670,878,547,1031,681,563,896,986,930,972,999,1800,-10
2797,902,943,862,917,854,645,825,893,666,837,845,897,819,816,1088,-162
1783,169,154,665,164,675,72,764,163,84,691,737,661,747,758,7319,190
3011,968,983,864,998,879,606,739,976,611,886,749,841,764,747,984,-215
7599,1384,1396,353,1417,354,316,84,1396,339,363,73,320,94,96,22,-221
5443,1417,1397,588,1404,587,548,241,1400,523,611,246,598,253,224,126,-349
5540,1407,1427,574,1465,568,495,230,1420,525,593,220,523,258,243,118,-345
2956,1009,998,872,990,824,668,773,986,684,839,746,903,738,750,870,-218
3429,1060,1069,838,1078,817,644,653,1054,681,832,625,835,634,647,710,-250
1992,414,425,712,418,769,399,1108,413,369,763,1149,720,1142,1107,3706,193
6056,1449,1428,484,1417,541,474,187,1454,432,525,208,490,197,192,72,-290
12747,640,644,52,643,49,42,0,644,43,44,3,49,2,4,0,108
2496,820,814,877,789,942,605,946,818,626,919,919,904,894,944,1293,-115
2071,521,499,806,481,798,435,1172,493,448,808,1137,852,1119,1144,2822,135
3527,1121,1141,856,1152,827,669,568,1153,665,806,592,813,603,600,513,-306
2991,973,997,899,996,922,661,717,985,658,909,744,888,743,729,794,-231
1739,86,83,693,92,680,5,237,89,7,686,232,681,241,240,9815,56
1921,342,318,710,330,758,277,1098,345,254,767,1097,695,1109,1101,4484,213
1958,378,407,784,391,786,360,1134,392,364,756,1159,786,1143,1148,3660,203
8239,1362,1325,290,1323,288,280,78,1352,253,296,68,302,66,68,16,-124
1839,251,252,716,283,669,156,991,265,157,686,991,671,1022,1005,5652,216
4348,1295,1310,789,1337,692,620,376,1308,627,706,384,749,411,389,265,-369
7200,1431,1387,387,1364,426,370,113,1448,320,386,119,393,96,130,36,-218
4686,1314,1322,684,1315,709,591,368,1294,601,722,366,711,359,348,216,-344
4256,1245,1271,693,1257,751,669,439,1237,661,745,473,715,459,431,304,-305
11422,918,894,97,893,80,97,11,918,79,79,5,98,4,11,0,67
3954,1211,1205,792,1179,798,611,504,1208,609,775,500,821,474,501,464,-329
2828,909,928,899,926,853,689,803,906,693,854,818,904,816,800,980,-169
1776,177,172,705,184,669,80,719,179,73,679,721,691,733,721,7327,162
2105,523,513,824,538,805,499,1111,509,477,844,1123,813,1148,1097,2677,129
3103,1068,1049,842,1033,858,695,700,1062,659,848,717,864,701,694,713,-253
1802,203,190,643,195,658,113,837,175,106,691,831,666,836,809,6851,207
1761,147,153,673,159,675,57,641,163,50,665,654,651,660,657,7840,156
2455,803,779,942,804,845,642,917,773,615,900,920,947,945,887,1432,-90
1926,405,390,728,347,765,324,1166,352,325,775,1150,824,1107,1113,3909,198
5536,1406,1386,574,1394,608,536,236,1409,518,613,234,563,242,239,112,-314
2059,425,450,814,451,833,430,1135,461,406,798,1184,777,1185,1171,3027,179
3416,1127,1124,835,1080,831,663,620,1115,626,799,654,891,610,608,607,-291
3038,1012,1019,894,991,846,649,743,1004,666,826,733,930,705,735,815,-224
4055,1267,1231,786,1254,771,613,484,1278,631,783,430,752,453,495,323,-344
3215,1060,1085,834,1038,861,703,669,1079,685,795,712,862,665,688,655,-261
12794,652,645,35,646,38,34,3,651,30,40,0,35,1,2,0,117
7665,1329,1372,356,1367,377,314,96,1330,353,371,100,360,95,97,24,-190
2396,735,732,863,750,827,558,1023,724,586,856,992,856,1010,1012,1686,-29
2125,586,576,866,578,810,523,1094,573,512,825,1095,877,1097,1081,2388,69
2728,884,863,918,922,867,653,826,901,632,909,826,842,885,843,1107,-142
3941,1228,1271,805,1288,790,622,450,1260,629,775,486,756,503,482,320,-353
5883,1475,1454,493,1441,504,492,213,1437,473,529,211,544,198,175,84,-335
7258,1394,1398,393,1398,393,358,110,1406,367,381,105,381,105,122,37,-209
5873,1435,1448,546,1457,537,467,186,1448,471,533,195,524,204,199,83,-337
13843,422,423,8,423,12,16,0,422,17,12,0,8,0,0,0,95
1810,230,241,684,232,711,144,937,245,132,687,960,678,951,952,6012,206
1935,367,373,727,376,756,330,1163,365,341,761,1158,726,1161,1161,3906,218
3833,1190,1238,829,1256,797,672,460,1208,685,797,495,793,513,478,362,-326
1754,120,123,676,121,684,30,470,130,29,672,474,668,472,480,8703,115
3412,1077,1067,853,1078,858,634,642,1078,611,868,655,841,666,643,623,-269
2010,434,449,764,430,829,373,1110,425,352,819,1146,792,1127,1101,3445,156
2647,820,825,872,845,922,595,898,822,622,940,876,850,896,900,1276,-121
2965,976,977,856,945,916,630,756,996,613,864,774,868,742,776,952,-204
5905,1395,1385,536,1395,576,489,214,1419,490,562,203,502,213,238,84,-323
1755,125,115,671,115,669,30,489,113,28,681,481,683,481,477,8693,122
11031,965,968,101,964,109,106,21,958,111,112,19,112,15,14,0,41
12517,685,697,45,697,53,49,5,683,63,55,3,47,3,3,1,96
2433,720,690,903,734,831,576,1006,705,599,890,953,874,997,991,1704,-23
2412,701,710,834,719,877,599,993,698,580,889,1021,828,1030,990,1725,4
9153,1239,1229,239,1229,205,242,39,1240,236,204,35,238,35,40,3,-83
7956,1346,1352,328,1362,328,294,78,1345,301,339,77,319,87,77,17,-154
2300,613,637,919,628,830,554,1046,625,528,809,1096,916,1087,1058,1960,55
8883,1263,1280,232,1285,229,237,49,1260,252,237,51,230,56,46,16,-117
8563,1288,1316,284,1315,281,243,45,1305,263,263,53,268,52,62,5,-118
2740,868,888,916,909,911,659,827,886,707,914,799,877,820,845,1040,-151
3250,1084,1069,853,1058,838,652,688,1053,642,858,683,895,672,657,654,-280
1889,306,311,734,301,730,232,1071,303,237,723,1071,747,1061,1068,4822,208
4120,1320,1279,729,1265,771,621,446,1309,581,768,445,754,431,435,332,-379
2081,460,471,749,480,838,403,1130,461,403,846,1141,739,1150,1131,3123,158
4769,1331,1365,679,1360,690,581,337,1359,631,657,321,656,316,365,189,-362
3821,1258,1253,723,1257,775,706,503,1231,712,806,492,746,496,476,351,-346
14255,321,328,6,328,8,9,0,321,16,8,0,6,0,0,0,79
2930,989,944,893,923,888,705,761,980,665,876,756,923,735,752,886,-203
4148,1265,1227,791,1269,741,657,429,1267,613,781,435,747,477,431,328,-331
2763,915,963,911,966,882,702,781,936,731,864,800,887,803,802,900,-186
3582,1179,1211,810,1225,798,651,561,1162,696,829,548,813,562,544,435,-338
3177,1022,1080,859,1091,876,625,678,1040,668,869,693,830,704,696,698,-261
6863,1448,1423,420,1414,439,391,130,1448,371,430,125,429,116,130,29,-259
2916,910,910,847,903,838,677,813,893,661,848,829,871,822,796,1072,-137
3560,1144,1147,851,1169,793,685,563,1162,680,797,571,811,593,581,499,-301
1836,248,263,696,270,723,224,1038,290,206,688,1071,647,1078,1080,5248,246
1877,289,304,713,306,715,268,1123,299,271,707,1135,701,1137,1133,4628,257
4287,1308,1328,696,1339,711,655,401,1291,666,739,410,702,421,384,268,-361
8449,1288,1291,311,1298,292,252,67,1288,261,299,61,304,68,67,10,-127
5143,1418,1465,644,1465,596,583,221,1442,602,572,249,620,249,245,92,-388
1806,210,213,647,214,688,140,882,220,127,679,898,636,899,892,6455,219
3414,1082,1103,879,1109,841,645,614,1112,623,817,657,843,663,644,560,-272
7216,1449,1443,344,1444,397,340,108,1437,345,410,97,355,98,96,27,-242
13797,428,427,17,428,18,14,0,428,13,19,0,16,1,0,0,93
8519,1289,1295,266,1311,296,252,62,1277,271,324,49,262,65,50,18,-109
13973,389,392,13,393,8,12,0,389,15,9,0,12,1,0,0,96
1781,166,165,643,152,688,59,696,151,63,690,691,671,678,681,7631,168
1813,244,235,670,234,717,151,946,237,153,723,935,678,934,939,5997,207
3287,1088,1092,821,1072,829,704,668,1072,713,825,663,857,643,652,620,-251
6628,1411,1425,442,1442,483,413,134,1429,422,482,139,407,156,152,41,-270
1766,159,156,676,162,654,62,658,157,61,662,656,672,662,656,7787,158
1755,102,107,692,129,700,37,486,133,21,691,507,639,529,517,8561,130
3712,1184,1176,816,1194,760,633,569,1165,636,797,558,817,576,550,463,-299
6210,1433,1421,521,1431,503,422,182,1416,418,530,174,528,184,165,68,-296
3592,1176,1140,815,1166,803,656,588,1143,659,862,549,822,575,555,505,-309
3651,1146,1191,802,1191,816,635,567,1155,689,807,558,793,558,576,471,-324
9254,1207,1235,230,1236,223,194,32,1212,212,219,42,224,43,37,6,-35
5941,1477,1456,523,1462,491,480,194,1463,476,511,177,531,183,180,61,-324
2412,671,706,879,698,871,520,986,683,509,851,1032,875,1024,998,1891,-11
4169,1251,1310,763,1296,809,608,393,1288,624,758,436,740,422,430,309,-349
1736,62,64,706,58,708,1,91,59,2,705,92,715,86,88,10433,23
4783,1369,1359,720,1376,595,628,324,1368,615,613,327,704,344,323,158,-368
14273,324,319,8,319,6,12,0,324,7,6,0,8,0,0,0,81
3985,1292,1273,860,1334,701,622,439,1309,651,745,391,782,452,456,314,-387
2648,833,834,951,884,871,677,822,900,626,854,874,834,924,889,1185,-126
3259,1062,1076,915,1117,796,713,641,1075,756,824,612,861,653,654,592,-266
12096,794,796,53,795,56,51,2,796,51,53,4,52,3,4,0,107
13416,502,503,30,502,35,23,1,503,23,33,2,30,1,2,0,93
2816,888,881,933,896,844,610,829,874,584,873,848,932,863,815,1120,-160
8638,1294,1282,254,1299,261,243,70,1284,252,288,49,247,66,60,19,-99
3511,1084,1111,852,1140,827,661,588,1110,636,830,640,797,669,614,536,-276
10617,1043,1033,129,1038,132,138,9,1049,126,131,11,118,16,15,1,32
2367,693,731,840,699,854,605,1029,689,632,826,1040,876,1008,1025,1692,22
2024,456,490,809,478,815,391,1128,463,401,796,1152,814,1140,1135,3114,142
2625,835,823,942,846,889,634,869,881,636,866,855,873,878,915,1239,-135
4250,1325,1267,708,1303,680,664,453,1282,650,759,409,715,445,410,286,-347
5787,1420,1431,584,1445,538,476,199,1441,486,531,200,549,214,220,85,-333
1738,59,58,709,64,707,1,126,63,2,709,124,699,130,130,10287,36
3401,1098,1128,842,1108,788,661,643,1079,691,787,643,881,623,624,609,-272
15065,134,131,3,131,1,3,0,134,0,1,0,3,0,0,0,37
1792,210,214,693,218,657,131,870,220,123,651,882,679,886,880,6500,202
2563,785,779,901,783,891,616,896,795,576,885,930,887,934,906,1479,-80
3348,1074,1131,826,1107,890,670,596,1133,653,807,670,791,646,655,609,-280
2502,738,764,842,744,930,573,956,744,590,904,965,856,945,962,1591,-45
2271,659,640,874,687,801,580,1057,622,594,885,1024,864,1071,1020,1957,28
1745,108,100,674,102,662,8,348,93,15,679,333,687,335,333,9384,83
4406,1308,1323,706,1315,738,605,384,1319,584,719,420,703,412,395,269,-370
3073,1039,996,892,999,837,691,740,1039,690,840,698,889,701,740,742,-217
3759,1240,1218,793,1230,813,684,481,1241,623,824,520,780,532,482,386,-363
3668,1191,1171,814,1170,813,698,537,1202,662,801,553,804,552,548,422,-310
1885,319,319,718,336,707,273,1083,306,265,737,1091,714,1108,1070,4675,219
2292,708,660,844,664,838,578,1057,655,521,895,1066,893,1070,1004,1861,2
3289,1010,1036,839,1035,858,665,658,986,621,881,728,864,727,634,775,-214
2724,843,874,885,871,902,639,866,858,669,884,867,873,864,881,1106,-111
7509,1393,1431,326,1415,390,309,85,1399,328,368,104,336,88,91,34,-200
3821,1249,1249,793,1247,779,656,487,1244,641,782,502,800,500,482,374,-365
6267,1389,1398,512,1404,530,451,172,1402,455,523,177,493,183,185,65,-297
5539,1402,1385,604,1386,585,539,230,1408,515,580,237,597,238,236,125,-331
1920,334,351,781,353,753,313,1108,367,326,722,1112,746,1114,1141,4165,211
2375,672,676,906,710,860,573,995,688,577,878,995,856,1029,1011,1805,1
2820,946,936,880,948,868,695,793,940,683,886,795,874,807,787,948,-178
12269,740,745,61,744,58,54,5,740,61,57,3,62,2,5,0,87
2809,913,900,889,919,846,636,851,901,669,877,805,882,824,839,1046,-157
2011,432,441,819,456,808,361,1110,448,374,807,1106,788,1121,1126,3398,148
13983,386,385,17,386,10,13,0,386,12,11,0,16,1,0,0,86
8421,1353,1345,255,1335,281,253,59,1357,253,267,51,261,41,63,11,-118
4936,1416,1406,647,1378,641,551,314,1396,540,633,315,695,287,294,157,-368
3772,1183,1171,825,1180,820,630,523,1199,600,813,541,800,550,539,460,-342
1823,215,220,705,244,673,157,937,222,151,690,948,674,972,944,6031,223
2383,710,710,869,712,913,601,974,736,567,889,1008,841,1010,1000,1683,-30
3677,1209,1214,785,1199,844,665,535,1193,683,845,522,816,507,519,393,-343
3395,1140,1107,793,1080,878,637,645,1132,597,859,652,828,625,637,601,-294
6251,1419,1431,478,1436,513,439,174,1425,450,512,175,467,180,180,76,-281
1898,364,336,745,376,723,323,1136,351,331,776,1100,718,1140,1123,4166,216
4425,1301,1300,754,1308,724,621,391,1309,638,724,373,738,381,399,220,-347
3229,1073,1069,866,1065,816,663,702,1064,683,821,678,879,674,693,631,-263
5271,1411,1374,577,1367,620,592,272,1399,546,625,281,596,274,260,141,-360
4194,1253,1281,710,1268,755,684,430,1262,680,733,462,714,449,439,292,-329
4357,1349,1313,769,1320,702,635,367,1324,599,734,367,787,374,342,267,-399
2716,863,873,871,872,932,674,842,862,676,932,850,873,849,841,1080,-128
3000,968,985,897,1009,857,657,738,980,661,869,751,861,775,750,848,-197
5085,1423,1393,641,1387,577,562,305,1376,539,618,298,694,292,258,158,-376
3210,1060,1060,861,1053,870,677,668,1060,666,863,679,868,672,668,671,-256
3997,1265,1218,766,1218,782,608,508,1216,588,831,481,815,481,459,373,-363
2506,722,716,898,727,883,561,967,753,549,863,973,856,984,998,1650,-25
2117,557,546,847,548,841,538,1110,567,520,833,1117,835,1119,1120,2391,105
5897,1433,1433,554,1409,516,473,219,1424,483,501,209,587,185,210,73,-331
9049,1274,1258,232,1256,242,204,39,1272,193,242,34,236,32,37,6,-81
11103,968,970,94,962,110,93,10,969,92,101,13,101,5,11,4,72
3196,1048,1056,849,1033,852,669,690,1044,649,833,718,876,695,686,712,-246
4473,1318,1342,751,1311,728,640,336,1348,627,667,373,752,342,366,232,-376
14176,344,342,7,342,9,14,0,344,12,9,0,7,0,0,0,79
2476,734,747,898,759,860,640,947,751,627,855,973,869,985,964,1521,-33
2370,670,695,846,682,817,574,1050,681,586,793,1063,848,1050,1061,1820,31
1948,346,350,758,332,766,305,1141,348,308,746,1142,774,1124,1143,4075,226
3739,1179,1253,766,1252,795,660,514,1169,727,804,521,777,520,504,426,-324
3648,1159,1164,838,1147,843,642,570,1149,678,836,539,865,522,560,446,-329
3098,1043,1076,889,1077,862,665,665,1080,670,826,693,851,694,702,715,-280
2153,530,544,843,541,908,451,1068,555,447,880,1086,821,1083,1093,2603,83
14823,190,191,4,191,4,2,0,190,3,4,0,4,0,0,0,55
1738,63,55,712,67,696,1,82,57,1,714,74,706,86,76,10478,20
7228,1437,1435,344,1447,386,355,106,1427,363,408,96,342,108,96,28,-229
1753,144,123,686,148,647,39,600,123,37,693,581,682,606,579,8165,144
1997,403,451,793,417,815,369,1106,435,373,749,1150,795,1116,1138,3499,174
3102,1035,1001,875,1007,861,678,729,1036,690,866,683,868,689,730,756,-234
2403,744,724,850,709,885,640,1007,724,622,890,1005,885,990,987,1541,-20
14940,162,162,4,162,2,3,0,162,3,2,0,4,0,0,0,46
12188,761,754,68,755,57,59,7,760,56,59,3,68,4,6,1,109
3578,1203,1166,806,1139,787,656,601,1184,650,779,570,852,543,582,510,-318
2743,896,904,878,890,880,612,843,916,635,846,828,872,814,863,1186,-169
4379,1257,1288,774,1294,724,594,403,1275,608,712,420,750,426,421,281,-365
7939,1353,1354,295,1370,333,319,75,1358,316,344,79,274,95,80,22,-181
1769,154,172,642,151,685,80,718,164,72,654,744,653,723,728,7497,187
2879,960,962,893,945,914,724,753,953,699,904,780,917,763,746,814,-207
1954,388,400,781,406,807,330,1102,400,327,801,1117,763,1123,1114,3793,173
8100,1377,1383,311,1370,304,262,54,1388,252,280,70,313,57,65,20,-142
2922,941,977,895,988,898,639,758,942,660,908,773,883,784,759,879,-195
3159,1063,1079,850,1058,865,748,637,1066,708,841,693,868,672,640,659,-245
10755,1000,1018,159,1026,101,102,14,1008,124,101,10,143,18,22,5,57
2777,891,903,822,882,949,594,837,868,606,951,837,866,816,814,1193,-166
2615,822,828,907,826,849,671,894,820,679,849,892,911,890,892,1261,-92
2571,845,830,902,840,860,587,923,810,611,905,884,927,894,888,1329,-125
8029,1330,1345,339,1357,337,278,68,1338,300,341,61,319,73,76,15,-152
3881,1274,1244,742,1216,756,693,517,1237,678,765,502,807,474,480,340,-341
9474,1202,1177,223,1173,209,214,23,1214,171,193,41,215,37,35,5,-22
4076,1212,1228,772,1220,826,587,486,1216,621,814,468,776,460,490,354,-336
6471,1477,1452,442,1452,462,421,150,1465,404,474,142,454,142,138,60,-269
1743,105,101,691,105,685,28,478,100,22,694,480,692,484,473,8725,126
3206,1007,1041,881,1027,853,587,716,996,603,850,734,906,720,705,774,-245
4466,1308,1333,676,1296,725,635,400,1316,636,680,424,705,387,408,211,-340
2396,702,722,819,714,899,608,985,723,582,870,1031,806,1023,1006,1720,-12
15112,121,121,2,121,2,1,0,121,1,2,0,2,0,0,0,37
9900,1148,1137,155,1126,190,174,30,1149,156,178,37,165,26,31,4,-7
3221,1067,1070,817,1074,827,742,671,1051,763,847,653,829,657,655,662,-256
4030,1303,1252,760,1267,763,620,484,1296,619,785,434,752,449,477,315,-385
4039,1275,1254,745,1251,754,643,485,1255,626,771,481,768,478,465,316,-339
1759,144,144,661,139,664,42,590,139,42,664,590,671,585,585,8187,142
2141,545,558,811,551,830,485,1075,541,481,827,1092,822,1085,1071,2691,90
2179,583,549,776,556,787,487,1127,556,467,821,1113,796,1120,1100,2589,108
2678,882,893,882,867,886,610,873,859,609,883,885,931,859,850,1159,-150
3345,1152,1151,849,1152,816,709,588,1140,700,829,596,860,597,576,546,-318
4936,1381,1422,632,1422,638,561,288,1395,575,624,315,618,315,302,182,-369
2958,993,986,855,979,880,639,767,994,646,872,753,861,746,768,909,-216
12909,615,629,36,628,29,29,2,613,42,30,3,39,2,0,0,121
3117,979,1025,911,996,856,628,722,1000,662,806,734,919,705,743,803,-215
8887,1286,1277,240,1281,236,232,43,1279,227,247,39,243,43,36,10,-81
5195,1422,1405,648,1453,566,542,268,1433,547,603,246,589,294,279,116,-385
2965,979,969,881,966,850,669,760,974,660,852,759,889,756,755,922,-210
5326,1400,1388,639,1402,565,533,279,1390,545,589,255,635,269,269,122,-365
2139,570,563,846,580,855,518,1087,579,500,863,1098,820,1115,1096,2377,76
3254,1103,1090,828,1081,851,692,650,1089,667,856,662,851,653,636,643,-273
3888,1243,1212,802,1217,741,632,540,1202,633,787,508,838,513,499,351,-343
8221,1364,1361,287,1361,283,290,48,1361,273,286,62,290,62,45,12,-125
3274,1015,1037,854,1033,888,653,669,1037,644,862,700,836,696,691,717,-250
2408,761,755,863,763,885,619,971,734,611,920,973,882,981,944,1536,-47
2481,782,789,885,777,893,655,931,782,620,881,973,897,961,931,1368,-64
2688,834,827,885,800,872,652,896,851,644,828,897,895,870,913,1254,-85
8710,1304,1295,255,1279,255,234,57,1308,216,235,66,267,50,61,14,-71
1743,88,95,713,100,684,18,429,109,25,668,429,687,434,450,8934,117
8184,1324,1338,311,1334,309,289,63,1336,301,293,65,303,61,75,20,-148
11563,864,880,96,877,89,66,10,859,80,91,12,104,9,5,1,84
1831,246,244,696,251,711,197,1008,265,190,699,1013,670,1020,1027,5538,237
2088,493,497,827,480,804,405,1135,518,431,762,1113,819,1096,1160,2978,127
2456,720,704,915,719,888,555,975,718,545,905,969,902,984,973,1678,-34
4385,1350,1340,728,1330,710,647,367,1363,640,687,364,725,354,380,236,-380
5278,1341,1357,662,1377,644,530,265,1348,534,657,277,635,297,272,132,-327
2553,738,780,914,773,823,624,955,727,642,827,979,932,972,944,1423,-43
3359,1143,1152,791,1149,836,701,622,1126,722,850,610,811,607,605,522,-296
3286,1056,1063,833,1071,851,712,659,1059,716,856,662,822,670,662,628,-237
7123,1403,1388,420,1408,402,359,112,1424,323,401,133,379,153,133,45,-244
8190,1354,1308,340,1312,298,290,63,1366,242,290,65,324,69,75,20,-132
2937,934,954,880,952,900,674,766,932,698,900,762,884,760,764,909,-183
3040,1032,1005,871,1000,910,655,736,1023,678,914,686,885,681,727,763,-248
4027,1232,1242,773,1268,761,620,484,1231,639,788,475,748,501,483,334,-339
2843,942,964,841,933,900,727,784,929,702,882,831,885,800,771,872,-171
2399,731,723,861,713,917,564,979,725,560,913,975,877,965,973,1731,-45
8937,1295,1280,216,1292,212,236,47,1286,231,233,37,213,49,38,4,-98
2479,733,765,876,750,865,577,965,741,605,842,969,883,954,973,1629,-32
10917,979,987,106,983,142,100,15,976,109,141,14,113,10,12,2,52
1836,287,281,670,249,672,198,1039,246,190,681,1041,743,1009,998,5466,228
4808,1386,1388,672,1409,653,601,294,1403,599,657,298,634,319,311,174,-363
3712,1188,1183,845,1180,782,655,547,1179,656,788,541,857,538,538,417,-316
2577,809,794,869,775,908,623,952,812,628,886,932,885,913,955,1288,-69
1906,316,346,767,345,738,267,1045,368,269,685,1073,716,1072,1097,4596,199
3739,1189,1171,793,1160,802,646,562,1172,638,808,552,821,541,545,467,-320
3443,1076,1061,789,1069,885,673,640,1081,654,888,644,776,652,645,630,-256
2196,594,613,859,580,896,472,1074,580,482,877,1083,906,1050,1060,2284,44
1740,91,89,675,88,694,11,275,84,7,700,277,683,276,268,9648,68
14506,267,269,7,269,3,3,0,267,5,3,0,7,0,0,0,78
2000,438,454,814,431,769,354,1139,432,371,752,1138,843,1115,1133,3423,159
1832,269,275,751,269,759,243,1059,281,226,741,1082,745,1076,1071,4927,229
2255,591,599,826,592,871,526,1033,613,498,842,1069,811,1062,1055,2363,63
5746,1434,1441,551,1440,584,508,179,1467,502,550,192,519,191,212,90,-327
1862,271,272,721,274,727,221,1067,288,211,712,1078,702,1080,1084,5036,237
5568,1344,1381,642,1380,577,479,260,1344,528,576,248,643,247,260,129,-321
8436,1337,1330,293,1328,265,269,44,1345,258,255,48,287,46,52,13,-135
1743,79,87,691,83,693,5,237,93,4,675,246,681,242,251,9796,61
4183,1319,1261,777,1284,724,625,432,1294,588,772,411,779,434,407,316,-355
2770,908,891,879,904,842,655,842,910,634,853,846,864,859,844,1105,-150
2672,829,816,900,820,836,635,874,842,607,827,889,883,893,887,1396,-101
4459,1332,1335,708,1341,706,582,388,1315,565,729,408,719,414,371,234,-380
6022,1465,1420,529,1423,506,483,197,1458,471,516,164,533,167,190,62,-321
2852,932,877,814,881,880,641,871,900,645,916,812,842,816,839,1088,-134
12716,651,656,42,655,55,32,4,651,38,54,3,43,2,4,0,101
4391,1304,1346,725,1329,726,595,384,1305,595,708,426,741,409,385,237,-359
1789,195,201,702,194,677,125,854,192,113,673,872,712,865,851,6591,206
3455,1129,1150,831,1164,835,727,564,1151,732,827,580,795,594,586,486,-308
10519,1081,1036,129,1032,127,146,27,1070,107,134,21,144,17,16,0,36
2899,920,936,902,923,887,676,785,946,663,848,814,889,801,811,906,-179
2013,395,389,753,408,804,366,1127,423,337,795,1150,706,1169,1155,3616,203
7580,1369,1410,355,1411,356,311,87,1379,345,347,94,344,95,97,26,-193
2512,767,746,959,767,848,612,928,803,571,833,948,902,969,964,1477,-78
2625,812,822,847,802,919,635,908,824,629,887,924,855,904,920,1293,-80
3849,1166,1176,802,1173,819,655,509,1188,630,794,544,783,541,531,446,-296
7031,1422,1429,430,1410,391,377,119,1427,385,367,118,444,99,124,33,-270
2090,508,496,818,467,851,449,1110,519,422,811,1125,836,1096,1121,2887,129
1758,110,102,665,101,670,10,352,92,14,687,340,684,339,334,9348,86
3090,1016,990,850,994,866,676,746,1011,685,875,711,851,715,741,789,-216
9525,1170,1186,229,1176,215,164,36,1185,177,190,39,224,29,51,10,-25
2884,952,948,900,936,892,677,763,958,661,874,775,906,763,769,948,-181
2046,481,490,805,493,804,429,1136,482,426,806,1148,801,1151,1137,2971,141
2071,499,511,813,495,809,458,1091,498,426,794,1135,830,1119,1090,2967,126
3449,1185,1190,810,1166,856,709,544,1206,679,811,579,813,555,565,489,-347
2245,562,597,827,569,853,523,1078,585,518,802,1118,832,1090,1101,2306,91
2164,624,616,808,607,829,501,1102,613,517,831,1078,828,1069,1091,2328,50
6568,1371,1413,474,1406,461,401,179,1365,457,460,165,487,158,173,68,-266
10185,1111,1132,142,1129,147,143,12,1113,159,142,17,143,14,14,3,19
7067,1396,1420,407,1408,403,342,139,1374,370,413,135,441,123,117,51,-234
1735,57,53,715,60,708,1,118,55,0,717,115,710,122,116,10324,35
1766,170,168,671,175,668,73,755,178,67,667,759,656,766,763,7304,182
2747,871,882,885,911,884,666,845,896,671,888,851,831,880,870,1028,-135
2373,684,682,855,714,895,635,992,697,620,914,1005,810,1037,1005,1688,13
2639,854,845,864,843,926,650,887,849,670,929,858,871,856,882,1183,-122
4709,1380,1376,675,1354,647,649,328,1380,632,625,341,697,319,328,166,-363
6023,1452,1437,531,1439,459,495,197,1447,500,466,177,534,179,192,78,-307
1788,180,187,667,165,695,98,804,168,100,685,809,701,787,792,6980,199
4775,1357,1358,662,1332,676,560,356,1347,549,660,368,698,342,346,220,-356
2114,540,536,850,534,820,495,1128,518,473,840,1146,874,1144,1106,2488,111
15606,0,0,0,0,0,0,0,0,0,0,0,0,0,0,0,0
2660,879,856,851,837,920,698,858,888,661,892,872,861,853,867,1153,-127
3364,1099,1115,806,1085,864,663,625,1105,625,828,679,830,649,631,638,-277
1997,428,411,781,403,763,388,1171,408,370,775,1172,809,1164,1151,3415,198
1793,199,213,672,203,652,116,859,206,127,635,862,675,852,866,6676,208
2986,996,1015,859,972,886,678,743,968,655,871,785,930,742,715,805,-215
1848,250,253,678,267,682,190,950,249,157,697,986,665,1000,949,5785,217
1934,382,369,736,364,771,310,1134,369,281,779,1150,754,1145,1121,4007,193
5028,1366,1366,670,1348,676,535,306,1372,546,652,295,682,277,312,175,-356
2633,849,819,968,873,832,687,880,858,704,877,833,905,887,889,1112,-115
8303,1338,1357,268,1349,302,243,67,1331,256,301,73,283,65,60,10,-128
2743,926,903,889,923,881,647,860,940,677,887,807,855,827,874,967,-166
10373,1081,1109,125,1102,136,122,16,1083,142,127,24,130,17,18,1,27
2856,962,963,865,919,893,693,786,955,673,856,807,916,763,779,920,-186
12439,704,718,61,714,51,35,5,706,46,45,8,63,4,7,0,109
1973,401,406,763,394,817,362,1121,396,326,810,1162,780,1150,1116,3629,186
3342,1049,1080,839,1080,863,656,658,1013,692,899,653,875,653,622,632,-265
3721,1225,1176,781,1195,830,685,539,1225,681,849,494,762,513,539,391,-328
5397,1391,1396,617,1387,650,515,233,1408,511,624,242,609,233,250,143,-347
1738,65,62,709,59,702,1,156,55,2,709,152,722,149,146,10179,43
8399,1298,1337,287,1318,284,250,66,1291,282,272,73,313,54,59,23,-125
2064,486,465,712,469,780,400,1125,431,374,839,1130,763,1134,1070,3364,154
2831,890,887,879,877,905,615,843,913,646,872,809,866,799,866,1108,-141
12740,660,657,42,656,35,38,1,661,32,33,4,42,3,2,0,110
2465,769,738,867,770,831,584,995,762,576,870,972,842,1004,988,1573,-39
10441,1098,1076,132,1085,121,134,13,1100,119,128,6,121,15,15,2,34
9054,1242,1272,222,1262,232,216,42,1235,247,229,41,239,31,35,7,-85
2557,754,777,888,751,866,574,945,757,556,837,986,911,960,948,1539,-52
3614,1130,1159,892,1164,811,628,559,1155,681,791,535,862,540,584,501,-300
3720,1178,1185,836,1185,744,667,541,1164,650,758,565,850,565,527,471,-312
2237,611,620,801,608,849,518,1100,601,541,847,1086,823,1074,1090,2200,66
1832,252,272,730,269,719,213,1029,269,204,699,1058,716,1055,1046,5243,231
10048,1126,1143,156,1144,169,128,24,1120,149,176,20,161,21,18,3,13
6867,1433,1394,418,1398,452,413,123,1445,362,444,135,402,139,135,46,-250
5752,1424,1416,527,1421,598,502,201,1429,486,598,209,517,214,206,106,-345
2951,987,978,841,952,909,685,778,948,676,922,778,906,752,739,804,-211
2114,520,538,838,515,865,480,1111,514,476,848,1133,867,1110,1105,2572,110
2515,733,756,887,742,883,632,961,754,656,848,960,880,946,982,1471,-20
1745,98,106,679,85,698,11,370,95,19,680,370,703,349,367,9231,93
2749,877,920,921,915,890,639,810,901,659,861,833,902,828,834,1067,-181
4223,1248,1255,763,1254,756,627,443,1265,641,738,436,747,435,460,315,-329
3250,1080,1051,897,1074,828,695,641,1112,661,819,646,842,669,673,668,-263
1933,355,335,754,377,696,276,1112,332,283,761,1085,735,1127,1089,4356,208
2749,901,861,863,840,884,658,878,900,655,864,841,885,820,877,1130,-123
3102,990,1000,883,1016,909,671,714,1007,703,908,692,850,708,731,722,-235
5988,1433,1417,523,1410,552,487,181,1456,454,522,198,507,191,204,83,-313
2733,837,869,881,853,877,632,889,821,683,877,870,913,854,873,1144,-113
2808,944,971,894,947,884,692,785,933,706,871,798,929,774,774,896,-190
14320,308,312,7,312,9,5,0,308,9,9,0,7,0,0,0,73
3789,1199,1195,798,1197,796,625,556,1178,658,819,519,817,521,535,404,-315
2026,448,462,796,483,847,391,1111,468,426,848,1090,755,1111,1131,3213,141
4184,1304,1278,744,1263,739,663,433,1294,632,734,438,769,423,423,285,-350
12015,798,804,57,803,66,61,3,798,64,65,6,58,5,3,0,109
5325,1429,1378,625,1409,570,559,267,1433,545,597,230,590,261,271,117,-360
3227,1013,1044,880,1056,856,703,668,1021,736,860,666,860,678,676,662,-222
2056,487,483,785,482,762,410,1195,484,462,764,1139,789,1138,1192,2978,168
7091,1428,1444,404,1440,392,331,121,1411,356,405,112,425,108,104,34,-239
2263,659,661,831,626,880,543,1067,653,568,851,1044,872,1009,1061,2018,25
1939,382,377,799,405,767,343,1144,376,365,801,1117,777,1145,1138,3731,192
6311,1416,1447,516,1456,501,403,151,1437,426,489,159,486,168,172,68,-293
2592,843,837,879,803,923,627,893,835,606,897,908,921,874,885,1283,-104
2055,474,471,779,451,775,407,1143,469,395,760,1152,804,1132,1138,3201,160
1905,301,324,744,330,736,236,1082,319,284,724,1057,720,1063,1100,4681,212
4975,1375,1390,593,1385,670,551,323,1340,570,700,319,633,314,288,180,-365
2086,475,479,809,474,798,463,1154,477,468,791,1153,812,1148,1156,2863,178
3386,1111,1126,839,1129,860,673,614,1135,673,839,629,812,632,638,510,-301
2597,817,818,787,823,928,650,920,813,657,937,914,786,919,916,1324,-79
1819,232,224,668,211,683,116,922,217,131,685,899,696,886,907,6310,203
1826,235,240,756,255,719,172,942,257,162,712,957,719,972,964,5718,205
2444,735,748,885,757,834,538,991,738,576,840,966,873,975,994,1712,-48
9260,1218,1228,244,1224,214,183,40,1219,192,209,41,247,37,41,9,-59
1857,318,324,738,311,739,281,1132,302,284,742,1135,767,1122,1116,4438,233
2458,717,722,870,720,834,541,1013,730,543,819,1016,859,1014,1026,1724,-19
14270,320,321,7,321,9,9,1,319,11,10,0,8,0,0,0,76
2506,762,781,897,790,912,632,910,784,599,899,962,866,971,932,1403,-75
2683,836,881,927,884,916,670,822,852,682,903,855,908,858,838,1091,-139
2086,525,512,826,540,812,498,1149,527,501,838,1133,796,1161,1151,2551,133
2886,923,954,870,943,915,632,790,949,655,878,798,855,787,816,955,-181
1737,63,58,711,64,699,1,102,58,2,710,96,710,102,97,10396,26
3160,1085,1121,845,1128,834,688,661,1066,710,860,675,857,682,642,592,-293
4864,1360,1356,650,1357,639,559,363,1328,579,672,339,681,340,331,188,-351
5214,1389,1399,585,1389,629,558,285,1367,567,641,286,617,276,263,141,-356
2610,868,928,887,875,940,637,850,904,647,851,900,904,847,886,1072,-168
4010,1251,1304,790,1257,789,586,456,1251,608,742,487,837,440,456,342,-373
3898,1260,1235,779,1246,784,673,475,1256,655,799,468,772,479,471,356,-349
2107,507,495,822,514,793,463,1121,495,451,824,1121,815,1140,1109,2829,136
2992,971,959,888,973,872,705,733,994,667,863,759,851,773,756,850,-198
7495,1413,1390,322,1369,399,331,112,1393,317,398,103,363,82,92,27,-209
1896,380,356,740,373,671,297,1116,353,303,715,1086,750,1103,1089,4378,194
11760,837,847,78,846,75,72,5,835,82,76,5,81,4,3,0,84
10152,1103,1116,156,1121,149,151,20,1103,165,154,19,151,24,20,2,-12
3071,962,1020,895,988,857,679,726,977,713,810,750,912,718,741,787,-192
3412,1145,1143,781,1117,849,664,642,1125,684,843,620,827,594,622,538,-297
6524,1418,1460,413,1429,474,433,158,1407,457,454,176,455,145,147,56,-264
11901,810,811,73,804,80,60,14,801,67,82,8,89,1,5,0,93
3332,1070,1083,825,1067,891,644,634,1067,623,878,668,844,652,631,697,-267
3853,1155,1185,833,1184,776,670,514,1161,691,769,523,828,522,520,422,-331
2707,899,835,856,845,884,676,878,875,666,918,824,870,834,854,1185,-123
4980,1423,1431,634,1438,601,554,294,1394,572,637,284,656,291,265,152,-385
2843,923,886,887,924,829,669,838,904,665,886,805,868,843,819,1017,-148
13350,523,528,23,527,28,24,0,524,28,26,1,23,0,1,0,101
9612,1180,1189,189,1188,194,179,27,1183,178,190,37,187,36,30,7,-39
5275,1419,1437,608,1447,596,512,256,1406,543,619,243,611,253,243,138,-371
4665,1349,1419,686,1395,670,572,329,1353,623,642,348,706,324,333,192,-383
11214,942,947,99,947,103,79,12,939,86,106,10,102,10,9,1,55
3174,1068,1040,767,1017,890,669,735,1056,691,879,685,802,662,723,748,-230
1884,316,323,678,311,696,217,1029,319,235,681,1018,687,1006,1032,5174,203
4804,1331,1350,685,1362,693,560,333,1351,579,685,333,653,345,353,189,-356
7653,1392,1412,321,1413,358,291,87,1398,305,353,93,314,94,93,29,-212
6397,1437,1463,498,1460,481,412,134,1479,417,436,155,459,152,176,50,-316
7744,1416,1389,336,1393,292,320,91,1404,307,308,77,344,81,79,25,-165
14329,314,309,1,309,5,12,0,314,7,5,0,1,0,0,0,81
2907,914,936,843,915,916,619,800,945,655,864,786,833,765,831,1077,-164
2600,783,821,856,818,889,631,909,791,652,878,926,851,923,917,1361,-72
1792,196,187,677,183,683,83,819,180,94,695,799,697,795,803,6923,189
1910,293,316,768,321,729,248,1046,314,234,713,1083,742,1088,1067,4734,211
2850,937,922,898,911,883,671,811,930,671,879,796,916,785,804,942,-174
2530,838,774,915,811,910,628,928,829,622,956,870,887,907,919,1282,-115
2226,596,585,836,568,879,515,1082,620,503,838,1083,829,1066,1106,2274,67
2279,643,650,803,620,839,552,1081,605,533,847,1107,871,1077,1043,2056,58
3618,1175,1149,764,1142,825,676,593,1179,660,814,583,767,576,597,488,-298
4927,1355,1339,644,1335,700,548,342,1362,560,689,314,641,310,349,191,-336
3230,1060,1081,845,1090,868,712,651,1061,718,876,666,835,675,652,586,-263
4812,1274,1284,711,1320,663,564,367,1280,580,693,361,669,397,373,258,-321
4706,1369,1351,692,1373,708,609,310,1395,600,704,301,644,323,336,185,-378
6715,1444,1456,438,1448,446,395,126,1449,404,433,129,441,121,131,30,-265
1736,74,68,697,69,694,2,137,63,1,706,132,707,133,126,10261,32
3128,1046,1066,843,1068,855,654,718,1027,705,876,687,860,689,699,685,-252
1924,362,346,718,363,741,295,1107,366,294,754,1092,697,1109,1111,4327,204
2278,618,630,863,640,827,536,1039,625,533,830,1054,846,1064,1046,2177,47
5614,1414,1460,576,1452,548,463,224,1431,490,523,243,567,235,241,125,-313
6238,1466,1456,475,1476,499,433,167,1483,445,502,145,438,165,184,34,-313
1926,424,400,808,399,729,338,1171,388,358,764,1127,845,1126,1135,3668,178
2214,612,617,786,583,864,518,1111,585,527,857,1107,847,1073,1084,2221,77
3849,1262,1251,774,1279,802,623,486,1270,642,822,456,738,484,494,374,-355
3636,1167,1159,824,1180,793,695,557,1166,700,815,544,804,565,556,445,-286
13559,481,475,24,475,26,19,1,480,14,27,0,25,0,0,0,106
2066,487,519,817,507,851,433,1100,502,436,824,1129,814,1117,1115,2889,119
2449,689,730,887,758,907,587,958,717,617,907,969,831,997,986,1617,-19
2875,881,930,845,901,932,630,829,900,659,884,849,855,820,848,968,-151
8661,1285,1298,259,1297,270,247,51,1281,254,273,57,264,56,47,6,-109
2056,450,463,789,439,835,379,1135,462,384,799,1143,801,1119,1147,3205,152
6476,1425,1451,451,1455,481,446,133,1438,470,472,135,434,139,146,54,-291
3060,992,988,889,983,868,683,720,1029,678,826,721,857,716,757,839,-229
1743,66,59,707,71,699,1,116,66,1,711,109,695,121,116,10325,30
3068,1066,1084,863,1081,882,731,648,1082,717,863,680,850,677,664,650,-273
8482,1278,1277,314,1263,316,253,62,1295,239,285,75,311,61,79,16,-101
2510,775,815,909,802,912,623,928,793,660,881,931,904,918,946,1299,-84
4949,1354,1374,694,1367,683,534,289,1381,529,649,314,674,307,316,192,-355
1773,173,159,675,157,661,56,690,133,62,699,670,717,668,650,7663,157
2563,817,804,908,809,833,650,914,808,656,847,895,912,900,905,1385,-85
3005,1002,966,800,969,919,715,750,990,689,934,740,809,743,738,837,-198
3969,1223,1246,781,1216,789,607,504,1220,613,762,521,814,491,501,349,-347
2061,441,471,854,463,872,358,1104,471,370,834,1122,832,1114,1134,3105,121
6090,1412,1429,500,1398,537,463,201,1424,479,494,202,519,171,213,74,-304
2193,558,553,787,546,802,460,1139,524,467,829,1127,828,1120,1105,2568,120
3948,1268,1309,809,1305,781,574,458,1266,619,779,454,815,450,456,315,-403
4452,1300,1347,727,1316,710,560,403,1300,589,679,421,758,390,403,251,-358
2017,425,443,756,428,789,387,1112,441,373,758,1144,755,1129,1128,3521,174
1896,316,330,748,317,745,232,1074,325,237,723,1083,752,1070,1083,4675,204
2253,621,612,837,618,793,567,1106,611,568,809,1096,841,1102,1096,2076,88
9397,1223,1207,204,1214,205,194,36,1218,184,217,30,202,37,31,7,-38
1801,217,232,658,204,726,141,884,224,120,691,920,679,892,891,6326,203
2956,988,974,886,970,882,679,761,1006,664,860,762,872,758,779,809,-207
6599,1457,1414,472,1434,442,414,146,1477,392,442,125,432,145,166,49,-290
2195,563,588,860,567,863,530,1091,581,547,824,1099,863,1078,1109,2248,93
6321,1462,1435,482,1434,433,452,182,1445,445,449,162,500,161,165,78,-284
6959,1394,1415,412,1411,430,375,132,1388,382,432,146,422,142,126,40,-265
5979,1464,1456,492,1467,511,463,201,1435,473,551,183,510,194,172,55,-318
6495,1454,1415,494,1445,434,418,154,1455,394,463,139,463,169,155,59,-288
4021,1207,1229,765,1227,795,570,512,1210,619,790,485,764,483,515,414,-344
4866,1365,1380,689,1380,687,518,314,1377,521,675,326,677,326,326,179,-358
7094,1424,1416,420,1418,376,379,112,1420,364,382,119,422,121,108,31,-230
2047,541,514,841,541,834,523,1125,536,500,866,1121,819,1148,1120,2530,109
2756,897,833,874,853,842,640,885,838,623,921,838,913,858,826,1209,-118
1934,441,412,720,396,764,330,1150,385,326,804,1125,792,1109,1094,3824,161
4215,1283,1246,740,1250,758,594,459,1275,574,770,442,744,446,451,359,-352
3484,1184,1142,829,1175,778,721,575,1166,683,829,571,814,604,557,494,-309
2249,657,622,868,621,841,530,1055,639,502,858,1048,887,1047,1037,2145,22
6887,1435,1449,381,1440,454,367,124,1422,373,458,132,403,123,111,47,-235
2507,750,776,914,777,867,584,949,745,606,873,953,918,954,944,1489,-65
2413,720,695,882,709,894,565,988,695,565,933,963,893,977,963,1751,-34
4537,1296,1259,699,1267,733,624,412,1287,623,750,376,700,384,403,256,-322
4200,1287,1285,705,1287,767,664,437,1284,687,772,412,706,414,434,265,-350
3042,995,995,855,967,921,709,717,1026,681,862,745,852,717,748,774,-196
11159,962,948,103,950,103,95,8,966,80,101,9,97,11,12,2,74
14260,322,324,8,322,12,7,0,322,7,10,2,10,0,0,0,83
3662,1150,1151,819,1137,785,693,575,1158,680,763,589,825,575,583,461,-296
3188,1000,1036,903,1058,819,671,694,1021,706,820,695,860,717,715,703,-226
13557,480,480,26,479,19,17,2,479,18,19,1,28,0,1,0,99
13636,464,464,19,463,22,16,0,466,14,19,2,18,1,2,0,98
4521,1325,1325,666,1276,743,603,398,1298,593,721,408,742,359,371,257,-344
4113,1274,1253,804,1286,701,618,460,1251,623,757,434,794,467,437,334,-342
2534,813,780,853,801,850,647,960,812,637,872,937,833,958,959,1360,-67
3692,1203,1194,787,1178,813,734,521,1208,699,792,547,798,531,526,383,-324
2631,834,796,906,795,871,663,913,837,640,867,898,904,897,916,1238,-80
2851,928,940,845,915,904,614,853,921,684,886,795,877,770,846,977,-171
6688,1424,1391,427,1418,428,412,175,1400,408,479,146,424,173,151,62,-247
1800,220,233,746,231,704,150,965,233,131,689,997,735,995,978,5799,213
6094,1467,1437,528,1438,513,452,170,1483,428,498,164,511,165,186,72,-328
2037,470,472,721,449,752,382,1161,454,370,745,1175,760,1152,1145,3361,167
4393,1299,1313,714,1301,778,615,381,1317,609,748,401,708,389,399,241,-365
6756,1450,1451,426,1451,414,387,142,1439,402,425,128,437,128,131,39,-265
6358,1433,1413,470,1402,525,427,173,1443,405,504,175,471,164,183,60,-290
6036,1416,1400,547,1417,540,474,179,1425,466,548,171,521,188,188,90,-302
14779,205,202,1,202,3,4,0,205,1,3,0,1,0,0,0,61
2997,965,967,910,967,854,726,737,965,731,854,734,910,734,737,818,-174
1735,54,59,712,55,716,1,43,61,0,705,49,709,45,50,10612,11
3280,1057,1105,820,1104,873,694,655,1053,726,876,671,825,670,651,546,-264
3224,1096,1047,821,1041,833,690,710,1075,674,848,677,848,671,689,662,-252
1926,377,396,707,377,742,307,1156,368,318,732,1164,735,1145,1147,4009,205
2019,467,452,769,457,778,405,1154,435,398,815,1146,796,1151,1122,3242,163
1734,48,50,720,50,720,0,26,52,0,716,28,716,28,30,10688,9
7542,1420,1416,354,1415,319,349,85,1418,352,320,78,357,77,83,21,-197
2768,877,900,807,901,924,703,811,873,679,929,858,810,859,807,1100,-131
7874,1360,1413,310,1410,311,293,73,1360,343,308,76,313,73,73,16,-168
4031,1261,1242,780,1250,760,643,473,1248,655,781,442,785,450,460,345,-354
3894,1229,1186,818,1244,764,652,491,1233,621,818,479,756,537,495,389,-335
2529,712,752,853,747,928,564,943,727,588,908,959,843,954,958,1641,-44
2756,898,908,880,892,908,643,830,906,617,884,866,888,850,838,1042,-160
14170,347,345,5,345,11,11,0,347,9,11,0,5,0,0,0,86
3995,1234,1245,781,1261,781,577,497,1235,632,796,453,764,469,498,388,-342
2840,910,936,895,910,893,612,806,887,617,890,827,944,801,783,1055,-174
10260,1098,1090,162,1078,154,137,22,1089,126,151,25,183,13,13,5,25
1738,76,75,689,71,697,6,230,71,5,698,230,698,226,225,9871,63
2758,887,879,902,896,891,661,832,880,646,915,839,892,856,825,1047,-142
1945,373,392,693,360,753,320,1146,365,316,729,1169,733,1137,1138,4037,217
14194,335,340,18,339,7,4,0,335,8,6,1,19,0,0,0,91
4553,1343,1342,706,1367,707,579,350,1346,569,729,359,678,384,353,241,-367
2360,682,681,843,678,926,571,1017,678,570,927,1017,850,1014,1013,1779,9
4875,1402,1418,692,1425,621,584,287,1407,601,623,286,680,293,292,120,-391
1761,133,132,674,140,692,34,601,142,36,691,598,657,606,610,8099,147
10650,1032,1035,142,1037,122,112,15,1032,116,124,14,140,16,15,4,38
2580,770,763,869,777,897,603,913,785,569,896,940,840,954,928,1522,-72
1751,136,125,647,130,660,28,498,121,31,680,484,657,489,483,8686,118
3141,1055,1016,855,1027,884,704,693,1037,669,913,689,862,700,675,686,-239
4150,1287,1297,739,1298,766,636,423,1282,650,772,419,743,420,418,306,-363
6474,1454,1421,462,1430,469,427,157,1454,398,478,153,453,162,157,57,-296
2479,779,742,910,769,817,628,982,760,618,863,955,902,982,963,1457,-51
3295,1105,1094,866,1104,878,685,612,1128,653,865,633,833,643,635,577,-292
1788,173,181,656,176,677,97,770,179,93,666,782,655,777,776,7160,195
4536,1299,1316,721,1295,664,583,416,1293,603,649,413,748,392,410,268,-347
9561,1217,1202,185,1198,199,171,28,1212,153,200,31,194,27,23,5,-12
2084,550,559,788,541,764,450,1110,550,450,746,1119,806,1101,1110,2878,99
2361,703,686,818,688,916,551,1035,702,543,919,1026,817,1028,1034,1779,-10
2640,800,832,916,814,852,635,899,791,690,843,876,943,858,890,1327,-84
9256,1262,1268,192,1273,199,171,38,1254,183,212,32,195,37,30,4,-61
3296,1064,1082,926,1114,816,648,630,1119,647,793,649,839,681,685,617,-280
4502,1314,1285,729,1289,739,569,406,1322,586,735,360,717,364,414,275,-363
1872,309,315,654,292,733,236,1106,308,224,711,1124,678,1101,1105,4838,236
1758,144,137,697,159,683,69,715,143,68,706,709,676,731,714,7497,183
6538,1420,1378,482,1384,492,437,151,1417,382,501,164,479,170,148,63,-267
8382,1331,1326,308,1321,283,241,65,1312,243,297,58,332,53,46,8,-143
1832,236,236,715,231,712,134,956,231,154,712,936,725,931,951,5914,204
9313,1245,1227,213,1236,190,215,26,1251,195,193,28,198,37,32,7,-51
2773,903,921,932,910,829,659,836,922,675,799,838,924,827,855,1003,-170
3458,1104,1114,865,1154,825,618,612,1095,631,874,609,834,649,603,561,-288
2146,556,537,809,554,804,459,1110,536,469,841,1081,812,1098,1090,2704,106
2883,947,976,898,981,827,681,777,933,711,846,776,907,781,763,919,-197
1766,150,148,639,135,650,45,589,128,38,659,594,674,581,567,8243,147
1948,395,365,830,413,730,353,1164,385,348,788,1139,792,1187,1154,3615,199
2262,646,622,853,634,861,515,1101,620,544,899,1048,867,1060,1075,1999,51
9549,1177,1183,232,1184,197,156,38,1179,161,196,39,229,40,40,6,-25
5756,1465,1449,540,1426,533,494,211,1446,472,529,217,582,194,192,100,-353
9598,1142,1186,236,1176,198,146,37,1153,186,177,41,235,31,48,16,4
1909,312,330,760,350,746,255,1086,365,278,713,1081,687,1101,1139,4494,214
2031,478,463,907,487,845,423,1116,506,454,841,1070,855,1094,1144,2892,120
3848,1236,1227,817,1227,751,702,482,1236,691,751,484,817,484,482,371,-347
2063,403,440,848,459,797,374,1117,452,390,767,1138,780,1157,1166,3255,177
3172,1039,1067,916,1078,793,603,713,1046,677,797,667,898,678,720,742,-248
5345,1374,1414,582,1401,645,497,271,1374,519,632,289,595,276,271,121,-350
5567,1428,1388,555,1362,605,521,259,1432,493,575,247,577,221,263,113,-325
3367,1111,1114,809,1088,851,658,644,1118,644,818,661,828,635,651,609,-280
3806,1241,1220,758,1200,810,641,536,1215,662,816,494,804,474,510,419,-342
2307,643,634,841,653,856,548,1072,613,552,905,1059,852,1078,1042,1951,49
6952,1396,1387,418,1380,439,370,156,1382,375,446,142,439,135,142,47,-230
11536,875,869,93,867,93,89,11,871,85,95,9,99,7,7,0,64
8141,1322,1323,305,1315,337,271,84,1317,268,334,88,318,80,79,24,-135
2864,941,934,854,898,864,714,829,956,706,813,830,875,794,844,890,-138
2921,913,906,842,911,949,669,790,939,679,928,773,811,778,816,981,-153
4295,1332,1309,747,1351,707,620,388,1323,608,758,377,714,419,379,279,-370
13891,405,403,23,400,10,16,2,403,13,9,3,28,0,0,0,91
3470,1138,1112,847,1134,821,659,602,1128,646,853,589,835,611,592,569,-293
1738,69,75,706,76,697,10,238,81,6,686,248,693,249,250,9784,68
4761,1368,1348,675,1357,664,572,364,1333,596,708,320,701,329,329,181,-380
1970,415,394,766,405,779,328,1159,380,360,825,1106,790,1117,1124,3688,183
5104,1385,1372,671,1383,632,530,305,1385,554,643,268,660,279,305,130,-364
2183,577,568,849,583,888,536,1100,600,545,880,1082,811,1097,1123,2184,85
2621,828,869,896,851,870,652,882,846,659,834,916,896,898,900,1188,-114
3663,1182,1177,787,1161,861,634,543,1169,603,858,569,816,553,530,500,-327
2467,730,755,842,743,896,619,961,745,634,869,971,839,959,976,1600,-25
3522,1156,1143,831,1153,775,688,599,1135,687,806,587,842,597,578,507,-308
3161,1033,1029,890,1066,817,685,688,1044,696,843,673,842,710,699,730,-227
3895,1257,1220,834,1260,784,642,467,1269,628,812,444,782,484,479,349,-370
7179,1392,1426,411,1419,406,345,103,1408,371,383,111,402,104,119,27,-223
3775,1206,1210,761,1205,790,654,545,1189,671,802,532,783,527,528,428,-321
3497,1174,1143,846,1170,807,674,571,1196,659,812,555,797,582,593,530,-318
1810,189,211,700,215,678,128,893,237,135,634,908,648,912,941,6367,222
2449,733,778,851,771,904,637,953,741,662,889,973,850,966,961,1488,-43
6597,1432,1424,460,1428,464,407,145,1422,403,478,141,466,145,135,59,-282
5770,1469,1453,487,1428,584,486,221,1453,489,575,202,528,177,205,79,-346
1746,107,118,714,122,682,32,496,135,31,658,508,682,512,524,8539,124
12376,731,716,54,717,59,56,3,733,42,58,2,51,3,5,0,112
3894,1214,1162,786,1174,766,644,557,1183,625,809,524,805,536,526,401,-318
3422,1128,1176,813,1142,875,666,597,1123,706,846,605,852,571,592,492,-312
2999,974,986,864,1016,840,691,738,986,684,858,757,822,787,750,854,-193
11692,867,871,76,868,71,68,1,870,66,65,7,76,4,4,0,104
4220,1326,1339,718,1317,772,642,391,1321,634,755,412,745,390,386,238,-387
3727,1198,1169,786,1171,800,656,579,1194,689,806,517,788,519,575,432,-303
2468,737,732,904,738,890,608,978,745,596,888,985,890,991,986,1470,-31
2855,955,934,866,952,902,686,796,967,680,908,781,836,799,808,881,-192
2064,508,476,805,489,790,434,1181,496,465,815,1118,804,1131,1169,2861,144
1807,224,189,696,233,660,115,918,188,121,740,877,688,921,882,6347,207
3007,980,968,891,973,842,668,749,972,667,855,738,894,743,741,918,-194
3037,967,977,895,994,844,672,764,987,727,841,719,858,736,784,804,-197
2445,754,745,943,754,868,648,946,761,614,870,971,927,980,953,1427,-49
5321,1372,1349,636,1347,616,490,299,1373,465,613,301,637,299,300,188,-345
2075,488,496,785,501,830,428,1138,497,434,826,1140,771,1145,1147,2905,144
2587,802,782,843,782,885,599,955,760,609,927,925,885,925,913,1427,-72
6673,1431,1428,455,1429,452,399,135,1436,384,448,147,449,148,140,52,-270
3259,1071,1082,822,1072,862,721,642,1114,695,809,679,789,669,685,635,-246
3274,1101,1095,827,1102,876,686,639,1103,665,881,654,818,661,641,583,-281
6627,1430,1435,442,1431,446,385,170,1418,416,454,144,458,140,158,52,-275
2699,878,881,866,911,880,702,841,875,687,913,859,839,889,838,1048,-135
3487,1131,1144,853,1136,803,676,589,1140,686,786,592,852,584,598,549,-281
1866,281,287,706,271,708,203,982,267,193,706,998,736,982,968,5452,204
2407,676,720,867,698,875,588,993,702,569,827,1056,863,1034,1019,1712,-5
1734,70,64,708,70,696,5,217,64,3,708,213,708,219,211,9916,60
6114,1444,1469,475,1451,511,467,174,1445,467,492,199,492,181,175,50,-300
3268,1074,1041,836,1100,813,618,706,1053,638,893,653,798,712,685,718,-257
2703,808,856,927,876,935,652,802,847,636,916,866,868,886,841,1187,-123
4001,1276,1296,755,1293,784,623,457,1271,648,786,452,763,449,452,300,-360
1801,223,249,695,223,689,127,907,242,133,644,927,702,901,926,6217,198
2118,544,533,903,544,828,499,1090,553,476,830,1102,883,1113,1099,2491,95
2803,929,929,864,900,901,641,844,947,647,854,838,875,809,862,963,-173
2458,777,744,863,734,835,580,1007,750,590,852,964,900,954,980,1618,-50
11887,813,826,76,820,82,43,9,811,55,78,10,84,4,7,1,118
2312,616,626,837,618,851,504,1043,594,480,865,1077,867,1069,1021,2226,52
5195,1395,1377,643,1400,590,564,284,1385,576,623,254,630,277,274,139,-352
2151,561,519,828,535,724,484,1143,531,487,770,1098,842,1114,1113,2706,129
10057,1127,1133,158,1137,152,153,21,1128,159,155,21,153,25,22,5,18
2945,934,910,936,906,872,632,781,973,622,829,767,901,763,820,1015,-173
2114,500,516,773,493,772,395,1157,491,440,758,1128,805,1105,1148,3011,147
6955,1462,1428,413,1432,395,413,108,1472,384,389,103,399,107,118,28,-230
13571,477,478,20,477,21,15,4,473,18,24,2,25,1,0,0,104
5901,1436,1426,502,1420,560,486,200,1440,464,550,212,504,206,204,95,-323
4393,1332,1342,642,1328,722,629,418,1293,676,747,381,695,367,379,262,-341
2309,647,658,851,630,873,600,1031,639,594,853,1048,887,1020,1023,1943,36
2225,604,613,797,592,852,464,1080,586,450,849,1103,836,1082,1062,2411,55
2412,696,689,868,688,903,636,989,713,605,885,1013,852,1012,1006,1639,21
3432,1107,1066,830,1090,842,620,664,1086,639,887,604,827,628,643,641,-274
8374,1326,1324,281,1327,290,274,58,1321,274,298,56,283,59,53,8,-155
3102,1032,1013,817,1033,885,704,741,1000,738,937,688,829,708,709,670,-225
3031,967,940,894,976,868,646,765,934,659,937,725,891,761,732,880,-197
3145,1012,1012,854,1019,909,619,718,1029,620,899,717,830,724,735,764,-229
6777,1422,1445,456,1442,417,372,131,1430,386,406,140,451,137,139,55,-231
2316,638,643,903,646,860,606,1029,657,601,844,1039,881,1042,1048,1853,46
2753,878,864,892,840,872,626,852,858,550,868,914,936,890,832,1181,-139
2104,494,513,804,499,798,444,1139,494,461,784,1141,818,1127,1139,2847,145
7053,1398,1401,413,1392,434,399,104,1427,371,396,135,393,126,133,31,-239
1848,277,265,681,268,658,193,1033,252,192,686,1022,703,1025,1008,5495,228
1772,165,153,642,146,653,40,578,149,26,662,580,665,573,562,8240,130
5884,1427,1442,525,1438,553,486,194,1432,502,544,193,524,189,199,74,-320
3513,1108,1117,851,1144,834,645,604,1107,650,862,608,825,635,603,500,-296
15140,115,117,0,117,0,0,0,115,2,0,0,0,0,0,0,34
1756,120,121,669,126,674,24,476,126,25,673,476,658,481,482,8719,118
2399,671,679,839,668,882,571,1031,698,588,844,1022,823,1011,1058,1822,35
2331,675,667,896,681,860,560,1028,678,554,871,1026,879,1040,1031,1829,1
3835,1189,1140,838,1116,784,692,531,1193,614,756,560,858,536,535,429,-290
2771,915,927,888,907,894,613,836,913,645,876,816,910,796,834,1065,-191
1792,208,213,686,202,697,142,887,208,116,686,918,697,907,887,6360,211
3621,1185,1176,807,1209,804,652,557,1158,672,864,528,801,561,530,481,-304
3676,1194,1199,812,1196,779,669,531,1188,649,782,556,821,553,525,476,-344
3259,1065,1103,871,1143,877,656,623,1095,690,887,627,801,667,653,589,-291
3447,1109,1139,844,1099,854,632,608,1105,644,818,626,888,586,604,603,-292
3195,1038,1019,845,1020,850,668,710,1028,638,861,721,854,722,700,737,-227
5372,1424,1414,616,1437,603,484,257,1428,502,622,229,589,252,261,116,-364
1960,381,367,739,387,729,301,1097,367,293,763,1091,733,1111,1083,4204,191
4494,1313,1328,762,1368,680,572,376,1310,605,723,358,725,398,373,221,-370
1771,181,180,634,170,656,73,715,171,69,656,718,654,708,705,7545,168
4361,1263,1284,734,1266,782,582,417,1284,609,743,411,731,393,438,308,-318
4307,1367,1329,733,1324,660,631,416,1346,597,676,412,759,407,395,247,-382
2586,823,812,878,808,906,626,925,829,636,896,904,876,900,931,1270,-91
2455,723,749,878,735,880,558,981,755,577,834,988,860,974,1013,1646,-44
9413,1211,1213,206,1220,203,198,28,1220,202,201,26,190,33,37,5,-47
1745,86,84,685,78,681,3,184,81,3,680,182,696,176,179,10063,41
8307,1314,1325,309,1331,289,271,60,1319,276,290,66,298,72,65,14,-139
3013,1020,1035,881,1041,893,674,716,1036,692,883,713,859,719,732,699,-248
3591,1101,1162,857,1136,829,621,558,1138,649,766,591,846,565,595,601,-297
6667,1429,1444,451,1452,455,395,130,1432,410,460,130,440,138,133,40,-283
3445,1153,1115,859,1131,797,648,632,1124,653,842,589,872,605,603,538,-299
2103,496,514,815,489,832,464,1127,532,479,771,1130,804,1105,1163,2782,141
3493,1136,1116,824,1139,809,691,593,1146,674,822,590,791,613,603,566,-290
2405,679,715,859,721,915,552,999,686,583,914,1004,846,1010,1006,1712,-5
1863,272,279,672,287,746,231,1035,297,233,729,1040,639,1048,1060,5175,236
1744,93,86,703,97,682,15,378,90,17,696,369,695,380,375,9186,100
14734,210,212,7,212,3,3,0,210,5,3,0,7,0,0,0,58
3242,1041,1047,878,1049,804,673,710,1001,715,846,674,916,676,670,664,-237
8187,1374,1359,278,1357,290,283,63,1373,271,289,60,281,58,62,21,-142
8019,1361,1372,296,1368,314,293,78,1352,323,319,59,309,55,69,19,-162
2563,753,796,842,794,936,624,915,801,614,886,968,796,966,963,1389,-56
2075,483,458,830,490,824,436,1100,488,395,851,1116,793,1148,1105,3014,135
3683,1172,1175,767,1171,847,673,553,1162,648,853,581,781,577,543,420,-283
2035,445,455,778,451,760,351,1145,462,363,739,1143,765,1139,1162,3413,161
3597,1140,1151,829,1146,800,640,579,1112,631,823,599,862,594,551,552,-285
4587,1374,1349,740,1350,667,578,359,1375,560,667,352,738,353,360,197,-353
3604,1184,1151,839,1172,780,674,568,1173,639,812,570,829,591,557,463,-315
2253,597,603,855,617,869,560,1023,624,515,856,1074,814,1088,1050,2208,65
2081,496,511,833,487,809,479,1126,521,440,760,1180,832,1156,1151,2744,139
8157,1333,1327,355,1349,295,263,67,1351,273,299,51,315,73,85,13,-128
1919,354,335,719,374,722,305,1122,346,288,769,1120,688,1159,1114,4272,215
2934,986,1000,888,984,876,651,747,996,667,850,745,894,729,757,902,-224
1736,64,60,702,56,706,1,77,51,1,715,73,719,69,64,10512,19
3456,1136,1161,843,1143,805,668,595,1132,684,791,604,865,586,591,546,-321
2904,900,929,921,947,875,705,750,918,714,875,770,885,788,768,957,-150
1750,113,116,678,122,678,31,490,129,26,668,498,656,504,506,8641,126
1793,200,208,687,203,672,114,851,212,105,655,868,680,863,863,6632,200
4051,1252,1238,734,1216,824,646,473,1243,640,811,465,765,443,464,341,-335
1924,348,365,730,336,763,279,1102,367,277,715,1121,740,1092,1121,4326,203
3292,1055,1041,873,1077,811,687,668,1036,688,866,653,856,689,649,665,-239
2088,514,489,782,482,829,477,1128,470,441,866,1139,833,1132,1084,2852,138
8074,1351,1340,325,1348,315,280,74,1342,280,332,63,326,71,65,20,-150
2374,732,724,902,739,891,592,1011,732,603,906,992,887,1007,1011,1503,-33
13774,437,432,19,431,10,19,1,437,13,9,2,20,1,1,0,98
11302,948,948,85,943,76,79,10,949,78,70,11,89,6,11,1,106
2024,455,443,816,447,778,364,1147,460,368,777,1131,807,1135,1152,3302,152
2176,544,564,869,565,830,528,1088,585,516,790,1120,827,1121,1129,2354,110
5939,1428,1374,551,1402,533,483,215,1437,463,552,181,514,209,224,101,-294
9120,1235,1237,215,1244,250,201,46,1231,203,261,46,212,53,42,10,-66
4216,1292,1304,735,1295,772,632,410,1266,621,789,433,770,424,384,263,-363
6668,1445,1418,446,1419,455,396,152,1439,378,462,143,451,144,146,44,-245
3500,1140,1143,805,1125,843,652,608,1127,655,838,608,836,590,595,541,-297
2915,1023,1015,886,1026,899,689,724,1055,688,878,717,843,728,756,764,-258
3473,1116,1118,826,1101,845,693,599,1107,660,837,634,852,617,590,538,-277
2194,599,594,893,589,822,492,1083,563,502,853,1068,934,1063,1047,2310,60
2710,862,883,882,881,902,613,868,890,633,872,869,856,867,896,1122,-126
3516,1129,1129,827,1100,788,711,592,1131,685,757,618,854,589,594,586,-267
3326,1104,1138,826,1095,887,696,618,1124,711,824,637,849,594,638,539,-285
2490,696,710,892,697,883,570,982,721,557,845,1009,880,996,1007,1671,-10
1750,114,106,679,125,654,31,402,111,16,676,409,663,428,399,9043,102
3499,1123,1094,765,1077,884,677,640,1110,678,880,610,795,593,627,554,-255
13489,503,493,17,493,25,24,1,504,15,24,0,16,0,2,0,103
1757,98,90,688,105,691,23,406,100,20,704,401,671,416,408,9028,110
8118,1346,1337,314,1347,288,299,79,1333,310,311,59,317,69,66,13,-152
2651,801,832,908,868,920,567,871,837,597,920,872,836,908,907,1311,-113
2680,834,824,852,799,931,657,880,862,656,878,871,849,846,908,1279,-103
3759,1146,1186,802,1196,800,650,532,1163,676,793,546,775,556,549,477,-297
6067,1457,1466,445,1446,525,454,206,1413,479,549,190,509,170,162,68,-312
3066,968,994,850,989,875,625,765,964,640,874,776,859,771,761,829,-206
3141,1091,1061,853,1081,853,661,694,1055,647,909,678,869,698,658,657,-282
1909,355,355,729,347,753,312,1111,352,295,748,1128,740,1120,1108,4244,211
8235,1347,1362,306,1354,298,237,64,1349,254,288,62,312,54,66,18,-120
4107,1250,1262,746,1261,777,645,455,1241,665,785,447,756,446,446,317,-351
1971,422,396,778,426,770,379,1158,410,376,812,1135,760,1165,1146,3502,190
9574,1168,1200,215,1202,179,170,29,1173,191,176,40,208,42,34,5,-38
2776,852,898,886,862,962,641,817,927,638,851,866,847,830,892,1061,-132
5728,1409,1391,548,1420,539,489,245,1379,478,598,238,549,267,215,113,-333
6039,1426,1441,534,1446,503,456,185,1425,477,509,179,530,184,184,88,-302
2526,757,744,907,749,862,600,958,776,600,848,945,883,950,977,1524,-40
1796,233,216,656,217,695,149,961,189,144,740,949,699,950,917,6095,225
11953,802,790,71,795,82,65,10,799,58,90,5,69,10,7,0,77
1775,153,173,657,144,674,52,644,161,53,637,663,678,634,652,7856,155
5899,1459,1460,509,1456,517,523,174,1469,509,503,189,503,185,184,67,-357
1974,406,418,802,383,755,384,1124,403,343,723,1177,840,1142,1121,3611,195
1756,139,138,674,134,676,54,641,131,45,680,649,686,645,633,7925,163
2207,568,559,837,582,848,496,1094,575,524,864,1057,807,1080,1101,2407,85
8720,1295,1301,270,1321,242,225,45,1296,244,261,32,249,52,46,7,-75
5123,1322,1369,621,1371,677,537,299,1340,576,661,307,601,309,317,176,-341
6745,1443,1427,445,1428,436,367,144,1424,352,456,143,463,144,125,64,-238
2678,893,854,869,851,908,643,863,875,585,923,882,890,879,845,1168,-144
3591,1145,1177,770,1169,858,660,566,1129,668,866,590,794,582,550,491,-308
4634,1389,1323,692,1338,681,599,357,1383,554,702,336,683,351,351,233,-375
6300,1410,1444,506,1437,479,436,165,1410,466,472,169,513,162,165,72,-302
4600,1324,1298,721,1316,721,618,352,1331,588,732,356,696,374,359,220,-378
4842,1377,1365,658,1374,633,595,349,1364,638,655,294,662,303,336,161,-354
4135,1300,1258,731,1271,776,658,446,1291,625,798,437,727,450,437,266,-361
4563,1375,1370,661,1369,686,594,362,1369,585,691,366,668,365,356,226,-378
2171,566,568,835,594,807,476,1099,571,494,828,1083,804,1109,1104,2497,72
2949,963,995,895,1009,865,620,752,991,640,851,764,853,778,780,901,-221
4775,1309,1332,644,1326,692,586,367,1302,609,693,367,657,361,360,226,-328
3644,1168,1127,760,1148,783,683,617,1152,665,820,594,755,615,601,474,-297
3376,1138,1147,818,1129,818,691,639,1122,727,816,612,852,594,623,504,-295
3298,1129,1137,822,1129,860,660,625,1115,653,866,640,844,632,611,585,-307
8156,1336,1336,332,1332,298,283,64,1332,268,298,79,340,75,60,17,-125
3738,1210,1205,831,1186,800,644,520,1233,638,758,521,827,502,543,450,-332
3283,1051,1045,841,1067,855,659,679,1029,690,899,642,841,664,657,704,-255
2389,711,694,844,706,862,602,1016,668,599,917,1002,875,1014,973,1734,-3
3576,1176,1152,811,1144,815,683,573,1143,668,840,564,852,556,540,513,-315
2216,645,642,795,583,884,548,1088,619,536,851,1097,880,1038,1062,2122,56
4082,1340,1308,706,1302,768,695,410,1334,640,768,433,718,427,404,271,-391
6381,1402,1421,479,1416,510,421,168,1413,437,494,171,473,166,179,75,-280
12012,786,789,69,784,70,71,8,784,75,67,7,76,2,6,0,92
3697,1276,1206,794,1208,780,693,531,1226,653,832,501,842,503,481,383,-351
1737,57,55,707,53,715,1,65,54,0,716,64,712,62,62,10546,18
5974,1424,1457,531,1473,511,512,151,1450,523,501,173,489,189,177,71,-330
4364,1277,1345,693,1298,742,608,395,1278,634,694,437,739,390,396,316,-354
7028,1452,1441,386,1446,413,380,105,1452,382,418,92,381,97,105,28,-253
2642,844,871,914,859,926,648,861,847,685,911,851,923,839,864,1121,-140
8605,1288,1300,292,1303,251,233,60,1291,248,251,57,286,60,63,18,-85
2438,742,737,863,717,901,581,977,736,552,887,1001,889,981,971,1633,-50
4287,1301,1270,824,1282,712,623,414,1317,614,708,392,796,404,430,232,-373
3703,1155,1188,812,1158,782,666,565,1137,687,770,577,860,547,547,452,-304
3850,1156,1191,813,1190,688,683,542,1145,684,698,576,825,575,531,459,-272
2035,449,493,785,455,817,392,1123,464,411,764,1148,808,1110,1138,3214,154
10316,1089,1082,121,1084,177,124,26,1080,117,188,26,128,28,17,3,37
3471,1085,1104,856,1069,803,694,620,1098,690,755,643,878,608,633,599,-252
5378,1403,1420,616,1426,634,459,256,1433,475,610,257,580,263,286,110,-356
13325,529,524,33,525,26,28,1,528,23,28,1,33,2,0,0,101
1844,241,224,719,250,673,157,920,238,133,702,927,696,953,917,6012,206
12730,642,650,44,653,47,42,3,641,51,51,2,42,5,2,1,92
1902,333,333,708,350,723,224,1097,331,257,742,1064,693,1081,1095,4673,208
3817,1186,1180,870,1187,761,677,513,1221,691,733,493,828,500,548,401,-308
2137,516,505,862,518,801,531,1087,543,468,787,1139,822,1152,1114,2624,148
4327,1309,1318,768,1320,708,581,409,1317,590,702,409,758,411,417,262,-358
14464,277,272,6,272,8,9,1,276,5,9,0,7,0,0,0,74
5540,1405,1427,589,1414,582,475,253,1416,503,558,247,591,234,264,108,-348
3047,1060,1007,890,1046,851,701,710,1057,696,893,662,854,701,707,724,-269
3475,1187,1153,815,1170,830,661,606,1143,675,891,558,842,575,562,463,-337
14904,174,174,1,174,1,1,0,174,1,1,0,1,0,0,0,52
2983,975,978,869,976,871,694,741,985,650,859,788,861,786,751,839,-190
3442,1169,1153,806,1141,858,632,621,1165,656,850,581,822,569,617,524,-327
2545,807,809,878,804,899,676,916,784,677,917,917,906,912,893,1266,-89
4232,1336,1327,737,1340,692,640,421,1322,670,719,382,738,395,407,248,-371
1947,387,390,761,385,782,382,1131,394,377,770,1139,759,1134,1138,3730,208
3331,1083,1120,811,1136,847,643,662,1059,714,887,628,819,644,638,584,-270
2489,806,773,837,742,876,581,990,781,566,870,972,893,941,965,1524,-72
15260,86,86,0,86,0,1,0,86,1,0,0,0,0,0,0,25
2584,838,872,853,818,905,699,885,831,702,858,916,914,862,878,1191,-111
6897,1454,1431,402,1438,413,396,124,1451,380,423,117,398,124,121,37,-260
2622,832,840,903,837,866,582,924,800,608,895,906,938,903,892,1258,-120
3610,1141,1158,818,1139,801,700,587,1153,732,770,572,825,553,599,448,-270
2943,935,920,874,926,906,652,805,930,659,917,783,873,789,800,894,-178
2049,450,479,753,450,802,397,1124,456,411,767,1139,776,1110,1130,3313,162
2698,844,835,911,836,820,655,909,813,670,852,885,941,886,878,1173,-94
2623,824,799,844,795,830,564,989,805,569,845,959,867,955,970,1368,-75
1934,380,377,771,372,842,329,1094,399,333,818,1087,757,1082,1113,3918,168
6440,1405,1385,521,1390,494,424,169,1415,420,489,153,506,158,179,58,-274
3229,1043,1082,849,1081,878,674,647,1057,690,863,670,836,669,661,677,-279
6706,1451,1431,454,1444,399,440,128,1452,428,411,120,440,133,129,40,-264
3652,1172,1169,820,1168,777,659,576,1148,657,800,575,845,574,552,462,-314
1826,268,281,691,262,678,209,1047,263,204,664,1065,715,1046,1042,5345,238
3432,1106,1095,839,1103,805,666,644,1071,686,848,613,866,621,609,602,-272
2000,420,428,747,430,781,396,1146,426,390,777,1160,739,1162,1152,3452,196
3193,1025,1029,887,1022,842,670,665,1059,639,801,700,860,693,699,822,-228
3856,1169,1154,840,1146,812,643,517,1202,637,771,508,815,500,550,486,-301
13816,422,421,18,422,19,13,1,422,13,20,0,17,1,1,0,99
12170,767,763,71,767,49,57,5,767,56,53,2,67,6,5,1,102
3458,1194,1154,834,1167,813,747,569,1171,715,849,561,844,574,546,410,-316
5055,1433,1432,619,1433,636,561,264,1433,552,637,272,618,273,264,124,-383
2137,548,551,790,512,841,503,1114,539,482,811,1138,838,1099,1105,2598,120
2683,863,861,952,897,882,606,845,885,631,896,818,894,854,867,1172,-164
2103,559,531,845,549,757,452,1134,529,482,805,1076,857,1094,1104,2729,97
7361,1401,1420,363,1427,366,347,95,1400,361,374,100,357,107,94,33,-236
1838,294,286,699,299,708,222,1045,296,216,719,1043,684,1056,1047,5154,212
1809,197,209,713,226,702,118,886,230,130,686,886,663,903,919,6329,204
2775,907,918,827,898,921,638,846,891,616,917,879,863,859,830,1021,-166
1846,271,282,686,284,720,195,1050,290,221,703,1035,665,1037,1069,5252,225
8192,1334,1350,314,1355,321,261,52,1358,272,302,57,285,62,76,15,-149
2220,605,594,874,608,912,550,1056,606,547,925,1048,859,1062,1057,2083,53
2798,914,916,908,925,839,657,833,905,653,857,839,908,848,824,982,-153
6959,1398,1396,476,1403,399,348,137,1399,341,405,142,468,149,138,48,-226
3002,1019,992,914,1025,885,684,689,1049,636,888,710,851,743,719,800,-253
4732,1339,1344,669,1317,720,546,367,1317,555,715,363,718,336,345,223,-354
2300,611,617,831,621,853,527,1062,590,517,878,1078,848,1082,1041,2150,55
3721,1210,1228,845,1218,789,642,517,1195,652,794,525,870,515,502,383,-329
2049,459,468,794,439,817,355,1126,451,351,796,1139,831,1110,1118,3303,142
5767,1413,1389,565,1376,534,537,230,1405,526,529,217,586,204,222,106,-310
2420,736,726,813,720,879,644,982,715,639,894,977,840,971,961,1689,-21
1894,321,341,725,321,719,276,1058,333,233,687,1121,733,1101,1070,4673,216
1810,236,212,687,228,655,146,940,219,139,688,923,688,939,923,6173,214
15570,9,9,0,9,0,0,0,9,0,0,0,0,0,0,0,3
2994,1041,1034,846,1041,901,674,727,1033,672,916,722,847,729,719,710,-253
1926,394,354,794,395,723,320,1121,370,309,788,1092,777,1133,1097,4013,176
2229,605,607,841,616,846,569,1079,605,533,855,1117,832,1126,1079,2067,74
2573,759,784,899,769,906,648,915,773,625,877,963,900,948,929,1338,-54
3488,1160,1147,788,1149,826,706,606,1145,699,843,600,801,602,591,455,-297
4044,1267,1263,715,1228,764,619,513,1239,638,757,490,778,455,485,351,-327
5797,1446,1433,570,1452,529,462,209,1448,466,546,192,549,211,211,85,-346
1736,67,63,711,69,695,5,179,64,4,704,176,708,182,176,10067,50
2324,677,688,810,673,877,537,1028,656,536,883,1040,846,1025,1007,1999,14
4178,1223,1221,747,1203,761,707,451,1221,681,745,475,767,457,449,320,-303
1816,198,218,698,213,733,125,931,210,157,716,919,691,914,943,6124,222
3750,1156,1136,860,1156,808,617,543,1211,594,773,546,785,566,598,507,-304
9986,1128,1147,147,1140,188,143,26,1123,162,186,26,159,19,21,5,12
9164,1257,1245,218,1235,206,219,43,1253,203,200,47,232,37,39,8,-54
1828,263,270,675,267,714,178,965,286,163,688,987,655,984,988,5695,201
14178,341,331,13,332,14,19,0,341,9,15,0,12,1,0,0,78
6452,1426,1398,501,1410,485,436,153,1439,407,484,154,476,166,166,53,-271
1911,342,365,783,364,756,303,1083,378,273,719,1136,748,1135,1119,4191,197
3312,1103,1067,864,1088,831,673,653,1097,658,858,632,849,653,647,621,-286
5776,1410,1437,569,1427,511,484,221,1389,504,522,228,600,218,200,110,-339
1860,269,279,700,277,718,233,1007,268,225,717,1025,703,1023,1006,5296,229
3887,1243,1265,768,1243,778,637,493,1262,644,737,508,771,486,512,372,-357
14770,207,203,0,203,6,4,0,207,0,6,0,0,0,0,0,61
6702,1421,1412,466,1398,488,384,137,1424,367,471,145,477,131,140,43,-263
7685,1376,1374,356,1366,354,312,92,1372,307,350,95,368,87,88,24,-188
10749,1034,1033,103,1033,123,111,13,1033,112,124,11,104,11,12,0,60
3983,1286,1268,738,1270,764,710,445,1305,677,747,460,717,462,464,310,-350
1794,175,184,691,180,697,85,793,189,83,679,804,681,800,807,6964,187
4540,1353,1362,695,1371,680,578,365,1335,580,707,372,704,381,347,236,-382
4226,1263,1296,757,1313,702,621,424,1261,642,721,436,742,453,422,327,-334
4135,1272,1237,721,1238,762,643,477,1266,630,769,455,726,456,471,348,-321
10217,1072,1104,168,1088,182,130,13,1094,140,144,35,162,19,35,3,19
3265,1089,1120,830,1104,880,723,616,1116,710,837,660,819,644,643,550,-280
4746,1359,1379,661,1374,720,575,310,1381,558,693,347,644,342,332,185,-387
3805,1254,1223,795,1237,809,637,512,1235,634,842,484,800,498,493,348,-361
