Pattern 1,Pattern 2,Pattern 3,Pattern 4,Pattern 5,Pattern 6,Pattern 7,Pattern 8,Pattern 9,Pattern 10,Pattern 11,Pattern 12,Pattern 13,Pattern 14,Pattern 15,Pattern 16,Perimeter_8_Async
456,323,344,230,331,280,244,189,332,239,258,215,234,202,198,150,4252
0,4,2,65,4,64,5,106,2,4,68,105,65,107,104,3520,4234
793,396,378,232,380,226,189,132,398,176,226,127,228,129,134,81,3797
1668,430,440,102,444,115,108,34,427,117,122,35,101,39,31,12,2782
709,401,398,236,400,211,233,119,409,221,205,128,226,130,127,72,3970
238,246,228,250,224,249,231,315,236,242,255,286,264,282,305,374,4460
22,71,79,130,65,182,135,434,62,132,177,445,153,431,425,1282,4470
164,206,202,269,185,240,233,346,192,243,237,332,300,315,332,429,4537
1224,434,442,169,446,162,151,59,442,157,158,61,157,65,67,31,3309
100,169,164,272,173,222,237,349,179,220,221,361,253,370,359,576,4582
434,310,338,237,323,262,257,200,306,258,251,227,256,212,196,158,4306
448,336,333,240,332,278,235,193,338,227,275,198,239,197,195,161,4239
190,224,211,256,219,287,234,308,223,236,296,293,249,301,307,391,4505
603,359,378,220,390,228,235,160,361,257,238,157,206,169,162,102,4114
1793,422,425,87,422,114,111,25,423,108,110,31,89,28,26,11,2651
41,76,86,174,77,189,155,397,70,137,186,425,189,416,391,1216,4476
3,10,10,75,13,69,14,198,13,15,69,197,69,200,201,3069,4251
308,286,271,265,280,267,253,247,284,251,278,234,258,243,245,255,4421
224,218,235,241,215,270,220,324,222,261,246,300,257,280,328,384,4482
652,389,384,276,382,234,207,128,394,198,227,132,273,130,133,86,3978
4083,34,36,0,36,0,0,0,34,2,0,0,0,0,0,0,144
222,256,222,246,225,252,265,297,253,245,258,283,246,286,294,375,4513
528,352,353,243,340,253,255,169,350,242,242,183,258,170,167,120,4194
4111,28,28,0,28,0,1,0,28,1,0,0,0,0,0,0,116
168,212,213,240,224,253,241,316,208,248,268,310,233,321,312,458,4546
1159,436,445,174,453,165,165,61,440,172,169,63,162,71,65,25,3403
266,247,238,256,252,256,245,289,246,259,271,266,243,280,288,323,4463
232,234,232,253,246,245,234,314,227,246,266,300,246,314,307,329,4473
3632,142,141,6,141,5,3,0,142,2,5,0,6,0,0,0,598
1843,412,419,96,415,115,103,21,412,106,111,25,100,21,21,5,2591
555,340,333,249,344,263,221,179,336,221,278,172,242,183,175,134,4112
272,263,275,247,276,288,252,258,257,245,295,277,252,278,252,238,4450
84,141,139,233,140,243,221,383,151,217,234,385,222,386,393,653,4579
289,294,277,235,251,256,263,286,280,262,244,270,275,244,272,227,4461
81,127,143,248,131,243,179,389,146,202,212,382,241,370,408,723,4525
2053,405,397,63,402,83,94,21,399,88,94,19,64,24,15,4,2354
245,246,258,278,261,269,262,266,258,266,260,274,263,277,278,264,4508
2755,312,316,33,314,36,34,1,316,34,30,5,31,3,5,0,1538
3506,169,172,6,171,5,5,1,168,8,5,1,8,0,0,0,732
181,222,228,243,204,237,271,307,221,253,214,331,268,307,306,432,4568
144,182,183,250,173,270,226,342,194,221,248,348,248,338,354,504,4528
752,417,416,212,406,224,210,119,425,205,206,123,214,113,127,56,3888
839,401,408,214,411,197,204,114,410,219,191,106,202,109,123,77,3809
216,226,228,224,217,286,230,307,219,211,282,328,242,317,300,392,4450
1711,438,416,124,417,110,110,36,435,97,114,27,126,28,33,3,2721
5,24,23,91,15,104,38,320,14,42,106,315,109,307,310,2402,4300
189,228,211,236,197,254,243,332,227,232,241,326,251,312,331,415,4511
1,8,6,71,10,72,13,184,8,9,76,186,67,190,184,3140,4246
1536,445,436,136,439,121,132,35,441,121,128,37,137,40,31,10,2942
537,334,351,244,350,259,222,174,333,232,259,181,246,180,173,150,4142
3485,177,171,7,171,7,9,1,176,3,8,1,8,1,0,0,752
1,12,9,82,12,76,21,257,9,24,82,251,82,254,254,2799,4269
1,8,11,61,5,65,10,186,9,11,58,188,66,182,187,3177,4245
478,344,344,249,353,231,240,186,346,228,238,198,238,207,188,157,4215
3605,149,146,4,145,5,8,0,149,4,4,1,5,0,0,0,632
487,339,350,232,335,256,254,185,333,258,247,192,253,177,179,148,4250
1486,457,435,133,440,135,128,41,471,111,126,36,114,41,55,16,2978
390,304,335,252,322,289,236,195,310,239,270,223,259,210,201,190,4310
606,400,395,204,391,219,233,166,378,245,237,149,230,145,144,83,4097
13,39,34,144,38,131,90,406,47,93,127,398,132,402,414,1717,4395
1,6,8,64,5,66,14,139,8,6,61,149,65,146,141,3346,4244
3,17,20,65,14,81,24,243,9,24,83,246,79,240,235,2842,4270
171,210,216,269,216,263,218,314,225,237,248,301,254,301,329,453,4509
585,371,352,241,358,225,230,178,359,226,243,163,247,169,166,112,4096
63,112,113,191,118,207,209,373,126,171,198,412,172,417,387,956,4542
369,278,295,264,297,254,257,236,276,287,258,223,264,225,234,208,4400
4,16,20,79,11,89,27,294,16,31,80,294,88,285,294,2597,4279
412,313,299,271,314,265,243,210,317,241,276,198,252,213,214,187,4297
1745,435,438,87,434,118,109,25,437,109,112,28,89,24,27,8,2698
2926,275,273,29,274,44,23,3,275,22,45,2,28,3,3,0,1344
180,206,185,250,202,252,246,332,203,232,272,325,236,342,329,433,4523
245,225,242,265,246,238,237,293,219,234,248,313,267,317,287,349,4451
240,231,224,254,212,248,232,313,215,222,252,316,282,304,297,383,4439
1480,442,448,135,450,136,131,35,452,137,128,35,123,37,45,11,3013
278,259,265,241,272,261,250,274,252,262,275,268,241,275,267,285,4459
476,345,342,251,343,248,248,187,332,256,262,176,263,177,174,145,4253
31,49,71,157,64,170,113,409,58,123,154,421,155,414,418,1418,4430
1067,432,438,172,443,186,175,77,443,187,180,71,156,76,88,34,3520
118,167,183,259,189,247,225,349,172,238,248,352,248,358,354,518,4570
1004,431,438,181,431,195,186,82,429,190,190,85,190,78,80,35,3597
19,52,54,157,57,156,100,421,47,127,164,396,159,399,416,1501,4433
53,94,100,228,100,190,192,402,93,185,191,415,229,415,401,937,4549
11,28,30,105,29,112,62,360,21,63,118,361,113,360,353,2099,4339
48,93,92,216,106,208,171,387,96,154,219,403,199,417,390,1026,4502
2837,297,304,31,305,24,31,0,298,33,24,5,29,6,1,0,1452
44,93,69,189,91,189,146,415,88,128,216,409,172,431,410,1135,4455
2707,308,311,39,314,43,42,6,305,47,49,4,39,7,3,1,1607
74,103,114,204,103,207,191,403,106,188,193,417,212,406,406,898,4530
10,41,42,126,38,124,87,416,36,105,125,399,135,395,411,1735,4407
110,132,129,232,125,228,192,391,138,184,218,396,230,392,397,731,4491
71,115,123,229,128,227,186,405,119,203,228,396,220,401,409,765,4543
539,349,347,242,349,261,227,166,351,207,261,184,238,186,168,150,4120
731,405,400,203,382,234,232,130,394,215,227,142,232,124,119,55,3941
19,49,52,159,56,162,92,401,59,101,156,395,145,399,411,1569,4399
778,421,413,212,415,196,204,128,409,208,210,116,222,118,116,59,3859
21,59,85,181,76,210,145,410,86,146,174,435,163,426,437,1171,4495
312,293,260,251,271,270,261,257,267,258,307,227,266,238,231,256,4432
2667,325,329,31,323,41,38,9,317,40,43,11,45,5,1,0,1636
821,395,393,222,408,237,226,95,407,215,240,104,195,119,107,41,3845
509,335,347,268,359,245,227,177,346,230,246,186,245,198,188,119,4173
15,38,36,107,33,120,62,381,26,66,129,375,122,372,369,1974,4338
381,310,304,259,315,267,288,192,324,256,264,218,234,229,206,178,4388
1963,399,408,106,414,88,75,22,401,87,92,19,98,25,24,4,2424
10,30,37,118,36,123,66,358,30,59,122,372,119,371,358,2016,4340
310,271,271,275,266,259,270,239,283,258,242,251,268,246,251,265,4443
903,395,432,222,434,200,183,91,411,216,186,95,204,97,107,49,3721
193,227,228,284,224,264,240,290,230,235,257,296,285,292,293,387,4507
478,321,327,254,326,248,247,187,337,235,231,205,239,204,203,183,4229
78,98,103,240,112,207,174,396,114,184,200,391,215,400,412,901,4505
851,416,409,236,409,191,209,104,417,208,190,98,235,98,105,49,3791
62,108,99,237,112,193,182,408,111,166,203,415,221,428,411,869,4511
1047,426,416,205,437,166,158,93,427,163,186,78,183,99,94,47,3499
312,274,293,255,305,280,230,231,284,219,282,261,233,273,241,252,4362
43,116,124,185,110,230,158,412,107,175,225,403,208,389,403,937,4515
445,356,340,234,337,253,263,190,349,246,257,191,244,188,183,149,4289
47,99,102,207,104,197,178,419,92,187,206,413,212,415,412,935,4543
6,30,30,113,32,99,74,382,23,75,108,381,118,383,375,1996,4368
364,290,318,259,300,286,223,222,285,235,273,238,282,220,217,213,4319
262,251,258,271,263,261,260,256,252,248,265,275,265,280,257,301,4471
0,4,6,61,3,68,4,147,6,4,63,149,62,146,149,3353,4233
41,71,80,185,79,173,130,407,70,132,173,414,187,413,406,1264,4446
3405,191,189,13,190,8,9,0,192,7,8,0,11,1,1,0,836
31,61,57,171,54,167,119,412,68,127,157,400,167,397,419,1418,4440
19,33,34,131,44,127,74,398,33,80,137,393,121,403,398,1800,4360
370,329,315,247,308,252,232,235,322,221,252,232,261,225,228,196,4308
134,187,186,253,193,220,227,346,192,237,222,335,241,342,351,559,4555
112,178,168,252,177,273,245,342,198,232,262,345,223,354,362,502,4590
2003,401,412,82,415,103,74,14,407,82,100,17,73,20,20,2,2378
38,82,79,184,69,189,172,413,86,153,175,429,190,419,417,1130,4512
54,100,88,210,97,173,168,414,103,156,179,414,198,423,417,1031,4495
1092,454,454,169,438,174,182,65,453,171,159,76,186,60,64,28,3486
357,298,332,252,316,257,238,222,309,255,230,239,257,223,233,207,4361
3791,103,103,3,103,5,3,0,104,3,4,0,2,0,1,0,440
354,290,302,248,286,260,247,241,291,248,243,252,263,236,242,222,4366
2058,386,406,90,407,79,69,20,384,89,82,20,91,21,18,5,2325
314,276,274,280,271,271,258,230,288,250,256,236,271,233,242,275,4419
39,80,81,193,85,193,153,401,81,150,196,405,188,409,402,1169,4489
335,296,304,269,322,256,251,221,316,249,254,231,231,249,241,200,4390
686,380,378,221,378,225,239,139,370,225,235,151,231,151,129,87,4003
629,394,378,244,386,229,223,150,387,227,244,130,243,138,143,80,4046
2787,310,306,31,307,31,36,3,311,33,31,2,29,3,4,1,1507
183,203,218,251,223,271,257,308,209,277,270,303,240,308,314,390,4576
2507,346,351,48,350,56,42,6,347,43,54,10,48,9,7,1,1803
946,431,438,187,442,184,193,91,435,209,184,82,179,86,95,43,3681
573,338,350,252,341,253,230,164,344,231,238,175,255,166,170,145,4113
461,352,331,246,330,265,250,191,357,226,259,194,242,193,196,132,4240
264,241,232,263,226,265,270,278,258,250,242,289,252,283,295,317,4481
90,132,135,228,125,227,187,378,126,171,223,397,244,387,372,803,4493
1,19,16,66,12,73,29,260,8,22,80,264,81,260,249,2785,4275
27,56,54,177,73,157,120,421,66,131,166,408,148,427,431,1363,4449
362,301,282,263,276,247,256,244,299,239,243,242,271,236,242,222,4358
46,97,82,202,80,201,176,423,89,167,207,417,212,415,415,996,4522
692,410,382,218,395,204,228,150,386,218,241,132,229,145,126,69,3979
695,396,378,265,382,227,236,113,401,213,226,118,256,122,118,79,3979
528,340,338,246,332,231,243,200,333,251,232,190,259,184,193,125,4191
752,407,404,195,399,244,205,131,408,214,238,119,199,114,132,64,3892
87,154,159,234,161,233,197,384,151,210,238,376,235,378,381,647,4545
104,152,164,245,163,247,209,367,155,223,243,365,243,364,370,611,4553
238,231,229,254,257,252,241,291,231,250,280,280,226,308,291,366,4478
40,98,92,192,95,212,174,416,98,189,215,395,189,398,416,1006,4548
982,444,433,192,437,185,189,79,448,173,185,84,184,88,83,39,3605
282,260,254,282,269,253,253,263,263,263,265,247,264,262,266,279,4459
20,49,59,136,55,155,122,416,55,110,145,438,134,434,422,1475,4437
361,325,294,252,315,262,261,225,325,246,283,209,231,230,225,181,4371
105,152,132,237,152,234,206,371,151,198,255,359,218,379,370,706,4524
2745,318,305,33,306,41,39,5,316,27,44,4,34,5,3,0,1546
7,24,23,96,22,83,65,334,25,47,81,351,96,350,335,2286,4330
912,418,442,216,436,184,170,101,414,205,182,90,226,84,97,48,3688
3028,269,263,23,262,19,23,3,269,18,18,2,24,1,3,0,1238
816,404,394,218,392,214,221,110,404,204,212,117,220,115,110,74,3834
136,176,169,221,158,230,211,373,167,217,228,360,241,349,364,625,4517
176,219,239,251,232,262,247,304,211,242,263,329,266,322,296,366,4538
239,236,250,273,243,251,245,279,242,235,238,303,274,296,285,336,4466
126,161,172,258,167,229,205,355,175,209,210,362,249,357,369,621,4513
2000,396,403,90,397,91,93,20,394,100,87,20,98,14,18,4,2418
326,293,282,263,310,252,254,229,286,235,287,237,242,265,222,242,4388
558,383,367,254,367,250,237,150,390,223,243,148,247,148,157,103,4127
3175,237,233,16,232,17,20,3,235,18,18,1,19,0,1,0,1088
1411,445,448,134,442,154,137,41,444,135,149,46,141,40,40,18,3086
530,350,347,254,345,258,246,164,359,232,247,175,247,173,173,125,4173
29,59,63,151,55,174,114,394,55,105,170,407,163,399,390,1497,4415
511,349,342,225,331,282,245,186,362,243,258,181,223,170,199,118,4202
21,45,48,121,42,162,82,428,48,97,153,416,124,410,431,1597,4383
774,426,414,221,406,191,207,133,432,212,177,116,223,108,139,46,3870
17,37,35,146,46,111,83,393,31,94,128,380,141,391,387,1805,4385
986,401,421,211,429,180,169,96,416,184,173,101,188,109,111,50,3592
645,365,357,248,371,233,234,156,361,242,251,140,238,154,152,78,4056
258,271,276,242,267,289,259,262,259,259,292,267,263,258,250,253,4485
2905,277,293,21,287,32,26,3,275,36,28,9,29,3,1,0,1382
1648,437,438,120,426,110,119,35,437,121,98,34,132,22,35,13,2817
360,274,284,266,277,283,259,229,290,266,260,232,257,225,245,218,4390
269,260,253,267,251,250,257,272,262,256,246,266,267,264,274,311,4469
551,357,350,252,354,244,222,178,364,216,241,177,241,181,185,112,4112
26,67,64,170,68,169,125,427,65,131,175,418,168,422,425,1305,4455
896,440,439,178,437,190,213,89,436,205,192,96,184,94,85,51,3747
1441,428,439,129,452,142,134,50,424,154,159,41,120,54,46,12,3072
250,257,238,233,236,266,248,296,250,242,271,283,242,281,289,343,4465
242,240,227,247,214,268,263,285,227,232,268,303,273,290,272,374,4478
440,321,315,277,313,266,269,186,339,258,246,191,261,189,204,150,4312
338,332,321,252,327,257,289,204,341,277,254,205,237,211,213,167,4453
3031,269,255,26,260,17,27,3,266,15,25,1,24,6,0,0,1236
0,14,10,79,14,66,23,247,10,14,74,252,79,256,243,2844,4262
65,125,113,213,127,217,195,399,128,202,228,380,196,394,402,841,4557
609,363,361,267,368,224,220,153,368,213,226,158,255,165,158,117,4049
214,239,227,254,234,257,254,295,232,265,271,272,254,279,288,390,4530
231,258,232,286,242,252,270,279,267,263,253,260,267,270,288,307,4527
1815,427,418,106,412,114,91,29,427,85,108,26,112,20,29,6,2586
466,327,340,255,341,233,234,199,324,249,237,197,257,198,196,172,4242
37,88,89,209,87,215,154,403,91,150,210,408,208,406,406,1064,4492
2785,305,316,29,312,36,21,6,301,34,36,4,37,0,2,1,1495
242,201,247,262,231,296,238,270,224,252,257,302,255,286,293,369,4473
1567,433,436,119,431,145,139,25,432,129,141,38,125,33,24,8,2926
2479,362,357,39,362,60,43,4,363,36,64,6,33,11,5,1,1825
763,371,401,227,410,230,199,115,384,213,226,131,205,140,128,82,3874
1384,411,430,167,429,150,137,56,416,164,144,48,163,47,61,18,3142
120,181,180,259,164,279,226,332,172,216,272,341,284,325,323,551,4547
583,378,370,227,359,228,238,170,372,234,223,166,244,155,164,114,4114
4,13,10,79,13,77,21,268,11,30,82,256,78,259,266,2758,4272
213,231,229,256,227,289,254,283,239,233,279,302,250,300,291,349,4499
4165,15,15,0,15,0,0,0,15,0,0,0,0,0,0,0,60
415,328,347,241,347,277,244,178,340,241,265,200,229,200,190,183,4295
47,72,95,181,89,208,146,411,83,161,191,419,176,413,422,1111,4485
346,283,294,233,292,284,242,242,281,256,284,239,237,237,240,235,4377
38,97,93,211,107,199,182,408,91,182,219,404,203,418,402,971,4551
2140,389,407,83,401,62,59,18,384,71,61,24,94,18,13,1,2215
1744,439,433,103,418,113,116,22,449,97,88,35,108,20,32,8,2694
215,228,227,271,222,271,240,317,221,265,273,291,283,286,310,305,4515
143,163,166,249,178,219,216,352,166,227,228,344,234,356,355,629,4525
468,317,316,279,312,229,230,206,313,218,229,217,287,213,202,189,4205
2265,381,373,73,376,63,63,14,379,60,68,9,72,12,12,5,2083
680,363,391,247,398,227,220,127,375,241,222,134,228,141,139,92,4006
222,246,243,247,230,299,237,288,252,235,280,287,254,274,294,337,4475
3587,149,151,7,151,5,6,0,149,8,5,0,7,0,0,0,652
0,6,6,71,7,66,10,180,7,7,66,183,69,184,181,3182,4242
91,148,137,219,137,197,182,400,138,175,207,396,229,396,390,783,4491
181,207,208,242,195,258,242,319,189,225,263,337,273,324,301,461,4511
1133,455,427,184,425,163,202,61,449,180,167,55,192,53,55,24,3474
4,30,32,112,23,124,66,377,30,78,115,367,121,358,377,2011,4365
45,112,119,202,113,191,185,414,111,196,186,410,209,404,413,915,4561
3451,182,175,8,175,10,14,1,181,8,11,0,9,0,0,0,796
1344,438,451,152,448,156,144,44,444,158,147,43,149,40,50,17,3183
892,420,410,198,423,211,213,92,425,204,219,91,180,104,97,46,3750
12,35,29,107,35,130,89,390,31,69,140,404,105,410,386,1853,4371
364,318,329,241,326,276,242,219,314,264,277,208,248,205,215,179,4367
507,350,368,246,355,242,238,174,343,245,236,185,266,172,167,131,4201
785,402,410,228,409,220,196,111,396,187,225,128,235,127,105,61,3823
409,336,334,239,343,260,255,197,334,247,271,203,232,212,195,158,4318
117,170,158,221,150,264,228,357,167,211,259,362,232,354,354,621,4547
330,278,277,267,285,274,238,242,287,252,273,227,250,235,251,259,4385
127,182,172,235,172,263,222,351,186,212,259,351,231,351,355,556,4532
42,74,78,175,71,176,148,419,64,168,179,403,192,396,409,1231,4499
1822,437,424,87,428,111,100,21,434,87,118,21,86,25,18,6,2590
743,389,383,229,391,213,229,130,395,235,215,118,215,126,136,78,3946
3,7,11,69,9,66,9,186,11,10,60,189,67,187,190,3151,4241
2,2,5,66,4,62,5,98,7,6,56,100,62,99,103,3548,4234
123,175,200,284,203,262,239,323,179,249,261,338,277,341,327,444,4590
1154,434,430,175,428,182,148,77,431,148,183,73,180,71,74,37,3367
8,29,39,104,34,118,58,333,31,44,111,357,107,352,335,2165,4319
1,5,6,64,4,68,4,147,6,6,65,146,65,144,148,3346,4234
0,5,3,65,5,70,4,117,3,5,74,114,65,116,115,3464,4234
216,256,257,267,248,251,268,277,259,248,239,298,273,289,280,299,4525
5,28,20,109,35,99,58,362,23,60,119,352,99,367,357,2132,4338
13,38,33,127,37,120,82,394,34,62,128,409,127,413,390,1818,4356
9,34,21,104,30,97,61,364,18,56,122,356,111,365,348,2129,4333
4,27,23,111,19,111,52,370,22,58,112,360,120,356,365,2115,4331
542,338,346,247,348,251,240,174,339,247,252,175,244,177,175,130,4170
846,410,395,222,392,229,187,110,413,167,223,115,222,112,113,69,3733
30,46,60,162,45,181,121,420,58,125,154,430,165,415,432,1381,4441
4090,33,34,0,34,0,0,0,33,1,0,0,0,0,0,0,136
1005,438,435,167,427,174,195,97,424,195,180,94,189,86,83,36,3610
15,47,58,162,54,174,106,405,59,99,158,423,154,419,417,1475,4415
703,395,383,243,415,204,232,118,402,214,229,124,204,156,125,78,3968
89,155,163,241,158,263,196,375,166,217,247,362,235,357,386,615,4549
1944,410,421,98,420,96,85,11,418,91,87,16,91,15,19,3,2457
376,311,336,224,323,262,247,222,298,264,262,230,250,217,209,194,4360
2944,282,276,28,274,28,29,1,283,22,25,2,29,0,2,0,1332
312,280,270,277,272,267,244,245,272,227,277,252,283,254,237,256,4384
175,181,181,285,188,250,252,317,190,249,248,320,269,327,326,467,4551
3286,210,212,16,212,16,14,0,212,15,14,1,14,1,2,0,968
3135,243,242,15,240,24,19,2,242,17,23,3,18,1,1,0,1126
1015,445,449,170,440,187,191,78,437,191,186,82,187,73,70,24,3592
1228,432,443,153,447,177,161,56,430,171,183,57,151,61,54,21,3329
2,17,9,84,14,73,33,285,11,31,84,279,85,284,279,2655,4287
242,234,224,237,217,267,233,300,220,224,274,299,258,292,286,418,4440
3674,129,134,3,134,5,2,0,129,7,5,0,3,0,0,0,560
10,39,31,121,35,100,83,384,33,88,110,371,123,375,378,1944,4386
303,282,263,269,259,264,252,251,280,223,262,261,275,257,249,275,4397
319,271,276,250,272,288,258,237,281,249,274,251,244,247,247,261,4413
272,224,271,276,253,275,241,261,233,261,248,288,285,270,270,297,4455
389,320,331,263,324,257,239,213,314,258,256,205,276,198,207,175,4333
2,4,4,65,8,59,3,98,6,1,61,100,59,104,100,3551,4227
366,308,320,269,322,244,240,221,318,252,236,221,257,223,231,197,4351
2074,401,395,90,399,69,80,21,391,81,83,14,96,18,11,2,2312
110,169,165,222,178,231,208,377,156,202,257,379,222,392,364,593,4525
90,153,151,249,145,221,237,381,158,242,210,374,250,368,386,610,4614
1158,436,434,169,434,177,172,65,440,162,173,73,165,73,69,25,3401
33,79,79,178,89,160,147,421,72,148,177,420,175,430,414,1203,4487
401,310,312,258,324,239,247,215,300,249,261,215,256,227,205,206,4320
1097,457,439,188,441,165,178,66,460,165,164,61,183,63,69,29,3471
680,377,382,238,380,228,228,138,374,235,229,136,243,134,135,88,4008
650,404,380,220,390,229,227,147,400,218,243,132,214,142,143,86,4020
28,83,74,185,66,166,130,447,69,148,172,420,207,412,433,1185,4475
106,165,168,240,185,253,212,353,182,228,253,340,206,357,370,607,4559
230,228,245,234,240,283,206,299,207,234,299,288,260,283,278,411,4435
48,90,86,192,92,188,158,427,79,162,205,419,197,425,416,1041,4497
3304,205,201,20,199,21,16,0,208,9,16,3,19,1,3,0,946
859,405,408,217,400,195,213,113,403,223,189,106,227,98,111,58,3802
363,309,283,274,303,257,242,225,320,229,266,212,243,232,236,231,4333
54,100,86,225,106,203,168,402,88,168,235,388,217,408,390,987,4507
707,375,374,227,394,253,209,130,393,212,255,126,189,146,148,87,3939
1631,433,430,129,439,113,122,29,433,121,122,27,120,36,29,11,2837
1266,471,458,140,466,143,145,60,467,144,155,48,136,56,56,14,3248
497,334,345,241,343,255,234,193,317,248,270,190,260,188,176,134,4210
10,33,46,117,37,144,79,404,42,93,126,403,117,394,413,1767,4387
3957,66,66,0,66,0,2,0,66,2,0,0,0,0,0,0,272
253,259,247,245,250,261,233,299,259,255,264,265,242,268,299,326,4460
3188,231,233,20,234,14,17,1,230,20,16,0,20,1,0,0,1074
111,155,145,232,125,227,220,384,141,207,221,387,266,367,370,667,4541
432,330,307,262,293,269,243,208,334,207,251,221,272,207,212,177,4243
186,256,217,251,217,262,257,314,241,239,277,293,266,293,299,357,4535
76,140,128,184,117,236,176,405,130,185,235,384,205,373,395,856,4510
213,244,223,249,238,236,243,314,240,240,255,296,238,311,310,375,4495
3076,244,255,28,254,21,19,1,245,28,19,3,28,2,2,0,1196
1993,415,402,84,405,87,91,20,421,81,84,17,75,20,26,4,2404
85,118,138,245,139,251,190,368,142,194,228,384,220,385,392,746,4524
704,377,389,219,371,249,233,129,395,215,213,159,219,141,147,65,3969
543,345,364,251,366,244,248,155,359,257,232,165,235,167,169,125,4187
19,58,52,148,60,135,123,415,54,115,147,417,144,425,411,1502,4444
384,288,319,263,304,278,229,210,283,217,268,253,283,238,205,203,4287
3961,65,65,0,65,1,1,0,65,1,1,0,0,0,0,0,266
104,156,157,233,147,240,205,390,177,223,209,373,222,363,411,615,4549
3511,164,165,8,165,10,8,1,163,10,11,0,9,0,0,0,732
18,55,54,144,51,154,112,419,57,120,149,410,145,407,421,1509,4439
2583,345,349,34,352,43,37,4,344,41,47,4,32,7,3,0,1720
746,385,395,227,386,234,222,125,394,230,216,127,227,118,134,59,3931
313,248,263,280,280,242,214,272,244,245,263,256,267,273,268,297,4371
1155,410,414,198,410,199,164,62,422,150,183,80,190,76,74,38,3384
2,25,18,80,28,87,48,332,19,42,103,331,76,341,326,2367,4313
818,400,422,206,432,223,182,108,403,200,230,112,193,122,111,63,3789
164,206,201,254,218,259,229,328,192,243,290,309,251,326,314,441,4533
1932,421,407,88,411,96,98,19,417,85,104,18,88,22,15,4,2476
258,239,245,257,237,268,244,283,238,241,261,292,266,284,282,330,4452
601,361,372,231,365,258,212,164,369,219,243,168,230,161,172,99,4055
837,415,418,212,434,213,195,96,421,190,223,104,190,120,102,55,3773
1,10,9,71,9,63,12,192,6,10,67,193,75,193,188,3126,4246
724,439,429,198,428,200,224,116,421,205,217,125,217,124,98,60,3930
945,425,413,205,427,185,179,106,417,186,207,87,199,101,98,45,3645
186,209,213,260,194,254,235,328,195,245,249,322,293,303,314,425,4519
46,90,88,215,96,188,171,421,96,156,190,434,201,442,427,964,4506
1163,431,454,146,436,189,162,70,422,183,180,72,173,54,61,29,3407
33,64,69,172,65,162,140,424,69,133,153,436,171,432,429,1273,4465
191,215,242,248,223,284,209,310,222,209,258,337,260,318,317,382,4452
51,94,114,190,107,225,186,387,94,173,218,420,197,413,387,969,4533
359,291,297,260,290,266,252,221,281,241,269,238,277,231,211,241,4359
1399,461,440,129,426,139,156,53,459,134,127,54,145,40,51,12,3116
42,75,59,188,67,170,133,403,81,129,172,391,174,399,409,1333,4445
3580,149,152,9,152,7,4,0,149,7,7,0,9,0,0,0,656
1478,411,445,158,442,134,125,35,427,141,115,53,145,50,51,15,3013
570,353,355,269,348,240,224,172,354,241,232,157,275,150,173,112,4120
171,217,226,254,232,274,217,318,221,238,276,306,244,312,322,397,4509
170,182,198,256,191,272,243,330,192,241,255,348,253,341,340,413,4539
2073,402,392,85,385,94,77,16,407,56,82,27,87,20,21,1,2285
1327,437,450,140,444,159,137,55,435,141,155,64,148,58,53,22,3176
306,276,276,279,300,259,248,234,276,234,283,248,255,272,234,245,4401
4023,50,50,0,50,0,1,0,50,1,0,0,0,0,0,0,204
2334,369,386,56,382,65,50,6,371,62,59,11,58,7,8,1,2003
0,5,6,60,6,68,2,139,7,2,66,140,58,140,141,3385,4229
59,99,102,200,99,214,137,419,118,142,192,417,184,414,438,991,4445
7,20,19,102,29,64,37,313,19,44,75,305,93,315,312,2471,4299
8,24,20,88,24,100,49,334,15,56,113,323,93,327,325,2326,4322
0,8,8,67,9,62,13,185,9,8,62,190,65,191,186,3162,4246
762,407,413,187,403,222,224,121,400,219,219,132,204,122,114,76,3906
17,52,47,148,55,137,117,416,46,103,151,425,146,433,410,1522,4428
14,39,44,149,46,158,109,390,54,96,145,408,132,410,405,1626,4416
762,419,404,229,414,191,251,101,415,222,205,115,223,125,97,52,3936
4158,17,16,0,16,0,1,0,17,0,0,0,0,0,0,0,68
143,181,198,241,190,262,199,353,179,235,256,334,251,326,351,526,4516
275,243,252,282,241,276,231,275,248,237,260,278,288,267,280,292,4418
3408,188,187,12,187,8,11,2,187,12,9,0,13,0,1,0,840
0,5,5,63,5,60,3,84,4,1,61,86,64,86,83,3615,4229
2224,388,371,74,374,71,73,16,384,64,78,8,75,11,12,2,2138
380,324,300,273,323,231,261,226,319,265,259,198,255,221,221,169,4371
2245,383,381,74,378,70,67,9,386,64,64,10,74,7,12,1,2111
402,334,325,284,325,241,253,203,328,248,247,199,290,199,197,150,4324
6,13,22,79,18,73,29,281,22,36,60,283,74,279,290,2660,4284
2,13,15,97,13,76,32,256,15,34,72,256,97,254,258,2735,4289
37,68,71,178,72,201,175,408,74,155,196,431,171,432,414,1142,4518
231,242,228,266,246,261,262,288,245,257,276,279,245,297,291,311,4513
154,173,197,276,189,245,194,340,191,213,219,345,266,337,358,528,4478
41,99,85,211,90,187,169,404,97,175,194,384,208,389,402,1090,4528
6,20,28,108,32,103,51,324,27,47,100,336,97,340,331,2275,4317
2730,321,315,35,311,42,30,6,323,25,36,5,37,1,8,0,1550
821,416,413,187,407,225,218,110,414,212,221,113,195,107,108,58,3834
319,294,277,237,289,274,259,252,288,250,292,244,231,256,246,217,4415
1138,467,442,150,428,187,176,73,458,169,182,55,173,41,64,22,3432
64,99,109,216,101,212,167,416,95,171,208,422,228,414,412,891,4499
1276,450,451,155,468,144,154,46,458,156,153,45,130,62,54,23,3259
1587,419,439,119,440,120,114,47,411,141,129,40,126,41,39,13,2893
782,405,402,214,396,219,236,104,406,217,212,120,219,114,105,74,3896
2,14,12,78,15,71,21,247,14,23,74,243,75,246,247,2843,4267
2273,377,377,69,373,65,64,14,372,66,66,12,78,8,9,2,2082
8,55,48,124,48,138,116,396,52,104,141,401,127,401,393,1673,4437
3172,235,241,17,238,15,14,1,234,15,13,6,21,3,0,0,1082
29,70,71,174,66,205,136,405,79,145,191,397,170,392,414,1281,4477
108,152,154,223,143,268,250,362,144,230,265,384,242,373,354,573,4597
64,89,100,183,96,212,155,409,87,152,210,423,189,419,407,1030,4468
29,60,68,196,66,167,135,430,73,150,152,423,185,421,443,1227,4481
245,229,235,256,232,264,253,294,241,268,249,285,247,282,306,339,4501
7,22,34,108,24,111,48,350,33,44,90,366,107,356,361,2164,4310
3054,262,262,22,263,14,21,2,264,22,13,1,19,2,4,0,1214
415,314,341,269,342,251,236,193,312,251,254,205,270,206,191,175,4297
198,221,228,235,225,272,242,301,225,228,265,322,234,319,305,405,4497
143,200,189,244,190,239,240,336,194,221,246,344,249,345,330,515,4543
312,285,261,269,280,254,244,258,272,235,286,243,263,262,245,256,4392
2977,284,274,24,274,19,26,1,283,16,20,1,25,1,0,0,1290
821,409,401,189,403,212,219,127,411,224,212,114,185,116,129,53,3847
1022,423,443,195,435,183,166,83,419,181,179,88,207,80,79,42,3550
3390,193,196,12,195,9,5,1,192,8,9,1,14,0,0,0,848
591,386,356,238,378,203,259,164,366,249,245,144,236,166,144,100,4142
133,192,206,253,211,243,233,351,194,259,246,339,246,344,353,422,4584
2890,286,288,27,291,23,34,3,287,37,25,2,23,5,4,0,1406
4,15,10,65,19,72,9,231,12,15,84,220,59,229,228,2953,4245
3359,202,204,9,204,10,7,0,202,9,10,0,9,0,0,0,882
2307,371,380,54,375,80,53,10,372,59,74,13,58,8,11,0,2030
1977,418,406,100,408,83,89,17,423,82,80,12,93,14,22,1,2419
48,92,94,202,86,189,161,415,86,168,187,410,216,402,409,1060,4506
245,263,255,254,225,271,269,266,266,219,238,308,281,278,269,318,4468
772,421,405,219,404,201,206,121,404,179,217,132,237,131,104,72,3838
1018,414,423,197,413,192,168,93,413,168,183,102,208,92,92,49,3543
23,53,56,160,65,154,114,418,50,121,166,414,154,423,415,1439,4437
8,25,26,90,27,82,49,345,22,54,86,341,92,342,342,2294,4320
728,405,417,223,416,232,189,127,403,214,233,114,226,113,125,60,3900
174,210,197,246,205,253,230,334,209,232,262,319,239,327,333,455,4513
785,391,381,206,380,211,214,140,379,211,222,133,219,132,128,93,3865
796,405,425,209,417,231,208,102,413,220,215,110,209,102,110,53,3857
2601,336,334,49,340,37,46,3,339,46,40,1,40,7,6,0,1716
663,392,392,235,394,236,210,137,386,206,244,141,239,143,131,76,3978
833,436,423,195,407,205,232,96,447,198,178,117,200,101,107,50,3822
3971,62,62,2,62,0,1,0,62,1,0,0,2,0,0,0,256
605,371,382,234,374,221,229,154,363,223,221,171,250,163,146,118,4072
2312,386,376,53,380,58,60,13,382,56,66,7,53,11,9,3,2029
18,27,34,114,28,134,59,367,25,61,130,372,122,366,365,2003,4327
736,426,374,222,377,235,246,116,424,197,240,113,221,116,114,68,3932
98,154,167,263,156,240,220,357,138,230,245,360,290,349,341,617,4577
258,263,245,275,257,223,276,274,262,257,236,275,264,287,273,300,4500
56,110,103,205,110,220,164,403,102,155,235,405,206,412,395,944,4488
1431,455,441,127,430,140,135,57,441,130,143,48,152,37,43,15,3059
966,438,445,181,437,193,179,92,439,191,184,87,188,79,93,33,3629
380,285,308,288,325,272,225,210,305,246,269,212,251,229,230,190,4316
651,381,387,238,375,250,216,137,383,212,236,147,248,135,139,90,4002
650,383,384,220,367,247,213,153,383,208,230,159,237,142,153,96,3996
109,134,158,202,145,229,182,389,130,189,220,406,219,393,385,735,4487
787,421,417,211,411,213,206,117,409,214,219,105,229,99,105,62,3858
552,342,352,263,346,256,212,170,340,225,252,167,271,161,168,148,4110
1066,430,464,188,454,164,164,67,437,176,147,89,191,79,74,35,3499
3223,224,232,12,229,14,15,1,223,21,12,3,16,0,0,0,1038
9,28,27,113,24,89,54,366,28,67,86,352,116,349,366,2151,4337
127,197,200,277,198,231,221,335,200,214,226,345,276,343,338,497,4533
11,33,33,101,31,106,84,378,29,84,108,378,107,376,374,1992,4382
881,443,451,201,444,210,177,91,439,189,207,87,212,80,87,26,3710
12,39,38,120,40,121,89,408,43,104,119,392,114,394,412,1780,4406
1692,451,448,103,446,106,100,31,447,102,108,26,109,24,27,5,2735
665,381,387,218,395,230,212,145,373,214,246,149,218,157,137,98,3986
2988,265,267,29,267,24,25,4,264,28,25,3,30,3,3,0,1290
23,56,55,138,58,169,97,432,50,120,178,408,141,411,426,1463,4419
90,128,119,248,131,217,199,387,138,202,219,375,226,387,397,762,4536
0,6,3,67,8,64,3,130,5,4,70,126,63,131,129,3416,4232
49,95,103,188,101,212,176,419,93,188,212,415,192,413,417,952,4540
5,17,18,87,16,103,34,326,17,59,101,302,89,300,326,2425,4313
127,170,179,252,167,243,202,356,177,198,224,369,257,357,363,584,4498
750,395,415,200,404,216,201,134,383,207,217,148,223,137,122,73,3883
17,34,35,103,33,113,71,361,37,60,108,373,102,371,364,2043,4339
121,151,147,250,157,233,240,357,156,221,238,372,235,382,362,603,4565
213,231,220,257,221,249,292,292,220,286,261,287,267,288,281,360,4590
83,125,118,226,134,225,211,390,130,200,236,394,205,410,395,743,4553
2011,402,403,89,405,79,96,15,408,89,75,23,81,25,21,3,2399
333,290,274,260,261,246,229,272,278,229,245,256,285,243,260,264,4350
1085,455,442,164,438,179,180,76,449,175,181,68,174,64,70,25,3495
167,189,182,238,173,243,239,349,172,236,251,345,264,336,332,509,4533
270,261,257,267,266,263,267,251,281,238,252,276,238,285,271,282,4460
531,356,370,286,377,235,209,164,365,234,233,153,270,160,173,109,4137
510,385,375,234,379,240,243,172,376,249,253,156,239,160,163,91,4207
339,282,296,275,305,262,259,219,287,272,266,220,261,229,224,229,4417
745,406,394,206,401,215,215,135,383,204,245,134,222,141,112,67,3899
146,213,194,257,194,241,250,344,211,244,243,331,259,331,342,425,4573
87,130,133,227,137,236,189,389,135,203,235,378,218,382,394,752,4530
2438,360,351,60,349,48,62,9,358,52,48,10,64,8,7,1,1901
0,5,6,58,6,63,6,111,7,2,61,116,56,116,113,3499,4233
695,384,376,235,379,231,215,133,388,197,230,143,228,146,137,108,3942
146,206,194,256,177,248,273,322,197,235,240,348,282,331,313,457,4587
5,19,13,96,18,77,39,290,15,42,86,281,95,286,286,2577,4301
506,350,387,234,376,266,227,162,374,261,231,165,221,154,186,125,4207
23,42,39,144,48,134,83,412,46,100,139,392,131,401,416,1675,4385
376,288,305,255,312,263,256,226,280,272,278,227,256,234,218,179,4377
145,190,187,247,179,273,219,340,194,209,261,347,251,339,344,500,4508
46,82,76,181,75,194,164,415,80,157,195,416,184,415,413,1132,4500
372,323,333,253,316,270,250,211,327,255,249,216,266,199,215,170,4358
309,286,279,265,267,253,238,257,291,226,236,262,272,250,262,272,4380
1826,448,416,89,411,94,111,30,441,77,96,32,101,27,23,3,2587
191,195,225,266,223,270,216,306,208,235,255,317,255,315,319,429,4485
131,194,185,262,196,231,226,352,181,236,255,333,264,344,339,496,4556
223,250,254,251,241,267,268,272,260,255,244,289,254,276,282,339,4525
126,173,165,244,171,229,204,387,170,235,238,348,241,354,384,556,4538
483,355,323,238,338,273,238,199,338,236,305,169,240,184,182,124,4216
2574,339,341,44,340,47,37,8,339,36,46,11,45,10,8,0,1724
1975,415,411,88,410,91,87,15,418,79,87,19,86,18,18,8,2416
528,346,349,259,370,237,234,168,344,229,260,176,240,197,166,122,4160
111,152,162,225,148,240,206,365,148,196,230,385,243,371,361,682,4516
76,129,129,267,155,211,207,375,128,217,238,365,242,391,374,721,4573
11,44,36,131,47,126,104,418,41,115,140,399,123,410,415,1665,4433
388,322,297,254,308,258,239,227,311,243,280,198,254,209,216,221,4319
2350,372,376,61,375,64,45,9,371,48,64,10,63,9,8,0,1968
3278,209,216,20,216,8,14,2,207,23,10,0,22,0,0,0,984
986,423,446,207,449,178,161,84,427,191,177,77,200,80,88,51,3591
1057,448,462,180,464,152,173,74,443,184,159,77,183,79,69,21,3525
98,126,140,214,141,229,191,386,128,205,228,386,211,387,388,767,4523
1157,429,433,181,441,168,179,59,435,173,170,69,167,77,65,22,3420
1103,440,438,193,446,175,171,56,453,152,170,73,172,81,69,33,3445
1004,419,437,184,421,191,191,84,417,196,177,97,202,81,82,42,3608
13,40,41,131,34,137,85,411,39,103,131,394,139,387,410,1730,4400
258,256,266,273,266,290,230,269,250,241,296,268,279,268,263,252,4438
396,315,321,255,340,249,280,193,317,265,266,214,234,233,195,152,4374
2559,320,332,56,333,53,55,5,324,67,50,5,51,6,9,0,1788
74,125,131,235,142,226,203,398,126,212,236,395,223,406,399,694,4566
337,305,306,261,295,259,259,230,300,240,253,250,277,239,225,189,4387
1404,439,438,141,447,128,149,51,426,153,150,46,145,55,38,15,3123
38,80,76,176,76,179,152,425,78,147,181,426,178,426,423,1164,4486
191,218,227,291,223,249,219,307,217,232,246,303,296,299,306,401,4485
49,83,79,205,87,200,144,418,89,143,202,415,191,423,424,1073,4463
553,343,345,251,352,266,244,150,360,228,256,168,227,175,167,140,4144
1308,439,451,153,449,152,138,54,447,148,142,56,147,54,62,25,3203
152,182,182,253,172,260,219,355,178,216,254,358,267,348,351,478,4508
1625,448,439,119,438,115,111,34,443,103,119,33,125,32,29,12,2814
636,353,388,248,379,244,215,136,355,225,233,161,255,152,138,107,4029
503,342,348,253,350,250,238,173,356,234,238,183,237,185,187,148,4194
62,127,109,236,119,186,181,421,109,187,214,397,244,407,403,823,4531
550,352,355,218,340,253,237,192,341,260,249,172,244,157,181,124,4172
5,20,19,94,22,90,45,334,17,54,96,324,94,327,331,2353,4319
1339,461,453,123,454,158,130,58,449,139,171,41,134,42,46,27,3155
372,287,292,275,292,260,272,215,300,256,247,236,262,236,228,195,4381
3306,209,207,18,205,14,12,1,210,9,11,2,19,0,2,0,940
296,264,258,264,268,255,219,270,256,221,273,262,262,272,262,323,4369
978,427,433,204,433,182,194,76,430,189,179,87,201,87,79,46,3630
2569,351,334,44,337,45,51,5,351,37,48,2,41,5,5,0,1744
532,365,375,241,381,235,230,173,346,252,260,161,254,167,154,99,4175
273,226,252,303,254,300,235,237,260,225,268,273,267,275,271,306,4412
1291,437,441,159,437,161,149,60,441,170,153,43,159,39,64,21,3253
1513,432,449,131,442,141,132,30,444,139,122,40,126,33,42,9,2983
1512,439,440,112,442,145,138,36,438,135,148,40,111,42,35,12,2986
2318,374,380,63,375,52,66,9,374,68,47,13,68,8,9,1,2041
1424,450,467,143,464,128,121,40,458,135,117,43,138,40,48,9,3057
244,247,249,230,234,268,235,308,251,242,249,303,241,288,312,324,4458
5,15,22,96,20,102,46,357,19,57,96,353,94,351,361,2231,4323
948,432,427,214,423,190,179,91,436,174,182,91,214,87,95,42,3630
396,308,297,243,296,280,242,233,299,246,288,218,253,217,224,185,4317
3,14,15,94,16,91,47,303,16,34,90,317,91,318,305,2471,4303
7,28,31,118,26,122,74,373,32,72,113,378,119,373,377,1982,4364
2,13,13,68,13,70,11,205,16,15,67,201,65,201,208,3057,4249
282,286,286,257,278,276,236,263,269,235,285,264,282,256,246,224,4414
480,331,335,249,329,262,240,191,344,235,243,200,242,194,204,146,4220
113,146,154,224,142,226,209,389,145,222,215,384,237,372,388,659,4543
508,342,334,243,333,258,229,199,337,242,262,178,249,177,194,140,4188
530,328,329,266,327,235,250,179,323,235,238,195,273,193,174,150,4180
283,263,255,264,260,277,246,255,275,231,270,262,247,267,267,303,4419
1079,422,411,195,402,192,200,67,429,169,176,87,197,78,74,47,3515
0,7,8,61,6,64,10,131,7,4,62,138,63,136,131,3397,4239
45,105,115,216,96,200,173,397,100,178,186,402,240,383,392,997,4531
10,21,24,109,20,93,63,334,26,54,84,346,108,342,339,2252,4332
249,256,253,255,231,255,257,283,248,243,241,294,285,272,275,328,4476
738,398,400,230,391,232,219,119,404,212,217,128,233,119,125,60,3918
0,8,3,65,13,57,4,128,7,2,68,125,56,135,127,3427,4231
396,298,324,256,318,265,223,217,298,247,259,219,262,213,217,213,4299
0,2,4,63,4,66,5,113,5,4,63,116,60,116,116,3488,4234
224,240,231,255,228,244,218,319,227,226,254,302,271,299,306,381,4445
975,426,437,185,430,201,161,103,413,186,207,89,205,82,90,35,3597
113,169,170,233,172,243,218,352,178,206,236,365,222,367,361,620,4536
94,140,126,242,138,219,200,382,143,197,228,371,227,383,385,750,4528
141,187,185,259,193,272,241,339,188,246,279,332,250,340,340,433,4571
0,3,2,61,4,66,7,125,3,6,68,125,59,127,125,3444,4238
12,46,51,139,46,154,100,386,48,96,147,395,142,390,388,1685,4409
268,243,249,236,245,242,244,289,232,247,249,292,251,288,278,372,4448
166,203,210,254,222,231,230,335,204,251,242,321,241,333,336,446,4540
287,297,272,267,273,249,242,269,285,242,262,244,278,245,257,256,4422
15,43,39,143,45,134,92,408,43,98,140,398,137,404,408,1678,4400
702,373,385,235,384,227,226,131,382,223,217,146,227,145,140,82,3972
107,133,129,239,125,259,200,369,145,199,243,366,231,362,381,737,4517
28,54,72,146,63,177,133,412,54,145,168,418,155,409,412,1379,4475
387,320,305,246,301,280,261,220,319,252,277,214,251,210,219,163,4351
50,96,90,210,92,201,146,430,87,164,212,406,217,408,421,995,4485
1,8,12,62,8,68,9,179,14,8,58,184,60,180,185,3189,4241
121,162,187,265,185,258,227,334,164,231,254,355,265,353,336,528,4562
954,430,426,211,422,176,196,96,435,201,167,87,210,83,101,30,3668
22,71,64,167,59,172,125,415,65,130,173,403,178,398,409,1374,4458
407,326,336,257,319,263,270,194,329,269,243,205,271,188,197,151,4357
210,223,229,251,221,252,231,323,214,259,253,301,268,293,314,383,4505
402,314,311,252,327,251,242,215,307,241,274,213,243,229,208,196,4306
13,30,31,118,37,117,74,378,23,86,130,367,119,373,371,1958,4372
603,400,376,234,375,212,240,157,389,218,222,155,246,154,146,98,4080
1067,425,426,192,425,201,190,61,447,177,178,75,171,74,83,33,3525
114,169,154,268,177,267,230,346,186,229,273,332,228,355,363,534,4570
34,73,76,144,57,171,110,421,52,120,173,414,184,395,400,1401,4421
30,74,73,152,82,161,162,419,69,144,175,436,148,445,414,1241,4501
1572,427,436,129,435,123,107,50,412,125,137,41,145,40,35,11,2885
752,400,392,232,402,212,229,117,396,219,226,119,226,129,113,61,3921
622,377,352,233,345,240,236,162,386,211,224,162,231,155,171,118,4050
1720,427,426,138,436,88,100,30,432,104,93,25,123,35,35,13,2709
2798,301,302,37,298,34,38,1,303,33,28,7,39,3,3,0,1498
11,36,37,117,44,121,67,384,42,73,122,379,104,386,390,1912,4354
501,375,366,244,371,255,245,164,385,246,250,154,229,159,174,107,4215
216,235,241,258,226,285,273,264,226,239,279,304,282,289,255,353,4521
190,203,211,247,219,289,240,304,221,252,279,300,221,308,322,419,4527
29,70,74,172,68,168,146,406,82,134,150,422,166,416,418,1304,4476
101,175,165,244,161,275,241,348,176,225,270,354,247,350,349,544,4590
359,289,289,268,291,263,238,240,303,240,251,238,252,240,254,210,4344
3670,130,131,6,131,6,4,0,130,5,6,0,6,0,0,0,564
748,391,394,214,384,219,209,138,373,204,227,146,242,136,120,80,3890
0,1,1,63,1,64,1,51,1,0,64,52,63,52,51,3760,4226
1525,435,460,122,456,122,122,37,439,145,114,39,122,35,41,11,2967
375,301,312,245,298,251,251,231,295,241,243,252,265,238,225,202,4342
1121,436,433,178,420,189,166,73,430,155,182,81,197,68,67,29,3425
3202,230,227,19,230,11,23,0,231,20,13,0,15,3,1,0,1066
2202,391,382,74,383,70,68,14,392,59,70,14,72,15,15,4,2150
156,185,168,256,176,241,242,343,190,241,244,327,243,335,348,530,4552
119,183,171,270,168,227,240,355,172,243,235,340,284,337,344,537,4589
2232,387,396,60,396,73,57,9,389,64,71,11,58,11,11,0,2114
329,249,260,273,267,251,248,249,260,225,247,283,255,290,260,279,4369
217,234,255,288,247,252,239,272,232,233,246,299,298,291,270,352,4480
205,256,249,260,246,261,266,283,264,259,250,283,255,280,291,317,4545
222,237,230,259,239,257,251,291,220,238,283,297,267,306,274,354,4492
180,239,229,289,238,262,244,288,247,242,263,280,272,289,296,367,4531
2136,389,391,80,386,86,67,18,392,73,78,14,82,9,21,3,2229
598,363,346,257,350,246,236,155,365,216,248,158,251,162,157,117,4079
16,52,63,121,37,142,107,433,40,102,128,449,159,423,421,1532,4418
1378,451,442,147,450,132,141,52,456,146,135,38,134,46,57,20,3134
308,270,278,258,264,268,254,257,262,271,262,248,280,234,249,262,4442
415,317,321,242,307,270,242,215,312,238,261,223,261,209,210,182,4290
840,410,413,203,428,194,188,121,395,200,224,112,203,127,106,61,3773
327,297,303,271,288,272,246,230,306,237,248,245,277,230,239,209,4381
293,264,271,277,272,252,252,254,276,255,241,258,264,259,266,271,4439
380,326,297,276,325,249,242,219,318,242,285,190,256,218,211,191,4329
1500,440,441,129,444,141,141,26,451,125,133,43,115,46,37,13,2991
574,390,375,213,389,240,225,166,370,211,274,165,219,179,146,89,4087
178,173,183,273,188,233,262,308,189,241,222,339,252,344,324,516,4550
365,307,320,239,309,284,234,221,310,245,270,223,247,212,224,215,4339
1409,426,448,147,452,150,119,45,425,129,155,57,144,61,44,14,3064
1,7,11,69,6,69,11,214,10,8,61,221,71,216,217,3033,4243
45,81,87,187,103,185,149,416,84,181,198,390,168,406,419,1126,4510
13,33,35,150,34,123,93,403,36,94,119,404,148,403,406,1731,4399
1020,453,448,195,451,172,171,73,447,161,181,78,198,81,67,29,3537
25,60,47,136,52,152,102,418,46,123,171,384,145,389,404,1571,4425
645,392,371,222,366,223,243,155,370,232,240,145,249,140,133,99,4055
1208,452,428,184,430,145,165,64,447,143,152,62,187,64,59,35,3325
58,116,114,206,110,208,172,423,108,190,212,403,218,399,415,873,4529
757,420,410,227,406,222,189,122,413,185,225,116,238,112,115,68,3842
418,329,330,265,346,226,243,211,327,265,244,190,251,206,209,165,4315
325,283,300,274,293,268,258,217,296,254,248,238,268,231,230,242,4412
2988,259,271,25,270,31,22,2,260,31,29,5,25,4,3,0,1290
2889,290,285,36,283,27,27,4,290,23,25,3,38,1,4,0,1386
3017,264,267,22,268,28,14,4,261,20,32,1,24,2,1,0,1242
342,291,284,259,283,270,268,235,288,275,272,221,263,220,232,222,4426
76,117,130,216,124,237,228,353,135,194,213,400,204,394,371,833,4571
1397,434,438,153,435,148,144,43,449,142,130,49,141,46,58,18,3114
67,97,125,261,120,229,195,378,111,193,210,408,252,403,392,784,4546
823,395,421,225,408,229,194,103,415,211,196,112,218,99,123,53,3807
2210,397,390,70,393,57,69,12,395,64,62,10,69,13,10,4,2148
334,294,274,261,283,247,252,257,287,263,263,226,259,235,250,240,4406
873,418,409,216,410,214,202,99,430,190,203,102,203,103,111,42,3744
298,275,265,278,263,280,256,247,281,247,272,246,274,244,253,246,4430
357,272,295,254,302,297,239,217,292,248,284,231,227,238,237,235,4355
40,76,79,198,59,180,144,420,75,156,161,411,219,391,419,1197,4485
222,230,227,288,234,258,238,288,244,241,251,282,267,289,302,364,4482
2474,362,364,42,363,57,43,3,362,42,56,6,43,5,3,0,1836
155,184,181,237,170,262,241,348,185,236,250,350,247,339,349,491,4547
0,3,5,61,2,64,0,79,2,4,62,77,65,74,78,3649,4229
251,266,248,259,235,277,249,283,252,237,278,277,286,264,269,294,4460
177,227,219,246,215,282,267,299,225,255,280,303,252,299,297,382,4570
143,195,198,247,196,254,207,336,195,194,252,352,249,350,336,521,4483
2358,371,367,49,362,74,58,9,366,50,74,13,59,8,4,3,1975
9,23,14,88,16,87,45,325,20,40,92,321,89,323,322,2411,4301
1095,411,420,186,413,199,172,75,419,160,184,96,185,89,83,38,3462
540,337,358,244,351,264,238,165,343,242,251,182,245,175,171,119,4165
513,346,348,263,346,233,248,179,346,240,231,189,265,187,179,112,4200
976,431,435,170,421,206,184,94,414,185,209,97,201,83,77,42,3618
12,42,43,119,35,119,95,388,38,70,115,414,131,406,384,1814,4378
676,371,396,223,404,200,221,152,365,253,214,145,221,153,146,85,4023
588,346,362,250,364,240,223,156,344,209,244,186,250,188,154,121,4069
227,227,226,270,238,245,226,312,217,237,267,300,268,312,302,351,4461
26,78,74,192,80,167,142,420,72,147,179,411,192,417,414,1214,4488
373,307,286,253,303,261,227,253,283,240,302,219,260,236,229,193,4319
0,7,10,66,7,84,18,211,12,19,76,213,64,210,216,3012,4262
65,101,110,215,111,222,175,407,101,183,223,408,214,409,407,874,4518
1344,433,443,154,435,166,145,44,434,142,157,57,161,49,45,16,3168
448,313,309,270,301,279,269,187,320,248,264,204,271,196,194,152,4294
830,414,437,214,425,190,178,122,412,216,180,107,228,95,120,57,3789
106,137,146,223,141,241,215,374,135,217,238,381,230,376,372,693,4551
7,26,29,121,41,117,98,370,28,91,127,380,107,392,372,1919,4407
745,414,400,243,412,191,229,117,415,226,202,106,230,118,118,59,3935
670,386,361,247,381,227,204,153,380,204,253,128,233,148,147,103,3963
1513,450,441,128,446,116,129,46,447,132,124,34,126,39,43,11,2973
1087,430,434,180,429,175,166,85,416,172,184,83,199,78,71,36,3476
1084,411,437,187,448,171,193,62,424,208,169,73,163,84,75,36,3542
12,45,36,131,37,113,83,387,36,82,123,379,139,380,378,1864,4378
838,427,411,208,420,217,191,106,419,174,234,107,207,116,98,52,3752
318,301,292,265,291,250,258,230,302,234,248,245,265,244,231,251,4399
32,77,67,169,72,156,144,425,59,133,179,426,182,431,407,1266,4470
70,117,112,213,121,239,211,403,121,221,244,388,200,397,407,761,4587
51,101,100,195,106,200,202,403,100,184,207,420,190,426,402,938,4560
107,155,142,257,148,231,237,372,158,203,234,393,248,399,375,566,4558
871,399,415,210,434,206,202,98,405,219,219,97,185,116,104,45,3775
2139,406,398,67,396,81,72,10,408,57,77,17,67,15,12,3,2215
21,71,67,191,71,180,149,413,74,139,181,419,184,423,416,1226,4492
173,190,204,268,203,254,226,323,208,237,235,326,251,325,341,461,4515
778,430,397,216,399,225,218,111,429,195,228,101,215,103,110,70,3860
3,14,17,72,16,76,13,257,18,15,71,258,69,257,261,2808,4250
477,348,339,263,335,258,244,185,351,244,251,176,264,172,188,130,4236
2049,400,401,89,399,75,87,17,401,85,72,20,90,18,18,4,2348
163,187,216,260,204,250,218,323,184,221,241,349,275,337,320,477,4501
654,383,387,242,395,227,226,132,375,221,243,141,242,149,124,84,4018
13,45,43,120,44,146,97,422,41,120,151,397,123,398,418,1647,4429
2,10,7,69,12,69,8,174,13,12,71,167,61,172,177,3201,4243
149,169,173,269,177,242,237,334,184,218,231,357,250,361,349,525,4531
366,296,316,278,310,262,230,217,315,240,237,227,265,221,236,209,4329
1119,450,440,178,440,161,176,71,438,176,173,61,190,61,59,32,3458
181,200,190,253,209,266,242,323,187,242,298,313,247,332,310,432,4528
15,62,67,166,66,158,126,419,60,123,159,427,169,426,417,1365,4459
231,271,255,249,238,246,287,284,268,263,232,292,269,275,281,284,4544
21,45,51,132,47,164,104,419,48,123,157,406,133,402,422,1551,4431
23,58,64,164,56,162,113,409,64,118,148,410,166,402,415,1453,4433
8,17,21,81,18,95,33,295,21,35,88,297,80,294,299,2543,4285
2473,347,349,55,348,56,58,4,355,56,47,8,48,7,12,2,1866
1814,430,436,96,430,106,101,16,433,95,97,28,99,22,19,3,2607
1202,453,434,164,438,152,171,70,453,159,156,63,160,67,70,13,3353
29,52,61,169,62,153,104,419,56,127,150,405,164,406,423,1445,4427
23,49,37,144,36,122,75,410,44,90,126,383,150,382,405,1749,4367
240,230,234,259,241,258,263,286,224,266,271,287,258,294,280,334,4514
8,31,26,107,24,100,56,368,24,54,105,365,116,363,361,2117,4327
148,209,202,237,205,264,238,337,207,251,269,317,236,320,335,450,4566
1324,438,427,160,424,151,167,54,426,156,160,54,175,51,42,16,3224
158,187,186,240,200,262,199,342,169,200,294,340,244,354,324,526,4466
83,115,99,210,105,212,185,412,108,172,225,409,211,415,405,859,4499
1209,422,442,172,451,158,165,55,420,174,169,66,165,75,53,29,3355
269,280,266,231,269,272,245,273,258,218,297,286,250,289,251,271,4419
40,98,100,182,88,189,150,418,83,150,192,420,209,408,403,1095,4485
733,402,410,207,413,228,204,123,398,210,235,125,208,128,119,82,3906
2609,340,346,35,343,37,37,6,340,42,34,7,38,4,6,1,1695
116,176,189,250,180,257,225,344,179,229,245,353,256,344,347,535,4563
156,194,204,257,197,260,214,329,198,212,249,341,260,334,333,487,4495
2274,374,386,55,389,69,61,9,372,72,74,10,54,13,7,6,2084
2241,391,385,63,385,64,72,9,392,65,63,10,62,10,10,3,2121
236,269,275,235,275,289,259,275,269,290,289,250,235,250,275,254,4538
693,385,388,247,394,223,181,152,382,201,232,135,244,141,149,78,3914
866,414,418,206,411,202,219,97,416,217,193,103,211,96,99,57,3795
5,26,21,119,34,95,49,347,30,46,104,345,102,358,351,2193,4315
27,58,45,138,45,144,111,429,46,121,156,406,150,406,417,1526,4430
152,172,198,274,202,215,221,331,176,226,215,352,266,356,335,534,4520
114,155,166,254,158,243,239,359,160,235,230,374,257,366,364,551,4585
1361,433,440,140,434,152,144,57,436,138,143,70,143,64,60,10,3146
349,285,291,296,297,258,250,216,302,249,247,223,273,229,233,227,4375
28,64,65,185,66,181,159,412,79,146,167,426,169,427,427,1224,4502
2899,290,288,26,285,31,25,3,289,22,29,4,30,1,2,1,1373
2,16,21,87,16,100,36,305,21,36,90,310,87,305,310,2483,4295
203,238,227,238,221,252,254,322,226,253,258,312,256,306,310,349,4529
2542,354,341,36,344,52,50,6,349,37,60,6,38,9,1,0,1770
2675,325,328,44,330,41,28,3,328,32,40,2,39,4,6,0,1610
461,338,326,249,322,297,223,193,359,222,272,182,232,178,214,157,4209
0,3,4,59,1,63,0,26,2,0,61,27,63,24,25,3867,4225
221,256,245,259,231,267,257,293,238,261,271,278,291,264,275,318,4522
2134,391,387,72,387,82,83,16,396,80,77,15,67,15,21,2,2254
12,33,41,99,27,116,63,372,20,58,115,385,126,371,359,2028,4334
193,198,198,258,204,254,218,332,181,218,277,332,269,338,315,440,4468
444,308,318,257,317,277,236,194,321,230,263,210,245,209,207,189,4247
2434,356,352,53,354,53,64,10,355,65,56,5,52,7,9,0,1920
15,30,31,123,37,118,82,369,29,76,125,376,118,382,368,1946,4368
5,12,15,87,14,93,38,304,15,26,89,319,85,318,307,2498,4284
446,319,332,250,344,259,224,199,316,230,274,206,241,218,196,171,4233
1150,462,430,172,434,157,182,72,451,170,172,52,179,56,61,25,3427
1,10,8,78,10,66,7,235,9,22,69,218,77,220,234,2961,4253
41,81,94,189,85,181,162,407,82,160,171,422,197,413,408,1132,4506
316,271,259,293,280,254,247,248,279,235,267,248,264,269,256,239,4391
432,333,320,236,328,282,232,209,333,228,290,200,228,208,209,157,4253
1430,443,443,146,446,122,137,51,436,148,132,40,150,43,44,14,3080
97,129,145,235,145,252,198,377,151,207,230,384,213,384,399,679,4533
0,5,9,65,4,71,9,155,8,6,63,162,67,157,158,3286,4240
2099,399,397,78,393,86,76,13,402,69,79,18,79,14,16,7,2271
242,245,264,252,259,270,257,263,263,258,247,281,239,276,281,328,4498
1888,409,415,101,422,109,86,15,416,85,109,22,87,29,22,10,2508
1,12,11,67,12,60,13,184,9,10,64,186,69,187,181,3159,4247
16,24,37,135,30,132,74,390,38,79,111,398,128,391,404,1838,4362
3062,260,252,26,254,19,24,1,260,15,21,2,24,4,1,0,1202
392,335,340,236,318,272,231,211,335,232,250,215,258,193,211,196,4296
297,294,286,243,266,270,259,256,286,251,258,256,271,236,248,248,4438
57,121,126,217,117,193,187,402,119,187,186,407,228,398,400,880,4542
237,229,239,267,230,250,251,297,219,272,251,286,286,277,287,347,4511
19,42,43,138,51,157,120,384,54,87,153,418,118,426,396,1619,4413
181,212,230,273,227,242,251,304,228,257,223,316,260,313,320,388,4552
7,25,13,95,21,80,41,321,19,44,94,306,93,314,315,2437,4303
3,19,22,113,16,99,49,334,18,55,94,331,120,325,333,2294,4326
277,265,261,262,279,269,235,265,271,249,281,247,238,265,271,290,4432
113,154,162,243,169,250,200,375,169,220,242,363,221,370,390,584,4532
413,336,320,273,334,260,229,194,346,218,264,189,249,203,204,193,4259
7,31,30,129,31,123,73,376,31,84,124,364,128,365,376,1953,4375
171,183,209,252,202,269,221,320,197,223,248,344,245,337,334,470,4498
243,255,260,274,250,264,246,287,258,258,251,280,281,270,290,258,4486
363,310,289,261,302,244,246,241,291,247,276,219,267,232,222,215,4355
347,298,300,251,293,243,266,243,284,276,250,235,272,228,229,210,4420
316,286,304,264,289,285,256,213,304,232,252,255,261,240,231,237,4397
2464,359,357,43,359,48,51,12,352,57,57,4,48,6,5,3,1869
563,337,354,225,343,235,221,191,328,244,233,185,245,174,182,165,4127
44,84,81,186,78,196,169,401,83,161,194,406,190,403,400,1149,4511
815,405,431,222,437,204,190,100,404,201,211,115,217,121,99,53,3801
60,114,104,230,101,210,180,412,110,181,211,401,237,398,408,868,4526
416,325,317,253,318,271,243,205,333,238,264,202,244,203,213,180,4290
453,320,344,257,335,254,236,196,319,244,246,212,267,203,195,144,4252
4,13,13,79,19,75,23,255,18,21,76,257,68,263,260,2781,4265
2510,345,330,57,331,54,60,8,347,42,53,11,54,12,10,1,1817
721,392,391,219,369,254,237,122,403,226,221,132,230,110,133,65,3967
1156,462,445,158,449,172,165,65,457,155,181,58,159,62,60,21,3389
637,370,360,248,345,256,239,148,397,214,214,163,236,148,175,75,4041
415,324,336,289,336,243,236,181,339,223,228,206,274,206,196,193,4269
198,229,226,254,224,293,236,301,226,234,294,300,259,298,298,355,4497
6,34,27,116,31,104,74,371,22,62,120,376,124,380,359,2019,4355
331,296,301,262,276,278,254,237,304,264,245,232,279,207,245,214,4412
396,321,318,252,324,273,238,212,325,235,275,212,242,218,216,168,4302
1131,427,415,178,421,184,170,78,421,159,196,77,178,83,72,35,3423
29,62,77,180,64,194,141,406,80,133,163,429,175,416,424,1252,4470
226,240,249,228,235,299,227,297,239,231,286,302,243,288,296,339,4457
340,311,308,257,310,276,239,224,335,243,254,217,231,219,248,213,4367
570,374,353,223,347,257,230,177,354,211,271,175,249,169,157,108,4096
326,287,305,257,285,260,239,246,276,250,251,253,288,233,235,234,4388
5,28,28,118,29,111,75,379,31,67,109,387,114,388,382,1974,4362
448,327,329,262,338,259,224,198,343,230,252,194,237,203,214,167,4231
27,55,79,173,68,174,122,385,69,127,149,404,170,393,399,1431,4447
64,121,118,215,128,219,203,381,128,186,222,395,198,405,388,854,4550
25,60,62,148,56,136,118,418,64,125,126,413,150,407,422,1495,4443
474,337,323,245,318,253,227,211,331,222,254,202,256,197,205,170,4200
49,105,89,182,109,192,165,428,92,172,225,405,175,425,415,997,4513
2483,357,343,47,342,52,61,7,358,42,50,12,47,11,8,5,1845
268,264,254,270,279,253,246,264,261,244,281,256,248,281,261,295,4447
1,8,7,68,8,63,6,167,7,10,65,162,68,163,166,3256,4240
597,353,371,258,388,222,211,156,380,230,212,155,214,172,183,123,4069
56,103,98,196,101,223,176,409,100,153,229,427,196,430,406,922,4498
8,27,26,108,32,94,73,371,28,61,99,382,101,388,372,2055,4351
203,238,228,252,236,282,219,309,238,212,290,306,244,314,309,345,4453
433,307,315,281,319,252,257,199,301,269,262,195,283,199,193,160,4318
566,390,365,217,360,260,231,165,372,208,273,163,240,158,147,110,4098
449,308,308,233,313,272,240,221,305,251,280,210,231,215,218,171,4267
91,146,144,218,122,232,200,391,120,196,236,393,266,371,365,734,4530
101,136,146,234,146,229,233,380,139,235,226,388,231,388,383,630,4592
292,269,265,239,266,283,216,273,257,214,296,271,250,272,261,301,4363
3325,202,214,10,214,7,11,0,202,23,7,0,10,0,0,0,934
51,90,98,205,96,191,174,409,97,166,182,425,200,423,416,1002,4514
752,395,392,235,405,215,197,129,394,201,229,122,223,135,128,73,3871
488,342,353,246,338,242,252,182,331,246,238,199,272,184,171,141,4235
19,47,46,141,50,157,99,399,51,83,157,414,133,418,403,1608,4388
2061,403,417,76,415,84,68,15,395,88,90,9,86,7,7,4,2320
703,387,384,217,402,207,226,148,371,248,241,123,215,141,132,80,3996
863,395,389,232,408,218,189,107,394,189,238,101,214,120,106,62,3740
458,344,352,268,360,231,222,185,347,241,236,174,257,182,188,180,4230
262,263,272,269,250,278,245,256,264,229,255,281,290,259,257,295,4437
12,45,35,134,42,132,80,383,43,97,141,356,129,363,381,1852,4390
187,217,206,247,219,250,252,306,209,230,271,317,242,330,298,444,4520
1232,407,428,165,421,184,154,66,403,161,181,80,176,73,62,32,3308
36,70,72,173,70,203,132,423,88,121,183,436,157,434,441,1186,4442
293,289,294,248,291,242,247,262,257,252,271,262,283,259,230,245,4431
133,175,178,236,178,226,206,379,169,219,232,369,242,369,373,541,4517
5,22,21,91,24,95,44,329,18,50,102,322,92,325,325,2360,4314
77,112,114,220,127,214,161,396,107,180,232,379,212,392,391,911,4489
1215,435,425,189,421,161,159,64,449,142,143,71,179,67,78,27,3311
1317,436,436,165,451,148,150,50,445,154,154,46,141,61,59,12,3212
248,275,253,250,235,286,264,271,279,243,264,270,264,252,275,296,4484
184,199,220,275,237,246,219,310,205,229,257,321,252,338,316,417,4489
0,3,5,68,7,66,8,120,9,4,62,126,60,128,126,3433,4237
2656,327,315,43,316,44,52,4,330,41,42,3,39,4,7,2,1662
219,219,227,239,199,274,240,308,213,224,252,332,273,304,302,400,4470
52,90,94,189,91,223,140,417,99,158,211,403,183,400,426,1049,4471
4,18,20,94,20,89,44,333,13,49,94,330,99,330,328,2360,4314
138,182,198,265,195,230,227,344,176,251,233,336,274,333,338,505,4565
2888,294,294,22,287,27,32,2,292,27,22,7,31,0,0,0,1396
131,169,194,249,184,261,219,329,192,228,228,345,236,335,352,573,4541
63,91,103,202,98,219,179,402,115,176,190,417,183,412,426,949,4517
225,244,224,257,236,269,240,294,240,224,285,290,249,302,290,356,4464
1819,431,430,94,436,101,98,22,431,102,107,17,88,23,22,4,2606
214,203,219,250,207,270,241,319,205,250,256,326,260,314,321,370,4502
181,190,213,252,185,263,255,305,200,228,225,355,270,327,315,461,4527
145,154,181,234,168,274,228,335,169,227,246,363,232,350,350,569,4535
108,176,165,248,173,228,216,373,176,211,236,367,240,375,373,560,4544
1153,442,436,158,437,184,163,74,433,167,194,64,166,65,65,24,3402
998,442,428,181,440,181,187,92,450,198,185,67,161,79,100,36,3612
62,96,113,201,110,213,187,404,107,202,199,406,193,403,415,914,4552
304,259,258,253,266,252,221,283,247,227,272,276,257,284,271,295,4369
65,107,108,201,107,200,172,415,91,173,215,415,218,414,399,925,4505
287,292,269,286,281,236,270,241,289,254,251,234,277,246,238,274,4462
439,329,334,280,332,268,244,180,329,246,266,183,282,181,180,152,4276
252,223,216,279,217,253,219,304,230,228,247,288,271,289,311,398,4420
68,98,112,191,96,220,155,416,101,180,201,405,204,389,419,970,4492
605,367,374,238,367,256,234,148,375,245,241,144,237,137,156,101,4099
1732,438,423,106,424,101,124,30,433,116,107,23,110,24,25,9,2733
85,116,130,213,126,208,169,400,110,170,210,413,223,409,394,849,4479
23,50,58,144,58,149,115,409,56,117,143,415,138,415,415,1520,4434
18,55,61,132,45,149,77,413,56,104,132,392,147,376,414,1654,4388
1260,421,437,163,431,174,144,63,428,153,161,70,162,64,70,24,3262
99,131,140,226,145,214,195,396,137,197,213,403,215,408,402,704,4518
95,147,158,234,147,234,192,389,144,206,226,386,248,375,386,658,4528
1010,438,425,191,434,171,180,100,430,193,188,74,190,83,92,26,3588
1243,431,439,153,434,169,166,61,422,172,173,63,167,58,52,22,3320
281,271,251,279,258,247,256,263,262,237,263,262,281,269,254,291,4437
77,130,129,207,148,225,209,396,122,223,252,381,196,400,388,742,4580
5,23,24,122,23,108,55,353,27,73,103,336,119,335,357,2162,4348
2281,375,378,61,379,55,78,10,372,79,59,12,63,13,7,3,2101
3,6,11,61,7,69,3,155,10,6,61,157,61,153,159,3303,4231
607,379,381,232,375,245,233,149,369,236,249,148,248,142,139,93,4087
268,252,266,300,279,263,225,252,264,229,264,262,275,275,264,287,4411
1169,436,435,173,435,160,170,69,432,168,164,70,177,70,65,32,3394
2683,316,317,45,317,35,49,3,318,47,33,6,43,6,5,2,1638
1452,435,421,167,422,143,141,39,446,131,133,35,155,36,50,19,3045
5,17,17,86,20,89,32,285,14,33,95,284,86,287,282,2593,4285
58,82,90,201,91,212,185,411,102,180,193,424,180,425,431,960,4532
9,25,21,114,28,99,58,354,26,54,105,354,106,361,355,2156,4328
0,5,10,61,4,65,6,116,9,5,55,122,63,116,120,3468,4236
94,119,121,242,133,244,190,374,128,188,247,378,221,390,383,773,4509
3,23,29,112,21,126,53,371,32,59,109,371,111,363,380,2062,4334
3181,235,237,17,237,15,13,2,234,15,16,2,18,2,1,0,1072
63,116,128,217,125,212,173,402,124,169,201,418,212,415,410,840,4504
154,208,207,262,206,261,252,311,206,240,262,322,265,321,309,439,4563
4,23,24,84,20,90,38,335,28,47,81,327,83,323,340,2378,4306
28,61,62,164,51,170,123,416,61,115,159,425,175,414,416,1385,4435
671,390,382,230,385,246,208,139,382,201,257,138,235,141,131,89,3963
45,71,75,184,66,183,139,413,70,155,175,401,194,392,412,1250,4474
432,321,332,261,332,260,234,198,327,230,254,213,255,213,204,159,4257
157,198,202,217,202,256,231,336,186,234,268,337,229,337,324,511,4533
408,290,289,273,293,276,251,210,312,242,258,218,247,222,232,204,4310
2288,371,376,70,380,71,53,10,369,56,77,12,68,16,8,0,2046
3432,184,180,5,179,17,13,0,184,8,16,1,6,0,0,0,814
826,426,408,219,406,202,213,108,406,198,220,105,241,103,88,56,3810
0,4,8,68,11,70,17,186,14,9,63,198,55,201,196,3125,4251
241,273,254,249,255,262,237,286,258,229,278,275,263,276,271,318,4450
303,277,277,252,283,271,228,262,256,244,298,246,267,252,241,268,4394
966,404,421,196,418,209,188,92,404,206,206,91,199,88,92,45,3653
0,5,4,63,5,62,8,119,4,0,64,126,63,127,118,3457,4233
841,406,388,221,380,223,187,127,399,179,222,117,236,109,120,70,3750
33,75,64,175,64,193,141,410,70,128,198,412,180,412,405,1265,4461
239,230,245,258,248,267,234,275,249,222,251,302,236,305,294,370,4442
50,114,102,184,93,188,160,437,106,178,187,407,201,398,429,991,4513
684,410,368,232,378,204,245,145,391,213,233,135,241,145,126,75,3999
53,120,110,220,112,220,203,394,115,177,227,410,223,412,389,840,4552
1971,407,415,88,414,101,88,10,409,88,98,18,87,17,12,2,2430
0,5,10,60,5,64,12,123,8,1,56,139,62,134,126,3420,4238
145,195,200,265,196,251,218,337,190,227,252,333,274,329,332,481,4525
325,298,289,238,279,258,266,246,283,256,263,247,263,237,231,246,4422
480,362,377,242,360,246,222,181,337,231,254,187,284,170,156,136,4198
173,194,179,257,190,254,225,344,189,232,270,322,251,333,339,473,4509
1,12,12,74,8,65,16,215,8,13,65,218,82,214,211,3011,4253
1948,396,403,103,408,92,94,19,398,100,95,20,96,25,21,7,2471
365,285,289,252,279,292,238,225,301,212,266,255,246,245,241,234,4310
129,173,174,243,181,255,248,344,183,241,252,352,226,359,354,511,4585
0,11,8,77,12,65,19,221,10,18,70,219,74,223,220,2978,4262
1120,427,445,184,447,168,156,74,432,176,165,72,177,74,79,29,3437
581,379,383,213,369,250,216,177,367,238,248,159,239,145,165,96,4098
402,290,310,261,307,265,246,207,279,248,273,225,275,222,196,219,4317
659,368,388,243,390,236,234,128,381,241,225,141,228,143,141,79,4041
1972,400,408,107,410,83,82,18,407,85,78,23,98,25,25,4,2420
2276,377,380,58,377,64,74,11,378,76,60,12,60,9,12,1,2099
775,401,413,214,418,219,213,108,398,214,227,119,212,124,105,65,3877
360,298,284,250,297,270,230,245,299,227,282,234,236,247,246,220,4322
767,401,394,242,399,201,196,128,381,196,226,121,257,126,108,82,3850
36,85,90,171,92,162,150,408,73,134,176,429,181,431,396,1211,4473
24,77,66,159,73,156,133,430,55,131,185,421,174,428,408,1305,4465
14,50,56,130,43,140,67,410,43,92,134,391,150,378,403,1724,4370
32,73,88,195,81,188,149,400,104,150,150,414,171,407,431,1192,4492
28,45,40,130,47,149,122,387,47,93,154,411,121,418,389,1644,4412
33,76,62,179,59,161,139,404,66,123,168,406,192,403,394,1360,4454
2601,342,336,31,337,45,50,5,342,45,46,4,30,5,5,1,1719
4189,9,9,0,9,0,0,0,9,0,0,0,0,0,0,0,36
349,310,310,261,291,253,265,217,310,238,234,244,280,225,217,221,4379
2389,356,368,63,367,56,54,8,354,66,57,8,66,7,6,0,1956
373,296,309,268,298,274,226,237,305,263,254,213,270,202,246,191,4341
3357,197,198,14,199,10,12,1,196,14,12,0,14,1,0,0,894
39,83,91,202,94,203,164,420,88,185,201,407,194,410,425,1019,4535
664,393,391,214,385,248,220,138,387,229,248,127,226,121,132,102,4010
3952,67,66,2,66,1,1,0,67,0,1,0,2,0,0,0,274
581,370,341,233,334,243,258,165,363,220,243,174,247,167,158,128,4122
171,193,201,278,200,262,235,317,210,229,244,331,262,330,334,428,4518
296,250,250,269,260,247,245,282,243,265,264,262,266,272,275,279,4439
1330,443,462,147,470,140,134,47,433,152,158,48,149,56,37,19,3181
854,412,406,203,391,219,207,114,403,198,213,117,227,102,105,54,3776
2574,335,339,59,342,38,38,6,336,44,40,4,55,7,7,1,1733
56,128,124,244,124,221,183,389,117,172,232,396,255,396,378,810,4524
525,358,359,254,382,216,251,171,353,277,244,146,236,169,166,118,4228
89,160,147,226,137,228,185,404,154,183,224,393,242,383,398,672,4504
326,288,291,271,302,269,263,219,293,248,275,237,255,248,224,216,4410
2942,273,275,25,277,31,28,4,272,33,34,1,24,3,3,0,1344
3242,225,223,9,221,18,17,1,228,14,13,2,8,0,4,0,1014
168,198,199,262,189,257,249,323,203,255,242,318,267,308,328,459,4561
78,108,144,208,136,192,177,384,106,188,186,409,218,401,382,908,4512
2157,397,400,66,393,75,71,13,393,68,72,19,77,12,9,3,2207
94,149,165,214,137,249,215,374,155,198,215,407,236,379,380,658,4544
369,340,289,281,301,259,251,218,344,223,267,195,265,207,222,194,4330
282,279,264,254,275,249,289,262,245,280,294,256,277,267,228,224,4512
137,166,176,260,167,242,196,363,161,212,238,357,274,348,358,570,4496
204,235,229,272,231,242,254,296,226,233,253,311,279,313,287,360,4508
