Pattern 1,Pattern 2,Pattern 3,Pattern 4,Pattern 5,Pattern 6,Pattern 7,Pattern 8,Pattern 9,Pattern 10,Pattern 11,Pattern 12,Pattern 13,Pattern 14,Pattern 15,Pattern 16,Euler_8_Async
112,381,381,1546,354,1508,1451,6370,354,1356,1508,6465,1600,6438,6343,29882,-7440
2154,2799,2850,3748,2833,3944,3865,5434,2793,3879,3933,5471,3771,5454,5428,7693,-6500
2142,2791,2749,3790,2718,3873,3745,5551,2713,3742,3920,5512,3899,5481,5473,7950,-6505
16417,6736,6786,2826,6797,2922,2878,1187,6726,2931,2943,1184,2825,1195,1177,519,2671
36,166,182,1008,185,996,820,5309,165,792,1000,5353,1006,5356,5308,38367,-5963
4524,4258,4271,4200,4305,4073,4121,3907,4303,4033,4062,4008,4121,4042,3952,3869,-3770
38056,5609,5595,872,5596,840,812,129,5620,786,830,141,860,142,140,21,4668
31672,6390,6423,1270,6423,1272,1266,273,6375,1326,1287,246,1285,246,258,37,4851
76,293,291,1305,289,1295,1180,6112,288,1161,1298,6129,1312,6127,6107,32786,-6999
2704,3295,3364,4059,3311,4031,3954,4914,3321,3943,3952,4994,4086,4941,4940,6240,-5573
9290,5800,5979,3681,5909,3737,3668,2347,5774,3745,3693,2449,3777,2379,2321,1500,-215
5913,4878,4859,4060,4844,4055,3954,3401,4888,3887,4030,3449,4065,3434,3411,2921,-2477
15491,6732,6793,2927,6781,2991,2952,1280,6727,2982,2984,1311,2944,1299,1275,580,2500
3100,3488,3429,4204,3483,4192,4126,4625,3529,4048,4205,4644,4109,4698,4666,5503,-5263
24618,6833,6875,2024,6893,1881,1885,556,6820,1955,1912,528,2019,546,543,161,4392
4325,4236,4332,4077,4235,4161,3988,4023,4227,4080,4073,4027,4183,3930,4014,4138,-3775
3177,3451,3461,4102,3560,4050,4000,4716,3443,4027,4157,4699,4011,4798,4708,5689,-5265
332,876,892,2602,902,2367,2408,6910,907,2440,2346,6894,2561,6904,6941,19767,-8442
58125,1874,1879,62,1875,76,63,5,1871,69,75,4,69,0,2,0,1806
47662,4063,4065,332,4065,330,340,29,4062,337,331,34,333,34,28,4,3694
6406,5094,5044,4064,5011,4010,3944,3196,5071,3863,4000,3227,4120,3194,3173,2632,-2046
5143,4581,4576,4227,4621,4091,4177,3570,4659,4093,4058,3649,4104,3694,3648,3158,-3166
15933,6715,6825,2903,6796,2916,2845,1266,6722,2942,2880,1279,2925,1250,1273,579,2604
6080,4944,4940,4118,4933,4024,4006,3286,4971,3979,3990,3309,4098,3302,3313,2756,-2348
20661,6957,7018,2381,7029,2283,2329,779,6967,2374,2284,795,2360,806,789,237,3849
3425,3726,3672,4165,3738,4070,4040,4522,3738,4022,4124,4486,4087,4552,4534,5148,-4836
12907,6385,6404,3283,6414,3399,3238,1704,6402,3304,3392,1657,3256,1667,1721,916,1443
4206,4016,4006,4177,4011,4181,4111,4131,4002,4083,4200,4149,4186,4154,4117,4319,-4226
3236,3635,3619,4103,3636,3994,4037,4664,3594,4057,4052,4628,4127,4645,4623,5399,-5066
6470,5053,5065,3964,5068,4044,3908,3241,5035,3928,4065,3233,3979,3236,3223,2537,-2096
17508,6900,6909,2699,6874,2764,2678,1069,6898,2669,2731,1087,2736,1052,1067,408,3153
31953,6422,6330,1248,6337,1250,1290,263,6398,1223,1281,238,1265,245,239,67,4869
13354,6574,6548,3208,6559,3267,3187,1594,6568,3205,3284,1550,3203,1561,1588,799,1793
9705,5946,6046,3638,6009,3576,3627,2324,5895,3772,3590,2279,3726,2242,2273,1401,-5
3,27,27,313,22,312,106,2176,22,87,312,2195,323,2190,2171,55763,-2255
25277,6799,6846,1890,6884,1856,1859,501,6835,1892,1858,515,1816,553,537,131,4439
41642,5041,5112,624,5112,642,602,68,5058,663,625,78,607,78,85,12,4371
5854,4818,4900,4080,4909,3982,4058,3391,4849,4110,3960,3421,4040,3430,3422,2825,-2631
59693,1530,1531,43,1533,38,32,1,1532,34,38,0,39,2,3,0,1497
27693,6670,6773,1603,6724,1689,1551,413,6670,1623,1640,444,1652,395,413,96,4706
2770,3295,3443,4045,3481,3980,3862,4902,3315,3950,3998,4962,3987,5000,4922,6137,-5469
1333,2125,2109,3719,2124,3533,3627,6006,2152,3583,3521,6034,3677,6049,6033,10424,-7508
9140,5700,5733,3824,5727,3769,3698,2449,5681,3732,3782,2448,3849,2442,2430,1645,-447
5181,4571,4571,4132,4600,4124,4068,3670,4580,4129,4144,3609,4094,3638,3679,3259,-3167
17283,6921,6862,2753,6832,2776,2733,1081,6919,2681,2748,1074,2785,1044,1079,478,3107
7901,5498,5553,3863,5495,3901,3810,2740,5530,3810,3811,2795,3889,2737,2772,1944,-1052
804,1519,1489,3083,1510,3127,3073,6616,1481,3038,3186,6621,3100,6642,6578,14182,-8170
702,1466,1354,3090,1428,2990,3026,6684,1453,2963,3077,6635,3029,6709,6671,14772,-8244
5214,4582,4603,4198,4669,4056,4077,3614,4641,4047,4063,3665,4073,3731,3673,3143,-3109
6320,5053,4999,3998,4997,4021,4007,3248,5075,3942,3997,3259,3978,3257,3270,2628,-2202
18165,7004,6811,2674,6826,2572,2654,1056,6963,2481,2628,1036,2700,1051,1015,413,3294
3535,3796,3648,4205,3713,4108,4128,4463,3864,4027,4105,4416,4072,4481,4531,4957,-4795
70,340,351,1469,327,1459,1282,6399,331,1298,1444,6394,1502,6370,6390,30623,-7341
26633,6867,6803,1651,6823,1745,1700,469,6848,1709,1784,396,1650,416,450,105,4698
10875,6245,6202,3483,6200,3576,3520,2007,6257,3460,3562,2024,3473,2022,2019,1124,718
60,278,303,1320,307,1326,1120,6298,314,1194,1294,6249,1280,6253,6334,32119,-7140
4099,4197,3980,4076,4067,4108,4135,4260,4111,4120,4281,4058,4075,4145,4174,4163,-4198
2,17,14,266,14,270,32,1546,12,41,275,1534,271,1534,1541,58680,-1561
12,62,82,542,68,574,323,4079,65,361,557,4061,553,4047,4082,46581,-4340
63599,603,605,6,605,5,5,0,603,7,5,0,6,0,0,0,598
19272,6918,6871,2538,6899,2475,2545,932,6910,2474,2511,956,2518,984,924,322,3441
2531,3191,3182,3972,3200,3954,3874,5134,3126,3923,4037,5076,4019,5094,5069,6667,-5817
170,560,526,1920,560,1889,1730,6713,546,1737,1937,6672,1900,6706,6699,25784,-7883
8287,5646,5646,3786,5662,3864,3780,2603,5653,3750,3873,2633,3763,2649,2610,1844,-737
2730,3389,3298,4037,3297,4006,3986,5004,3365,3992,4029,4907,4062,4906,4980,6061,-5601
409,1027,1039,2670,1019,2717,2613,6738,1080,2544,2644,6819,2637,6799,6791,18503,-8324
50218,3544,3574,237,3583,273,232,16,3552,266,274,12,220,21,24,3,3296
6418,5109,5045,3970,5050,4078,3912,3205,5072,3842,4120,3211,4002,3216,3168,2631,-2008
2238,2952,2883,3985,2921,3850,3836,5363,2919,3811,3921,5319,3980,5357,5330,7384,-6247
6969,5330,5258,3951,5251,3992,3937,2959,5316,3804,3999,3020,3972,3013,2945,2333,-1566
4061,4100,4035,4152,4014,4105,4017,4236,4073,4001,4111,4187,4200,4166,4209,4382,-4153
2587,3164,3221,3903,3134,4025,3967,5102,3131,3994,3971,5132,4023,5045,5069,6581,-5905
24329,6861,6876,2019,6908,1971,1844,586,6840,1865,2024,580,2008,612,565,161,4431
593,1318,1278,2922,1253,2882,2866,6835,1294,2894,2881,6767,2971,6742,6811,15742,-8383
3,14,12,260,15,253,17,1096,13,17,257,1094,258,1097,1095,60548,-1099
5819,4852,4818,4090,4799,4137,4054,3351,4933,3872,4037,3499,4028,3480,3432,2848,-2553
12148,6389,6491,3370,6486,3338,3335,1762,6388,3441,3334,1758,3376,1753,1761,919,1292
12935,6381,6487,3375,6531,3249,3161,1695,6375,3309,3299,1653,3337,1697,1689,876,1525
3937,3925,3950,4093,3903,4223,4054,4318,3906,4117,4195,4280,4159,4233,4299,4457,-4447
55890,2381,2410,93,2401,91,90,3,2381,113,82,9,102,0,3,0,2288
4653,4317,4405,4216,4400,4142,3982,3901,4434,4101,4020,3870,4104,3865,4018,3621,-3566
5297,4669,4617,4128,4581,4150,4081,3625,4689,4075,4094,3579,4144,3543,3645,3132,-3037
46,209,198,1168,232,1085,978,5808,199,930,1129,5845,1144,5879,5798,35401,-6577
49734,3662,3644,290,3635,283,250,21,3664,225,272,28,297,19,23,2,3391
27793,6761,6679,1704,6695,1594,1601,388,6751,1540,1620,367,1698,383,378,97,4772
7369,5290,5369,3982,5299,4029,3954,2802,5356,3902,3893,2933,3986,2863,2868,2154,-1466
23629,6920,6943,2016,6952,2093,1939,599,6918,1990,2104,571,2009,580,597,189,4382
400,1028,991,2630,986,2621,2467,6805,987,2437,2657,6798,2676,6793,6764,19009,-8244
1249,2103,2098,3549,2099,3559,3539,6117,2091,3472,3572,6179,3560,6180,6105,10577,-7553
206,676,675,2081,658,2158,1988,6817,683,1973,2134,6831,2091,6814,6824,23440,-8129
5294,4599,4600,4117,4608,4164,4082,3585,4635,4040,4136,3628,4073,3636,3621,3231,-3068
415,1089,1113,2705,1100,2716,2616,6870,1064,2617,2728,6893,2743,6880,6845,17655,-8397
577,1303,1256,3077,1317,2784,2772,6728,1266,2741,2882,6712,3053,6773,6691,16117,-8197
11398,6292,6380,3417,6388,3404,3408,1948,6283,3548,3421,1896,3418,1904,1939,1005,936
3092,3525,3462,4171,3468,4052,4064,4661,3557,3956,4026,4706,4133,4712,4693,5771,-5200
48643,3838,3856,312,3859,317,308,31,3827,331,331,26,320,29,20,1,3499
28,143,164,931,159,970,793,5367,159,741,949,5440,920,5435,5383,38467,-6017
1502,2239,2294,3709,2286,3754,3627,5914,2266,3672,3719,5924,3690,5916,5941,9596,-7302
2557,3215,3149,4106,3225,4040,3885,5037,3181,3867,4150,4989,4064,5065,5003,6516,-5707
17442,6867,6978,2643,6918,2747,2604,1134,6822,2738,2732,1111,2748,1051,1089,425,3129
6264,5050,5070,4077,5029,4002,4060,3190,5099,4068,3912,3202,4069,3161,3239,2557,-2200
30763,6507,6434,1374,6477,1369,1374,277,6516,1330,1403,248,1322,291,286,78,4856
21072,6989,6917,2340,6902,2314,2322,763,7041,2284,2247,729,2303,714,815,297,3904
100,349,353,1539,380,1517,1321,6349,376,1274,1517,6400,1485,6427,6376,30286,-7321
219,619,621,2073,646,2019,1905,6718,639,1835,2024,6790,2028,6815,6738,24360,-8004
3021,3526,3555,4064,3466,4108,4122,4687,3526,4049,4019,4789,4153,4700,4687,5577,-5283
6160,5049,4937,4157,4937,3979,3954,3334,5007,3943,4021,3233,4199,3233,3292,2614,-2239
15558,6715,6695,2954,6726,2881,2987,1344,6659,2968,2968,1343,2979,1374,1288,610,2384
1715,2492,2467,3743,2494,3811,3561,5792,2475,3636,3855,5692,3733,5719,5775,9089,-6861
552,1239,1183,2837,1209,2796,2737,6825,1228,2770,2833,6736,2822,6762,6814,16706,-8323
15539,6757,6794,2920,6836,2931,2927,1287,6743,2948,2987,1303,2892,1345,1273,567,2543
9760,6037,6060,3620,6053,3689,3555,2278,5959,3643,3760,2213,3705,2206,2200,1311,204
170,583,556,1970,609,1875,1718,6710,560,1793,1951,6608,1940,6661,6687,25658,-7845
18315,6910,6819,2664,6776,2648,2628,1045,6911,2520,2604,1062,2706,1019,1046,376,3237
1762,2591,2608,3821,2617,3858,3672,5667,2543,3686,3915,5670,3860,5679,5619,8481,-6748
18100,6937,6995,2700,7021,2644,2607,897,7013,2581,2594,981,2598,1007,973,401,3433
30920,6487,6412,1348,6394,1400,1396,272,6504,1308,1365,285,1349,267,289,53,4819
9,41,42,461,39,471,240,3440,38,250,471,3431,467,3428,3437,49784,-3639
6966,5192,5265,3952,5235,4062,3855,3019,5217,3908,4007,3039,3957,3009,3044,2322,-1682
28348,6724,6661,1606,6654,1518,1600,372,6721,1548,1514,361,1616,354,369,83,4752
9447,5917,5860,3750,5933,3638,3670,2345,5867,3656,3761,2302,3727,2375,2295,1506,-98
3721,3897,3894,4054,3884,4172,4019,4414,3873,4123,4186,4307,4088,4297,4390,4730,-4536
8881,5747,5747,3831,5714,3747,3818,2445,5787,3753,3674,2510,3824,2477,2485,1609,-516
58,246,247,1230,236,1205,1020,6022,243,1073,1197,5970,1244,5959,6019,34080,-6796
63019,745,741,11,741,10,10,0,745,6,10,0,11,0,0,0,735
39949,5322,5338,718,5312,755,726,98,5339,728,712,112,727,86,115,12,4498
19919,6842,6990,2445,6932,2433,2407,879,6788,2518,2429,916,2557,858,825,311,3556
3736,3950,3967,3987,3947,4237,4121,4266,3981,4069,4186,4335,3976,4315,4297,4679,-4437
3143,3545,3520,4119,3579,4018,4030,4695,3577,4022,4045,4678,4028,4737,4727,5586,-5180
968,1776,1781,3336,1758,3401,3258,6366,1803,3222,3351,6407,3332,6384,6393,12513,-7848
26445,6829,6803,1786,6793,1699,1762,442,6825,1724,1693,454,1800,444,438,112,4625
4672,4215,4320,4187,4331,4146,4046,3930,4286,4204,4086,3877,4105,3888,4001,3755,-3761
19369,6946,6933,2497,6933,2520,2499,903,6981,2523,2485,866,2462,866,938,328,3544
11046,6224,6245,3454,6230,3492,3534,2001,6171,3519,3530,2037,3522,2022,1948,1074,689
3623,3763,3813,4035,3908,4096,4066,4446,3771,4162,4183,4400,3932,4495,4454,4902,-4749
12,102,97,738,108,671,483,4609,81,464,703,4623,748,4634,4588,43388,-4990
11585,6366,6326,3396,6299,3521,3464,1855,6336,3464,3524,1815,3453,1788,1825,1032,1047
148,472,504,1799,499,1817,1691,6735,461,1691,1823,6767,1815,6762,6724,26341,-7954
8524,5580,5627,3877,5653,3787,3775,2583,5596,3824,3797,2581,3835,2607,2599,1804,-778
802,1643,1625,3218,1609,3231,3221,6498,1634,3126,3224,6575,3243,6559,6489,13352,-8076
2940,3341,3272,4026,3272,4135,3982,5001,3366,4058,4110,4856,4001,4856,5026,5807,-5642
4684,4320,4352,4058,4295,4166,4099,3921,4353,4058,4076,3994,4082,3937,3954,3700,-3700
877,1718,1674,3265,1697,3257,3144,6495,1678,3154,3320,6441,3282,6464,6455,13128,-7921
884,1665,1691,3360,1684,3353,3269,6382,1681,3202,3330,6475,3351,6468,6398,12856,-7986
17601,6874,6892,2796,6883,2659,2640,1082,6873,2669,2651,1071,2806,1062,1081,409,3152
1,25,18,321,27,300,74,2146,23,68,311,2145,314,2154,2144,55978,-2195
43534,4759,4770,534,4772,517,530,67,4750,538,528,70,541,72,58,9,4162
307,763,776,2317,743,2434,2227,6803,799,2159,2365,6884,2314,6851,6839,21468,-8267
1116,1972,1954,3427,1848,3550,3316,6266,1933,3283,3483,6281,3572,6175,6227,11646,-7610
7292,5336,5369,3889,5328,3914,3923,2937,5310,3917,3899,2976,3956,2935,2911,2157,-1524
645,1331,1351,2902,1299,3002,2869,6749,1344,2916,2937,6722,2941,6670,6762,15609,-8287
6173,5020,4956,4021,4970,4004,4012,3309,4972,4046,4066,3211,4055,3225,3261,2748,-2301
0,21,34,325,23,338,109,2177,33,81,315,2218,324,2207,2189,55655,-2265
663,1421,1435,3104,1418,3144,3022,6654,1463,3004,3085,6686,3079,6669,6696,14506,-8255
10659,6168,6090,3547,6026,3651,3552,2103,6151,3503,3604,2074,3628,2010,2086,1197,513
14140,6547,6616,3123,6609,3220,3089,1481,6584,3127,3176,1512,3093,1505,1518,709,1977
3181,3643,3593,4044,3597,4206,4048,4645,3679,3993,4174,4650,4004,4654,4681,5257,-5050
14067,6605,6533,3130,6547,3210,3202,1501,6589,3170,3240,1461,3132,1475,1485,702,1902
2293,3035,3077,3969,3051,3984,3899,5205,3065,3893,3928,5253,3965,5227,5235,6970,-6069
25031,6911,6810,1878,6832,1855,1927,564,6851,1899,1937,491,1916,513,504,130,4420
205,656,700,2160,709,2189,2092,6789,674,2055,2180,6870,2133,6879,6807,22951,-8225
5451,4771,4675,4129,4750,4007,3991,3583,4784,3989,4069,3489,4041,3564,3596,3160,-2803
1271,2093,2116,3628,2070,3565,3539,6074,2151,3468,3461,6168,3616,6122,6132,10575,-7520
8404,5675,5639,3765,5640,3834,3849,2588,5691,3789,3819,2612,3748,2613,2604,1779,-762
108,388,409,1639,411,1684,1463,6501,394,1472,1680,6513,1631,6515,6507,28734,-7576
3211,3519,3595,4090,3596,4232,4054,4574,3630,4102,4122,4602,3978,4603,4685,5456,-5109
17578,6921,6905,2724,6886,2672,2653,1086,6876,2652,2698,1071,2788,1052,1041,446,3182
118,491,489,1791,472,1835,1624,6642,492,1617,1817,6647,1807,6630,6643,26934,-7775
27918,6728,6722,1567,6733,1653,1609,361,6731,1586,1661,378,1553,389,364,96,4758
12653,6446,6451,3274,6439,3349,3275,1749,6408,3312,3375,1717,3324,1705,1711,861,1422
2055,2769,2794,3895,2833,3952,3905,5430,2835,3983,3925,5377,3790,5416,5496,7594,-6566
64188,462,461,2,461,4,2,0,462,1,4,0,2,0,0,0,460
756,1455,1441,3111,1482,3030,3017,6587,1406,2921,3120,6669,3119,6710,6538,14687,-8149
208,624,603,2015,574,1935,1918,6773,584,1879,1946,6791,2084,6762,6733,24620,-8067
557,1214,1229,2972,1236,3000,2832,6715,1270,2830,2951,6732,2909,6739,6771,16092,-8333
34234,6069,6132,1146,6127,1092,1019,204,6089,1085,1067,201,1131,196,224,33,4846
2547,3148,3194,4122,3210,4034,3936,4976,3227,3809,3971,5149,4027,5165,5055,6479,-5764
1872,2673,2608,3884,2688,3805,3769,5585,2663,3745,3895,5544,3814,5624,5575,8305,-6681
16193,6747,6703,2988,6707,2843,2839,1296,6747,2870,2847,1221,2984,1225,1296,543,2612
59,345,307,1325,302,1449,1246,6354,333,1293,1456,6269,1342,6264,6342,31363,-7255
136,504,480,1789,503,1733,1677,6643,491,1623,1769,6673,1779,6696,6630,26923,-7816
3428,3564,3653,4063,3574,4135,4046,4597,3584,4060,4036,4672,4122,4593,4617,5305,-5079
769,1589,1580,3243,1595,3213,3155,6515,1592,3094,3225,6567,3225,6582,6518,13587,-8081
23298,7010,6928,2024,6949,2020,2107,616,7035,2049,2016,592,1978,613,641,173,4287
12,86,76,703,83,673,485,4553,79,445,687,4583,703,4590,4546,43745,-4952
7707,5528,5399,3905,5431,3876,3969,2771,5547,3879,3889,2732,3854,2764,2790,2008,-1212
4955,4479,4551,4168,4563,4184,4024,3679,4535,4039,4140,3736,4100,3748,3735,3413,-3224
133,416,449,1738,450,1715,1579,6502,455,1548,1677,6566,1698,6567,6541,28015,-7665
7700,5522,5510,3890,5508,3847,3817,2847,5380,3895,3987,2757,4034,2755,2705,1895,-1142
3572,3826,3920,4110,3873,4213,4134,4290,3878,4123,4114,4395,4105,4348,4342,4806,-4598
12152,6475,6384,3324,6440,3339,3314,1836,6426,3293,3444,1766,3317,1822,1787,930,1325
85,309,320,1454,325,1383,1274,6326,302,1329,1395,6282,1456,6287,6319,31203,-7291
34172,6025,6048,1198,6054,1114,1118,192,6053,1122,1092,211,1164,217,220,49,4715
1519,2307,2347,3814,2386,3768,3657,5774,2361,3519,3753,5952,3721,5991,5828,9352,-7124
2983,3458,3518,4070,3519,4114,4066,4724,3530,4012,4043,4838,3997,4839,4796,5542,-5332
6264,5034,5062,4123,5040,4022,3940,3174,5053,3906,3981,3236,4126,3214,3193,2681,-2080
2617,3086,3262,4070,3174,4128,3849,4980,3195,3862,3931,5143,4049,5055,5089,6559,-5743
8318,5671,5566,3935,5571,3766,3832,2595,5714,3690,3728,2632,3887,2637,2638,1869,-756
4699,4375,4382,4100,4360,4097,4123,3878,4341,4144,4109,3864,4156,3842,3844,3735,-3626
36,209,213,1039,221,1040,909,5666,196,852,1061,5727,1044,5735,5653,36448,-6366
611,1352,1406,2993,1357,3044,2867,6637,1358,2858,2989,6700,3036,6651,6643,15547,-8152
6707,5252,5209,3904,5129,4072,4003,3047,5191,3943,4053,3064,4045,2984,2986,2460,-1798
15323,6818,6750,3029,6725,2906,2993,1338,6792,2981,2907,1282,3080,1257,1312,556,2487
26,160,154,889,138,882,715,5270,145,687,881,5292,920,5276,5255,39359,-5825
36351,5886,5858,896,5873,959,909,171,5870,914,990,138,897,153,155,29,4806
1452,2204,2244,3559,2181,3607,3609,5999,2207,3579,3541,6069,3619,6006,6002,10171,-7404
1,12,12,271,15,275,19,1152,11,16,279,1155,269,1158,1151,60253,-1159
723,1541,1487,3144,1502,3132,3090,6608,1517,3031,3171,6613,3153,6628,6584,14125,-8157
4734,4473,4459,4121,4458,4055,4050,3862,4425,4106,4102,3792,4170,3791,3814,3637,-3439
2420,3089,3139,3896,3064,4066,3940,5167,3078,3963,4002,5194,3982,5119,5156,6774,-6018
7140,5324,5325,3898,5329,3959,3953,2943,5301,3932,3986,2965,3917,2969,2920,2188,-1572
12890,6515,6505,3280,6482,3348,3253,1642,6516,3221,3324,1664,3302,1641,1643,823,1620
63131,718,717,9,717,8,6,1,717,6,9,0,10,0,0,0,711
34807,5993,6079,1062,6070,1053,1019,179,5993,1091,1044,193,1071,184,179,32,4795
2878,3378,3436,4014,3434,4135,4031,4814,3376,4077,4135,4826,4018,4824,4812,5861,-5467
928,1726,1739,3414,1770,3329,3219,6421,1746,3237,3340,6416,3363,6447,6441,12513,-7914
34681,6047,6005,1042,6000,1079,1127,194,6028,1079,1093,200,1066,195,175,38,4726
7127,5326,5354,3939,5348,3911,4000,2925,5290,4024,3941,2929,3981,2923,2889,2142,-1599
461,1103,1088,2695,1093,2786,2596,6767,1090,2509,2804,6839,2703,6844,6754,17917,-8260
15086,6694,6714,2965,6757,3088,3041,1304,6709,3049,3116,1316,2907,1359,1319,625,2349
9925,5872,5976,3695,5973,3721,3493,2253,5894,3556,3696,2294,3676,2291,2275,1459,126
4856,4524,4440,4145,4440,4038,4112,3786,4444,3997,4118,3817,4225,3817,3706,3584,-3374
12788,6352,6478,3316,6416,3342,3280,1710,6331,3346,3301,1770,3399,1708,1689,823,1362
24420,6907,6953,1913,6949,1938,1923,553,6881,2011,1960,511,1943,507,527,153,4431
1326,2170,2233,3660,2166,3621,3608,6036,2210,3655,3514,6052,3687,5985,6076,10050,-7474
2368,2984,3020,3888,2993,4114,3891,5281,2973,3903,4098,5305,3926,5278,5270,6757,-6188
5606,4709,4813,4029,4772,4179,3984,3468,4710,4030,4137,3526,4069,3485,3469,3063,-2743
10230,6113,6125,3580,6063,3696,3580,2109,6170,3571,3577,2130,3585,2068,2166,1286,424
352,920,919,2510,919,2522,2406,6822,894,2353,2548,6874,2536,6874,6796,19804,-8308
9229,5911,5844,3777,5893,3648,3752,2385,5856,3715,3752,2355,3783,2404,2330,1415,-226
3378,3605,3694,4139,3658,4084,4008,4602,3626,4041,4027,4658,4154,4622,4623,5130,-5005
25,122,124,818,120,761,601,4924,107,588,772,4939,837,4935,4909,41467,-5403
4381,4224,4160,4118,4212,4129,4053,4084,4194,4077,4211,3996,4096,4048,4054,4012,-3913
6089,4903,4879,4185,4908,3977,3940,3318,4919,3846,3990,3388,4140,3417,3334,2816,-2355
47958,4029,4016,289,4021,332,329,27,4027,324,339,19,286,24,25,4,3673
1825,2669,2715,3852,2671,3944,3894,5598,2679,3952,3890,5586,3886,5542,5608,7738,-6823
2491,3221,3238,3970,3262,4032,3864,5059,3181,3841,4096,5099,3986,5123,5019,6567,-5702
24997,6840,6881,1860,6841,1882,1994,496,6848,1990,1834,541,1892,501,504,148,4350
1672,2494,2436,3810,2503,3624,3584,5839,2423,3569,3762,5796,3814,5863,5768,9092,-6929
22551,6934,7026,2077,6957,2224,2114,638,6938,2157,2151,687,2142,618,642,193,4182
9413,5991,6038,3602,5947,3693,3760,2285,5855,3760,3738,2332,3829,2241,2149,1416,-54
245,658,648,2137,660,2132,2033,6772,650,1990,2152,6805,2133,6817,6764,23453,-8147
50083,3604,3572,250,3563,257,284,20,3600,251,252,21,263,12,16,1,3300
878,1669,1711,3406,1674,3425,3216,6356,1753,3228,3304,6386,3359,6349,6440,12895,-7903
18589,6858,6897,2663,6939,2503,2552,1012,6846,2605,2557,998,2633,1040,1000,357,3294
4792,4324,4408,4038,4359,4157,4070,3923,4286,4221,4146,3856,4125,3807,3885,3652,-3669
12051,6453,6322,3388,6334,3363,3412,1824,6426,3326,3402,1779,3403,1791,1797,978,1217
5201,4582,4596,4156,4580,4152,3958,3687,4607,4052,4111,3607,4147,3591,3712,3310,-3063
938,1747,1850,3384,1843,3418,3365,6252,1792,3306,3366,6414,3346,6407,6297,12324,-7870
6025,4955,4928,3979,4902,4043,3938,3415,4863,3944,4109,3382,4097,3356,3323,2790,-2398
3152,3573,3542,4122,3583,4039,4034,4656,3658,3973,3995,4686,3996,4727,4741,5572,-5117
2862,3395,3430,3926,3417,4173,3981,4891,3353,4081,4202,4826,3981,4813,4849,5869,-5477
309,789,858,2309,844,2485,2237,6763,831,2208,2429,6861,2281,6847,6805,21193,-8211
26656,6715,6806,1714,6800,1753,1744,435,6734,1844,1728,426,1701,420,454,119,4536
45990,4316,4360,419,4350,409,415,45,4311,448,404,56,434,46,40,6,3856
65821,57,57,0,57,0,0,0,57,0,0,0,0,0,0,0,57
5611,4719,4837,4022,4732,4113,4017,3444,4750,4045,3977,3534,4096,3429,3475,3248,-2742
379,948,956,2498,946,2457,2378,6866,893,2362,2502,6890,2563,6880,6811,19720,-8296
494,1173,1104,2766,1113,2757,2633,6800,1155,2652,2784,6712,2775,6721,6782,17628,-8260
4502,4377,4329,4040,4303,4115,4214,3909,4343,4075,4123,4000,4100,3974,3875,3770,-3746
5234,4589,4583,4139,4555,4109,3947,3694,4633,3935,4037,3700,4123,3672,3738,3361,-3052
22733,6935,6954,2123,6900,2126,2109,658,6936,2068,2071,718,2176,664,659,219,4168
5706,4866,4838,4032,4822,4118,3924,3490,4822,3940,4146,3446,4092,3430,3446,2931,-2548
3781,3864,3904,4276,4008,3980,3938,4356,3893,4035,4055,4299,4143,4403,4385,4729,-4430
34838,6065,6083,1057,6097,1003,1008,174,6075,1028,1007,172,1033,186,184,39,4883
26769,6721,6746,1766,6741,1757,1712,440,6740,1741,1733,436,1752,431,459,105,4569
45252,4496,4464,443,4467,482,447,36,4507,404,474,47,429,50,47,4,4013
1615,2424,2494,3898,2525,3730,3605,5743,2482,3706,3703,5712,3809,5743,5801,9059,-6924
7576,5340,5367,3904,5364,3990,3931,2803,5308,3813,4019,2948,3939,2945,2771,2031,-1394
285,838,834,2313,794,2387,2255,6849,810,2211,2375,6889,2381,6849,6821,21158,-8266
4108,4174,4028,4062,4061,4108,4155,4181,4075,4007,4240,4183,4128,4216,4082,4241,-4162
4317,4215,4280,4039,4200,4208,4063,4058,4240,4116,4103,4070,4094,3990,4083,3973,-3906
31855,6367,6317,1307,6338,1287,1257,282,6360,1243,1315,246,1293,267,275,40,4828
43177,4790,4830,562,4826,576,527,64,4788,558,574,73,568,69,62,5,4199
23076,6959,6974,2095,6958,2133,2018,601,6984,1999,2092,635,2086,619,626,194,4340
5982,4967,4880,4096,4897,4017,4092,3320,5012,4038,3989,3287,4034,3304,3365,2769,-2445
1213,1978,2035,3468,1997,3594,3419,6199,1949,3428,3585,6247,3535,6209,6170,11023,-7640
7072,5173,5174,4017,5207,3978,3940,2979,5176,3892,4008,3028,3981,3061,2982,2381,-1746
1,17,12,279,15,269,44,1493,13,40,276,1492,280,1495,1489,58834,-1520
4083,4094,4105,4042,4092,4114,4061,4216,4038,4092,4157,4196,4111,4183,4160,4305,-4183
5410,4664,4653,4203,4635,4027,3938,3663,4665,3992,4008,3598,4220,3580,3664,3129,-2937
780,1495,1480,3167,1481,3162,3041,6605,1524,3033,3134,6598,3137,6599,6634,14179,-8151
17185,6921,6909,2734,6921,2677,2766,1105,6881,2760,2729,1099,2762,1111,1065,424,3050
2762,3276,3385,3955,3385,4104,3800,4940,3243,3899,4137,4950,3988,4950,4907,6368,-5464
276,816,803,2480,836,2352,2255,6876,843,2203,2358,6915,2420,6948,6903,20765,-8315
10162,6018,6010,3762,6055,3537,3616,2165,6017,3639,3583,2134,3718,2179,2164,1290,237
7255,5412,5356,3924,5392,4005,3835,2910,5382,3835,4071,2854,3918,2890,2880,2130,-1333
18453,6869,6859,2671,6833,2636,2553,1017,6814,2541,2665,1019,2752,993,962,412,3299
21547,6994,6987,2225,6948,2245,2333,680,7016,2268,2184,738,2242,699,702,241,3981
4531,4212,4155,4185,4200,4099,3986,4112,4178,4018,4178,4023,4174,4068,4078,3852,-3886
14407,6763,6720,3017,6727,3047,3108,1435,6735,3123,3082,1377,3038,1384,1407,679,2220
10293,6124,6143,3555,6156,3520,3555,2176,6102,3668,3555,2082,3564,2095,2154,1307,393
2,32,26,391,30,390,150,2869,40,141,386,2872,379,2876,2877,52588,-2987
11749,6244,6274,3525,6262,3450,3422,1857,6314,3456,3368,1853,3467,1841,1927,1040,965
1920,2814,2753,3823,2763,3879,3788,5532,2743,3716,3960,5543,3884,5553,5461,7917,-6506
7855,5520,5460,3834,5474,3934,3879,2732,5528,3774,3940,2777,3812,2791,2740,1999,-1091
9075,5814,5845,3767,5850,3784,3714,2367,5820,3731,3783,2381,3756,2386,2373,1603,-267
18971,6976,6985,2531,6953,2525,2514,933,6938,2514,2531,942,2601,910,895,330,3529
1398,2324,2307,3741,2296,3815,3514,5905,2374,3523,3754,5879,3702,5868,5955,9694,-7095
20070,6950,7028,2419,6978,2381,2309,884,6946,2398,2335,873,2473,823,880,302,3757
6571,5141,5159,3878,5155,4024,3997,3161,5130,4070,4031,3106,3893,3102,3150,2481,-2017
14,87,87,627,93,638,452,4326,88,401,643,4377,620,4383,4327,44886,-4691
1,25,25,350,30,341,87,2454,22,102,349,2439,348,2444,2451,54581,-2516
203,633,641,2116,625,2132,1883,6721,657,1852,2092,6760,2108,6744,6745,24137,-7971
5164,4567,4598,4040,4482,4190,3983,3770,4585,4042,4056,3742,4138,3626,3788,3278,-3186
18998,6879,6946,2548,6951,2514,2491,971,6867,2577,2531,952,2555,957,959,353,3417
24626,6826,6858,1960,6871,1963,1901,546,6855,1931,1947,548,1918,561,575,163,4379
196,596,625,2027,598,2070,1928,6771,633,1909,2006,6819,2017,6792,6808,24254,-8103
10818,6220,6245,3518,6225,3563,3509,1973,6244,3454,3519,2053,3514,2033,1997,1164,738
1,4,4,257,5,254,4,415,4,4,255,415,256,416,415,63340,-415
66,279,271,1281,254,1238,1086,5909,275,1104,1225,5883,1302,5866,5905,34105,-6716
3278,3734,3700,4098,3736,4051,4043,4533,3710,3992,4111,4550,4086,4586,4509,5332,-4842
29328,6632,6650,1502,6667,1455,1418,326,6629,1451,1475,311,1488,328,323,66,4888
3908,3954,3926,4113,3941,4144,4110,4286,3924,4043,4189,4325,4128,4340,4256,4462,-4442
1828,2659,2633,3831,2605,3883,3876,5647,2666,3866,3848,5631,3852,5603,5654,7967,-6864
276,715,773,2217,755,2310,2051,6744,742,2035,2265,6818,2208,6800,6771,22569,-8080
1168,1972,2036,3482,1947,3612,3487,6172,1963,3478,3532,6245,3580,6156,6163,11056,-7687
51622,3289,3285,199,3276,211,212,11,3287,195,204,24,210,15,9,0,3066
169,527,529,1880,526,1874,1716,6725,544,1701,1854,6742,1866,6739,6742,25915,-7914
31972,6402,6377,1298,6373,1228,1268,226,6416,1233,1210,236,1288,232,240,50,4908
1946,2703,2672,3898,2653,3894,3769,5529,2723,3798,3855,5469,3897,5450,5549,8244,-6595
25750,6834,6882,1754,6828,1844,1765,518,6830,1807,1794,524,1812,470,514,123,4551
10322,5972,5990,3677,5992,3634,3632,2139,5983,3606,3625,2183,3664,2185,2150,1295,201
133,446,472,1753,470,1816,1681,6618,457,1680,1803,6645,1744,6643,6629,27059,-7853
972,1725,1745,3363,1726,3417,3178,6452,1774,3272,3349,6378,3333,6359,6501,12505,-7905
5937,4773,4749,4063,4764,4016,4053,3447,4743,3999,4061,3477,4078,3492,3417,2980,-2727
7010,5247,5350,3976,5294,3969,3897,2959,5276,3906,3884,3053,4003,2997,2988,2240,-1609
35649,5928,5906,1009,5891,986,1013,187,5900,993,999,185,1052,170,159,22,4728
16993,6801,6854,2758,6810,2782,2831,1130,6798,2816,2741,1198,2805,1154,1127,451,2840
3424,3808,3808,4118,3881,4058,4127,4414,3793,4042,4146,4499,4060,4572,4399,4900,-4733
22903,6960,6971,2116,6981,2098,2071,630,6986,2086,2082,626,2080,636,656,167,4259
99,425,402,1657,419,1717,1602,6570,416,1583,1743,6566,1649,6583,6561,28057,-7747
148,511,504,1792,490,1832,1627,6554,519,1609,1810,6565,1798,6551,6562,27177,-7670
353,951,950,2559,947,2573,2352,6933,949,2517,2572,6767,2564,6764,6931,19367,-8334
10787,6134,6173,3558,6140,3576,3454,2067,6100,3456,3577,2104,3625,2071,2033,1194,613
32979,6263,6242,1175,6241,1169,1200,241,6277,1193,1154,227,1162,226,255,45,4822
9981,6082,6033,3607,6013,3605,3660,2205,6109,3610,3558,2206,3600,2186,2232,1362,217
878,1666,1677,3252,1649,3333,3139,6524,1689,3173,3282,6501,3257,6473,6547,13009,-7997
3219,3793,3678,4108,3668,4054,3949,4656,3742,3972,4095,4518,4169,4508,4605,5315,-4812
3536,3947,3855,4060,3821,4052,3999,4464,3869,3914,4096,4457,4172,4423,4386,4998,-4516
22640,6881,6860,2150,6924,2225,2122,667,6926,2150,2244,618,2041,682,712,207,4092
3871,3948,4027,4116,4000,4110,4076,4244,3952,4027,4079,4372,4139,4345,4248,4495,-4372
25173,6836,6889,1821,6856,1988,1854,473,6827,1826,1964,554,1863,521,464,140,4509
3596,3850,3825,4122,3870,4160,4147,4356,3889,4069,4166,4409,4038,4454,4395,4703,-4653
26675,6756,6791,1703,6781,1757,1735,440,6739,1762,1764,448,1730,438,423,107,4581
777,1566,1547,3069,1529,3357,3029,6555,1596,2968,3309,6597,3057,6579,6585,13929,-8018
1143,1948,1967,3475,1967,3621,3459,6182,1980,3522,3589,6138,3443,6138,6214,11263,-7693
2467,3127,3079,3901,3047,4008,3784,5276,3096,3893,4007,5119,3964,5087,5245,6949,-5933
1632,2416,2452,3843,2442,3764,3685,5808,2491,3801,3679,5728,3778,5718,5883,8929,-7077
9501,5877,5811,3702,5768,3655,3750,2399,5814,3712,3675,2371,3808,2328,2336,1542,-272
7222,5323,5332,3909,5307,4015,3779,2984,5308,3863,4005,2909,3949,2884,2969,2291,-1440
19319,6953,6995,2489,7028,2461,2493,869,6999,2495,2448,909,2410,942,915,324,3591
1068,1954,2001,3411,1981,3518,3322,6214,1953,3315,3499,6268,3432,6248,6213,11652,-7582
45592,4405,4454,447,4441,429,404,34,4415,440,406,47,450,34,44,7,3967
16493,6806,6780,2764,6752,2937,2853,1226,6753,2867,2962,1186,2845,1158,1173,494,2727
1449,2272,2269,3670,2241,3693,3570,5972,2261,3567,3676,5972,3709,5944,5961,9823,-7270
3191,3630,3650,4044,3657,4097,4011,4696,3570,4102,4164,4625,4097,4632,4636,5247,-5077
57507,2016,2023,82,2018,76,66,4,2019,70,68,7,84,2,7,0,1946
2072,2802,2849,3952,2820,3954,3756,5367,2891,3720,3836,5450,3892,5421,5456,7811,-6321
5224,4592,4491,4221,4560,4003,4167,3663,4622,4113,4042,3616,4122,3685,3693,3235,-3238
11139,6299,6275,3466,6252,3438,3450,1999,6233,3405,3481,2020,3555,1997,1933,1107,850
7003,5299,5273,3891,5217,4025,3952,3005,5311,3928,3957,3003,3935,2947,3017,2286,-1658
1652,2460,2450,3819,2445,3746,3672,5823,2453,3713,3748,5772,3831,5767,5816,8882,-7035
955,1792,1830,3448,1772,3378,3155,6375,1754,3191,3358,6377,3544,6319,6337,12464,-7738
181,618,638,2108,608,2164,1947,6713,693,1903,2059,6777,2063,6747,6788,24042,-8042
1267,2133,2112,3666,2107,3610,3631,6037,2149,3554,3589,6093,3655,6088,6053,10305,-7535
4128,4085,4081,4086,4170,4149,4036,4163,4015,4052,4308,4143,4067,4232,4093,4241,-4114
4056,4101,4137,4071,4099,4138,4074,4198,4066,4134,4135,4174,4144,4136,4163,4223,-4171
119,408,423,1695,435,1717,1468,6608,442,1513,1695,6578,1649,6590,6642,28067,-7668
1920,2636,2586,3876,2604,3845,3805,5577,2703,3763,3796,5569,3791,5587,5644,8347,-6746
1736,2579,2545,3829,2614,3817,3762,5656,2581,3702,3884,5682,3758,5751,5658,8495,-6839
104,384,374,1563,371,1643,1459,6439,416,1412,1608,6476,1534,6473,6471,29322,-7514
6258,5071,4971,4032,4944,4075,3999,3258,5086,3921,4033,3236,4044,3209,3273,2639,-2186
4329,4106,4068,4177,4069,4048,4078,4148,4068,3988,4087,4200,4214,4201,4110,4158,-4120
1583,2387,2431,3698,2381,3706,3589,5854,2386,3567,3657,5920,3749,5870,5853,9418,-7056
494,1179,1139,2834,1174,2813,2597,6803,1164,2661,2863,6699,2814,6734,6788,17293,-8221
40301,5288,5284,694,5293,669,718,102,5272,707,694,109,701,118,86,13,4468
5195,4649,4572,4033,4563,4175,4042,3695,4612,3995,4203,3665,4079,3656,3658,3257,-3088
3022,3531,3470,3983,3419,4077,4040,4836,3496,4006,4061,4809,4069,4758,4801,5671,-5345
12,86,92,609,93,631,382,4294,95,371,623,4311,599,4312,4303,45236,-4590
29704,6570,6607,1449,6597,1433,1423,325,6545,1453,1448,332,1484,322,300,57,4822
42839,4895,4895,538,4885,603,552,67,4894,559,594,60,549,50,66,3,4276
60173,1418,1410,36,1410,42,34,1,1418,27,42,0,36,0,1,1,1383
1528,2345,2337,3641,2315,3746,3577,5918,2344,3636,3725,5851,3664,5829,5917,9676,-7150
29702,6570,6512,1421,6481,1500,1499,354,6528,1469,1511,326,1494,295,312,75,4717
20496,6913,7026,2390,7041,2368,2301,789,6968,2415,2328,788,2320,803,844,259,3823
12759,6573,6462,3350,6489,3229,3298,1685,6532,3251,3297,1621,3364,1648,1644,847,1590
29723,6544,6585,1523,6581,1448,1426,286,6591,1442,1397,311,1480,307,333,72,4832
2574,3094,3079,3927,3048,4005,3945,5181,3154,3911,3914,5200,3898,5169,5241,6709,-6032
2840,3445,3463,4048,3461,4059,3986,4823,3420,4019,4082,4808,4075,4806,4798,5916,-5364
9789,5995,6059,3627,6062,3737,3593,2171,6023,3613,3712,2215,3596,2218,2199,1440,231
7734,5503,5508,3997,5501,3861,3969,2637,5562,3902,3795,2709,3945,2702,2696,2028,-1103
6078,4952,4842,4135,4851,4016,4036,3333,4946,3900,4031,3359,4132,3368,3327,2743,-2417
17959,6923,6907,2644,6912,2630,2759,997,6920,2731,2638,1009,2642,1014,994,370,3167
37753,5662,5683,823,5671,862,858,125,5674,872,838,132,823,120,137,16,4679
478,1174,1111,2762,1120,2850,2667,6804,1167,2639,2866,6769,2760,6778,6797,17307,-8297
1806,2548,2556,3753,2601,3831,3712,5702,2567,3778,3857,5644,3689,5689,5721,8595,-6866
3476,3841,3722,4166,3762,4042,3960,4581,3814,3968,4109,4454,4153,4494,4554,4953,-4700
2709,3237,3261,4055,3305,4042,3880,4987,3263,3858,4060,5033,3985,5077,5013,6284,-5630
9,47,55,551,58,529,260,3796,71,312,508,3752,524,3755,3820,48002,-4009
36962,5717,5760,923,5760,919,902,148,5713,957,923,136,927,136,144,22,4667
14838,6603,6681,3143,6683,3093,2983,1366,6658,3033,3040,1394,3086,1396,1421,631,2254
40960,5160,5189,654,5181,680,662,96,5161,695,671,92,661,84,97,6,4402
2216,2965,3027,3879,2976,4020,3861,5261,3020,3842,3914,5342,3875,5291,5316,7244,-6157
5277,4642,4549,4082,4584,4090,3957,3676,4556,3879,4211,3661,4133,3696,3590,3466,-2991
44299,4644,4670,509,4694,438,449,67,4623,496,483,46,506,70,46,9,4128
21389,7040,7004,2159,6958,2320,2306,726,7048,2268,2266,728,2197,682,734,224,4008
3458,3759,3753,4153,3768,4116,3978,4525,3764,4050,4126,4447,4133,4462,4530,5027,-4744
6092,4888,4914,3975,4896,4205,3979,3302,4932,3950,4143,3357,3949,3339,3346,2782,-2393
30909,6489,6402,1394,6416,1297,1433,282,6475,1355,1325,273,1394,287,268,50,4774
9364,5862,5887,3634,5870,3844,3675,2361,5853,3696,3836,2365,3660,2348,2352,1442,-174
4495,4284,4328,4065,4263,4123,4080,4002,4277,4073,4065,4053,4137,3988,3995,3821,-3798
1,9,10,254,7,258,15,975,8,17,256,974,258,971,974,61062,-981
473,1128,1115,2793,1116,2748,2718,6754,1105,2631,2772,6828,2815,6829,6731,17493,-8344
2,44,41,433,35,426,206,3254,42,228,422,3229,441,3223,3252,50771,-3416
150,582,544,1906,561,1914,1785,6786,526,1781,1987,6752,1945,6769,6730,25331,-7989
10296,6000,5982,3671,6024,3636,3536,2187,5972,3564,3706,2141,3657,2183,2159,1335,277
8919,5860,5674,3784,5743,3710,3786,2479,5884,3635,3755,2444,3691,2513,2503,1669,-405
35848,5889,5920,1023,5956,916,952,171,5870,993,971,161,1006,197,152,24,4766
33489,6190,6192,1109,6210,1195,1108,224,6167,1113,1236,221,1114,239,201,41,4858
4505,4336,4331,4150,4406,4011,4066,3944,4281,4049,4141,3956,4130,4031,3889,3823,-3674
3821,3919,3938,3999,3916,4249,4025,4386,3900,4035,4246,4395,4040,4373,4367,4440,-4492
984,1855,1817,3401,1915,3236,3276,6286,1779,3135,3410,6389,3379,6487,6210,12490,-7707
5120,4601,4601,4101,4608,4095,3985,3682,4620,3961,4083,3706,4075,3713,3701,3397,-3066
3782,3921,3922,4178,3918,4068,3985,4357,3977,4020,4008,4323,4126,4319,4413,4732,-4421
43763,4765,4726,489,4733,532,531,54,4764,488,540,58,483,65,53,5,4180
5868,4797,4956,4107,4931,4083,4035,3271,4890,4084,3965,3381,4039,3356,3364,2922,-2509
65993,14,14,0,14,0,0,0,14,0,0,0,0,0,0,0,14
1936,2786,2733,3855,2815,3885,3904,5449,2763,3917,3990,5383,3796,5465,5426,7946,-6567
9219,5955,5802,3688,5858,3751,3824,2335,5951,3666,3811,2340,3636,2396,2331,1486,-204
210,662,650,2074,654,2190,1957,6843,658,1976,2198,6812,2074,6816,6839,23436,-8138
9338,5869,5745,3792,5803,3662,3629,2453,5834,3526,3755,2432,3769,2490,2418,1534,-213
4951,4586,4509,4030,4490,4099,4071,3816,4492,4055,4174,3755,4143,3736,3722,3420,-3301
6492,5122,5121,4030,5134,4022,3835,3199,5055,3904,4102,3129,4084,3142,3132,2546,-1912
40,211,226,1119,209,1166,932,5789,223,945,1137,5791,1124,5774,5801,35562,-6510
11387,6272,6265,3417,6254,3587,3442,1892,6309,3371,3539,1956,3391,1945,1929,1093,938
456,1143,1131,2809,1144,2770,2662,6798,1144,2632,2782,6816,2795,6829,6799,17339,-8317
2390,3044,3109,3878,3085,4083,3868,5184,3079,3825,4024,5292,3867,5268,5219,6834,-6008
5,92,68,646,84,624,431,4358,89,406,643,4359,633,4375,4355,44881,-4697
26766,6725,6734,1774,6711,1740,1737,454,6725,1758,1717,442,1797,419,454,96,4534
359,894,893,2499,907,2421,2348,6850,843,2321,2486,6876,2536,6890,6799,20127,-8304
1776,2566,2587,3779,2562,3776,3663,5673,2516,3677,3801,5680,3854,5655,5623,8861,-6770
7435,5467,5451,3889,5448,3961,3989,2801,5441,4032,3984,2742,3918,2739,2775,1977,-1323
1929,2692,2645,3757,2631,3978,3725,5648,2716,3763,3940,5563,3747,5549,5672,8094,-6681
17208,6912,6824,2740,6804,2692,2861,1124,6873,2797,2711,1100,2799,1080,1085,439,2927
1736,2558,2511,3807,2582,3782,3700,5679,2552,3620,3859,5712,3742,5783,5673,8753,-6821
1871,2671,2646,3847,2619,3814,3705,5619,2676,3757,3782,5542,3869,5515,5624,8492,-6653
473,1083,1100,2778,1125,2785,2546,6751,1135,2511,2758,6803,2701,6828,6803,17869,-8214
4804,4336,4429,4151,4403,4235,3935,3802,4459,3974,4086,3856,4054,3830,3925,3770,-3401
42481,4949,4974,585,4976,583,551,60,4960,567,574,69,572,71,71,6,4338
11323,6152,6180,3456,6221,3556,3378,2011,6129,3447,3620,1970,3438,2011,1988,1169,763
7,42,40,497,44,497,262,3598,52,254,491,3604,483,3608,3608,48962,-3818
13615,6619,6604,3224,6653,3123,3192,1526,6656,3210,3135,1493,3138,1542,1563,756,1901
364,964,949,2575,929,2593,2437,6766,956,2320,2581,6868,2603,6848,6758,19538,-8239
180,571,580,1985,577,2006,1826,6736,604,1798,1970,6773,1955,6770,6769,24949,-7991
8471,5562,5642,3802,5642,3852,3809,2582,5586,3869,3828,2602,3778,2602,2606,1816,-829
3603,3792,3778,4014,3724,4087,4074,4534,3739,4113,4086,4481,4121,4427,4481,4995,-4816
63257,690,688,4,689,9,5,0,690,3,10,0,3,1,0,0,685
29,154,165,976,144,1034,855,5515,161,858,1006,5523,990,5502,5522,37615,-6216
2140,2895,2949,3967,2919,3897,3911,5332,2939,3893,3823,5404,3953,5374,5376,7277,-6348
7811,5508,5507,3912,5566,3797,3850,2789,5479,3946,3885,2692,3882,2751,2760,1914,-1131
3482,3712,3651,4208,3691,4037,4026,4567,3691,4032,4098,4500,4189,4540,4546,5079,-4881
1199,2068,2021,3428,1999,3480,3417,6175,2044,3348,3482,6197,3474,6175,6151,11391,-7524
1260,2090,2118,3549,2160,3643,3536,6057,2165,3526,3610,6095,3432,6137,6132,10539,-7503
57306,2072,2087,79,2090,68,55,0,2074,70,69,0,74,3,2,0,2017
2392,2965,3010,3990,3017,3931,3846,5256,2918,3862,3985,5285,4030,5292,5209,7061,-6137
4470,4239,4150,4134,4234,3979,4142,4075,4203,4132,4099,3996,4086,4080,4039,3991,-3978
5,60,57,508,53,523,300,3743,60,298,519,3742,512,3738,3743,48188,-3983
104,410,429,1741,441,1677,1565,6396,435,1466,1664,6514,1704,6526,6421,28556,-7551
8024,5522,5471,3819,5432,3892,3924,2725,5480,3841,3895,2757,3900,2718,2683,1966,-1127
217,700,645,2121,659,2126,1933,6810,683,1936,2157,6752,2124,6766,6793,23627,-8043
12167,6453,6340,3361,6358,3247,3442,1828,6375,3341,3343,1816,3421,1834,1750,973,1183
2707,3314,3349,3927,3216,4122,3989,4955,3333,3927,3970,5052,4041,4919,4974,6254,-5630
2022,2748,2739,3980,2811,3867,3830,5441,2846,3863,3841,5399,3810,5471,5539,7842,-6523
31,190,171,1091,202,1042,803,5676,188,892,1075,5568,1062,5599,5674,36785,-6289
604,1260,1317,2998,1321,3003,2910,6696,1303,2888,2964,6775,2951,6779,6739,15541,-8346
2280,3002,2954,4004,3007,3928,3847,5265,2944,3906,4039,5158,4009,5211,5207,7288,-6110
23228,6914,6919,2075,6912,2081,2100,616,6926,2111,2062,610,2070,603,628,194,4198
5186,4672,4604,4100,4587,4044,4121,3690,4598,4084,4101,3659,4191,3642,3616,3154,-3139
7479,5416,5426,3994,5451,3918,3820,2819,5390,3812,3969,2837,3995,2862,2793,2068,-1223
10735,6141,6135,3523,6118,3584,3489,2104,6105,3507,3603,2080,3576,2063,2068,1218,548
969,1763,1760,3363,1721,3389,3299,6321,1762,3268,3351,6349,3403,6310,6320,12701,-7857
582,1228,1230,2846,1266,2869,2810,6760,1209,2774,2924,6798,2829,6834,6741,16349,-8342
3629,3817,3848,4107,3774,4088,3971,4495,3800,4025,4031,4472,4198,4398,4478,4918,-4649
3939,4005,3947,4106,3977,4106,4104,4270,3977,4032,4164,4284,4104,4314,4242,4478,-4369
7760,5443,5651,3884,5590,3914,3795,2680,5486,3841,3810,2842,3902,2781,2723,1947,-1032
39743,5414,5410,683,5428,713,729,92,5417,733,728,84,662,102,95,16,4593
1453,2339,2286,3777,2310,3646,3568,5951,2361,3615,3648,5851,3731,5875,5973,9665,-7180
23385,6943,6987,2057,7000,2031,1975,611,6949,2042,2038,588,2038,601,617,187,4357
48989,3769,3815,311,3815,289,273,22,3768,312,290,29,312,29,21,5,3474
9701,6081,6026,3579,6053,3748,3572,2282,6087,3614,3769,2185,3546,2212,2288,1306,227
2443,3065,3087,3986,3081,4030,3968,5119,3110,3872,3979,5237,3947,5231,5164,6730,-6022
24756,6959,6923,1898,6898,1865,1931,522,6972,1897,1827,520,1910,495,535,141,4506
1737,2510,2509,3822,2486,3800,3690,5730,2524,3698,3763,5721,3831,5698,5744,8786,-6910
8215,5647,5535,3815,5545,3840,3837,2670,5564,3787,3933,2608,3888,2618,2587,1960,-860
11421,6210,6271,3466,6317,3426,3417,1963,6188,3500,3494,1941,3442,1987,1941,1065,830
1623,2484,2534,3771,2454,3813,3696,5753,2544,3703,3673,5796,3791,5716,5813,8885,-6965
1,13,10,302,20,297,73,1920,14,47,306,1943,291,1953,1921,56938,-1980
50610,3504,3456,246,3458,230,279,12,3511,227,225,16,237,18,19,1,3213
50479,3505,3500,244,3498,266,230,22,3501,227,268,20,250,18,18,3,3253
2053,2828,2799,3944,2817,3927,3841,5421,2829,3837,3944,5396,3925,5414,5422,7652,-6434
60,249,255,1189,228,1286,1051,5920,239,1088,1269,5889,1226,5862,5910,34328,-6722
6187,4962,4919,4021,4916,3992,4047,3295,4926,3933,4025,3366,4060,3363,3259,2778,-2380
36341,5813,5872,968,5892,915,899,168,5814,978,934,148,947,168,169,23,4746
53901,2793,2807,149,2801,145,160,7,2793,164,139,17,155,11,7,0,2626
4305,4149,4105,4163,4115,4148,4040,4098,4175,4039,4132,4055,4127,4065,4124,4209,-3989
26563,6763,6760,1778,6740,1786,1720,437,6786,1669,1743,485,1775,465,460,119,4606
2292,3022,3023,4012,3017,4080,3914,5205,3074,3970,4022,5150,3966,5144,5257,6901,-6097
125,405,416,1642,441,1655,1499,6500,396,1493,1689,6517,1626,6542,6491,28612,-7594
20587,6921,6952,2386,6995,2321,2338,806,6872,2373,2413,802,2392,845,757,289,3777
1607,2413,2404,3681,2396,3771,3693,5755,2413,3640,3763,5799,3689,5791,5755,9479,-7035
2453,3021,3134,3982,3124,4044,3961,5096,3021,3991,4034,5179,3992,5169,5096,6752,-6036
571,1225,1220,2904,1241,2815,2667,6825,1156,2781,2905,6706,2952,6727,6756,16598,-8267
3,34,35,384,33,385,120,2742,42,140,375,2723,378,2721,2750,53184,-2828
27485,6703,6704,1620,6706,1697,1666,433,6703,1721,1699,379,1618,381,433,101,4604
9719,5948,5946,3609,5964,3713,3686,2250,6001,3642,3678,2292,3538,2310,2303,1450,12
2665,3285,3266,4134,3319,3997,3838,4992,3254,3944,4081,4867,4112,4920,4961,6414,-5545
4040,4059,4115,4166,4103,4194,4022,4137,4094,4116,4147,4099,4143,4087,4172,4355,-4100
5233,4656,4605,4021,4643,4088,3956,3732,4542,4029,4240,3608,4097,3646,3618,3335,-3032
20451,6986,7040,2354,7029,2319,2358,786,6994,2371,2300,827,2357,816,794,267,3842
10862,6216,6191,3634,6218,3415,3479,2032,6216,3499,3442,1987,3607,2014,2032,1205,705
27,152,162,946,151,903,735,5361,141,749,903,5357,968,5346,5350,38798,-5944
6352,5038,5002,3945,5053,3984,3868,3346,4951,3910,4122,3268,3981,3319,3259,2651,-2176
6707,5179,5099,4021,5111,3933,3958,3150,5162,3932,3962,3096,4026,3108,3133,2472,-1929
3753,3944,3901,4155,3861,4185,4116,4348,3934,4177,4155,4244,4205,4204,4338,4529,-4520
9041,5786,5848,3729,5800,3874,3745,2364,5835,3721,3777,2450,3728,2402,2413,1536,-323
6299,5088,4936,4117,4957,3936,4041,3287,5076,3956,3969,3220,4108,3241,3275,2543,-2240
20562,6906,7052,2321,7001,2400,2329,786,6928,2429,2327,832,2350,781,808,237,3791
1518,2411,2329,3572,2312,3727,3662,5962,2350,3674,3771,5868,3650,5851,5901,9491,-7213
12980,6494,6543,3297,6505,3267,3268,1621,6508,3303,3215,1635,3321,1597,1635,860,1605
55,212,222,1114,233,1109,969,5897,200,980,1132,5896,1115,5907,5885,35123,-6654
21813,6990,6832,2304,6870,2234,2272,704,6982,2130,2280,688,2274,726,696,254,4014
259,683,682,2205,723,2172,2056,6819,706,2014,2190,6860,2141,6901,6842,22796,-8192
872,1579,1580,3255,1616,3244,3113,6452,1637,3034,3222,6532,3161,6568,6510,13674,-7986
49905,3593,3631,265,3637,266,251,22,3590,295,275,16,262,22,19,0,3320
42,247,237,1211,255,1173,1038,5939,256,1046,1182,5921,1184,5939,5948,34431,-6730
2277,2852,2892,4003,2942,3918,3868,5308,2893,3879,3927,5337,3912,5387,5349,7305,-6324
7217,5426,5348,3969,5373,3795,3856,2997,5337,3869,3909,2906,4033,2931,2908,2175,-1427
7913,5443,5463,3872,5443,3913,3844,2780,5440,3896,3896,2748,3895,2728,2777,1998,-1181
12114,6427,6445,3301,6424,3413,3334,1771,6459,3322,3360,1801,3290,1780,1803,1005,1322
10015,6094,6085,3680,6165,3567,3633,2107,6140,3531,3601,2200,3554,2280,2153,1244,354
23574,6948,6924,2152,6926,1943,2054,568,6954,2000,1939,598,2144,600,574,151,4326
6014,4936,4910,4059,4903,4135,4019,3273,4978,3932,4086,3334,4024,3327,3315,2804,-2356
3534,3883,3865,4157,3806,4127,4059,4404,3942,4004,4009,4441,4157,4382,4463,4816,-4580
63,313,320,1413,316,1432,1223,6130,306,1157,1435,6203,1424,6199,6123,31992,-7040
2272,3048,2966,3844,2952,3958,3839,5334,3001,3804,3991,5287,3905,5273,5287,7288,-6125
9122,5810,5776,3711,5793,3760,3857,2387,5818,3791,3769,2419,3686,2436,2395,1519,-434
13678,6632,6573,3118,6536,3263,3187,1540,6603,3115,3255,1553,3184,1516,1511,785,1905
5336,4635,4697,4090,4741,4015,4093,3545,4632,4044,4062,3656,4049,3700,3542,3212,-3003
1227,2077,2093,3479,2053,3648,3529,6099,2070,3505,3615,6139,3526,6099,6092,10798,-7551
4704,4360,4427,4099,4396,4116,4028,3933,4309,4168,4136,3860,4181,3829,3882,3621,-3601
6,72,65,610,85,546,393,4161,86,382,552,4165,576,4185,4175,45990,-4482
46581,4276,4215,377,4220,393,416,41,4275,360,399,36,373,41,40,6,3819
7179,5376,5287,3892,5229,3978,4006,2980,5343,3928,3953,2969,3983,2911,2947,2088,-1610
14,84,88,638,84,629,403,4249,90,376,619,4280,636,4276,4255,45328,-4568
22830,6924,6917,2138,6935,2123,2110,629,6961,2081,2104,651,2083,669,666,228,4185
900,1681,1614,3260,1640,3243,3171,6445,1707,3076,3243,6473,3208,6499,6471,13418,-7935
63948,517,520,4,521,4,3,0,517,6,5,0,3,1,0,0,514
56829,2179,2164,79,2166,97,89,4,2179,76,99,2,77,4,4,1,2086
6325,4983,5061,4050,5046,4003,3957,3205,5038,3944,3933,3296,4010,3281,3260,2657,-2179
44974,4515,4535,485,4551,446,436,49,4512,470,465,35,472,51,46,7,4030
8126,5512,5567,3864,5515,3871,3749,2688,5491,3734,3840,2758,3937,2706,2667,2024,-925
1261,2119,2164,3515,2139,3631,3615,6000,2109,3624,3616,6036,3550,6011,5990,10669,-7496
11,63,44,496,58,465,246,3674,45,272,497,3629,500,3643,3656,48750,-3857
9315,5807,5775,3731,5828,3820,3587,2429,5801,3627,3879,2357,3684,2410,2423,1576,-209
18388,6858,6907,2579,6896,2714,2629,956,6897,2633,2664,1001,2551,990,995,391,3273
38714,5513,5518,815,5524,797,756,129,5493,777,823,113,829,119,109,20,4628
26636,6846,6783,1745,6806,1683,1705,460,6826,1687,1726,415,1742,438,440,111,4681
34766,6020,6039,1048,6033,1060,1064,187,6019,1055,1055,215,1055,209,186,38,4769
170,656,624,2119,640,2049,1958,6834,661,1933,2060,6827,2098,6843,6839,23738,-8136
1109,1861,1920,3445,1961,3406,3263,6263,1881,3274,3427,6311,3384,6352,6283,11909,-7665
10983,6236,6140,3614,6215,3377,3432,2098,6151,3469,3537,1965,3624,2040,2013,1155,706
1981,2671,2721,3875,2694,3908,3806,5528,2659,3827,3893,5557,3914,5530,5516,7969,-6663
7646,5448,5446,3950,5469,3969,3806,2756,5461,3772,3979,2788,3914,2811,2769,2065,-1114
3523,3802,3770,4135,3800,4086,4046,4482,3802,4028,4116,4468,4105,4498,4482,4906,-4726
41427,5148,5168,587,5150,643,602,83,5145,623,628,82,608,64,80,11,4463
5104,4586,4594,4083,4583,4156,4055,3683,4645,4104,4086,3642,4035,3631,3742,3320,-3152
4865,4413,4461,4073,4416,4132,4152,3794,4449,4159,4051,3835,4082,3790,3830,3547,-3533
241,700,670,2233,681,2143,2054,6864,676,2061,2178,6827,2246,6838,6840,22797,-8218
61727,1054,1058,16,1056,20,12,0,1054,14,18,2,18,0,0,0,1042
3837,3932,3956,4157,4001,4161,4012,4238,3973,4044,4165,4230,4071,4275,4279,4718,-4318
1346,2149,2187,3557,2147,3565,3519,6046,2145,3483,3529,6120,3601,6080,6042,10533,-7416
10,72,92,625,80,634,414,4221,89,392,605,4263,620,4251,4238,45443,-4563
538,1212,1276,2874,1274,2986,2823,6647,1218,2769,2978,6765,2870,6763,6653,16403,-8258
2614,3249,3264,3971,3248,3984,3886,5107,3167,3987,4050,5021,4069,5005,5025,6402,-5744
29430,6568,6490,1500,6498,1491,1509,380,6545,1477,1522,334,1515,342,357,91,4679
17649,6965,6903,2701,6934,2699,2613,1055,6962,2570,2733,1036,2673,1067,1052,437,3297
18503,6900,6913,2601,6881,2680,2614,957,6904,2622,2644,962,2629,930,961,348,3329
76,358,348,1419,363,1520,1348,6401,344,1332,1549,6407,1418,6422,6387,30357,-7391
8127,5386,5448,3822,5489,3875,3809,2769,5373,3866,3929,2774,3794,2815,2756,2017,-1192
4394,4283,4206,4007,4235,4143,4067,4098,4197,4051,4258,4037,4064,4066,4012,3931,-3882
37267,5800,5795,850,5794,815,855,138,5785,861,829,127,866,126,123,18,4807
6343,5057,4925,4058,4966,3993,3919,3319,5030,3892,4061,3214,4044,3255,3292,2681,-2181
2,32,25,330,28,334,101,2388,23,92,346,2390,336,2393,2379,54850,-2457
2666,3274,3227,4033,3224,3954,4013,5022,3217,3979,4008,5009,4093,5006,4965,6359,-5761
46,305,313,1322,281,1369,1119,6138,291,1132,1351,6133,1368,6101,6124,32656,-6952
964,1780,1796,3409,1765,3429,3206,6375,1788,3241,3390,6356,3432,6325,6383,12410,-7801
42860,4871,4924,537,4900,592,542,55,4866,571,573,79,566,55,50,8,4274
7417,5389,5388,3859,5374,3989,3866,2880,5395,3845,3969,2900,3867,2886,2886,2139,-1357
1349,2223,2224,3554,2146,3570,3534,6076,2176,3501,3539,6110,3679,6032,6029,10307,-7387
1825,2548,2554,3788,2550,3777,3809,5630,2536,3802,3785,5643,3804,5639,5618,8741,-6891
11910,6269,6318,3416,6309,3472,3385,1844,6322,3396,3410,1882,3372,1873,1897,974,1040
8361,5595,5622,3927,5581,3763,3716,2662,5595,3778,3722,2627,3968,2586,2662,1884,-783
48011,3988,4002,320,3997,347,302,27,3988,309,342,34,325,29,27,1,3659
39594,5373,5372,726,5378,790,735,110,5353,737,816,107,740,113,90,15,4528
26761,6764,6732,1794,6734,1754,1664,453,6755,1643,1765,442,1801,444,444,99,4647
5667,4774,4761,4107,4745,4141,4045,3426,4796,4016,4103,3442,4101,3426,3448,3051,-2697
1161,1994,2025,3477,1995,3606,3292,6164,2028,3281,3542,6206,3473,6176,6198,11431,-7462
24264,6890,6917,1985,6904,1944,1977,538,6877,1978,1944,564,2011,551,525,180,4375
40267,5297,5286,696,5262,730,694,106,5285,680,718,109,732,85,94,8,4497
23660,7034,6977,1952,6963,2035,2020,582,7012,1993,2043,552,1988,538,560,140,4432
207,583,597,2009,619,1956,1867,6782,581,1879,1980,6784,1989,6806,6780,24630,-8066
10925,6181,6256,3495,6202,3514,3476,2010,6152,3526,3489,2035,3578,1981,1981,1248,695
150,482,517,1846,521,1947,1684,6644,521,1670,1912,6693,1803,6697,6683,26279,-7846
5766,4730,4877,4159,4880,4084,4039,3322,4807,4023,4010,3485,4079,3488,3399,2901,-2631
11318,6159,6246,3489,6287,3525,3360,1982,6177,3489,3548,1940,3430,1981,2000,1118,817
25701,6811,6816,1789,6836,1850,1820,499,6795,1830,1886,494,1785,514,483,140,4492
3025,3551,3561,4135,3512,4092,4031,4749,3537,4106,4057,4684,4198,4635,4735,5441,-5229
26,120,126,906,141,861,683,5162,153,660,843,5191,858,5206,5195,39918,-5725
43106,4839,4903,520,4907,539,521,54,4833,583,549,56,522,60,48,9,4264
3454,3761,3742,4120,3811,4048,4030,4464,3742,3991,4136,4484,4070,4553,4445,5198,-4733
0,8,17,290,10,313,46,1640,21,62,293,1633,284,1626,1653,58153,-1678
9902,5932,6009,3645,6031,3707,3638,2170,5943,3622,3718,2263,3612,2285,2181,1391,124
8572,5636,5673,3752,5648,3867,3801,2556,5650,3804,3828,2590,3763,2565,2570,1774,-721
14306,6658,6670,3107,6670,3113,3030,1490,6637,3077,3134,1455,3128,1455,1469,650,2138
39,167,201,1032,180,1084,887,5677,158,858,1072,5740,1062,5719,5668,36505,-6397
694,1481,1467,3124,1444,3156,3094,6550,1479,3014,3135,6616,3149,6593,6548,14505,-8163
29,176,166,972,158,925,759,5429,160,764,933,5414,996,5406,5413,38349,-6012
0,7,9,252,8,256,7,657,10,7,252,659,250,658,660,62357,-657
2297,3027,3045,3943,2970,3916,4044,5210,3016,4015,3852,5257,4029,5182,5199,7047,-6227
19112,6910,6944,2496,6929,2581,2460,939,6907,2457,2569,976,2514,961,936,358,3511
19823,6955,6943,2462,6907,2455,2455,858,6956,2419,2418,882,2497,846,859,314,3642
7250,5368,5418,3930,5359,3992,3897,2885,5413,3924,3888,2908,3944,2849,2930,2094,-1414
4949,4402,4393,4048,4366,4181,4022,3826,4430,4011,4126,3828,4047,3801,3854,3765,-3446
3771,3895,3941,3966,3903,4196,4051,4376,3889,4060,4164,4413,4010,4375,4370,4669,-4532
2789,3264,3269,4057,3290,3989,3987,4959,3250,4036,4024,4915,4050,4936,4945,6289,-5682
53822,2834,2803,165,2805,139,166,10,2833,137,142,8,164,10,9,2,2658
566,1235,1303,2887,1288,2906,2812,6747,1226,2830,2900,6797,2911,6782,6738,16121,-8324
11597,6284,6248,3459,6245,3441,3508,1876,6266,3441,3456,1907,3480,1904,1858,1079,900
2524,3138,3138,3899,3156,3984,3865,5185,3093,3970,4047,5080,3926,5098,5140,6806,-5912
16580,6796,6842,2872,6825,2765,2774,1210,6782,2823,2762,1207,2903,1190,1196,522,2812
8725,5856,5855,3731,5781,3753,3754,2499,5790,3763,3745,2489,3871,2415,2433,1589,-397
34517,6060,6050,1092,6060,1076,1074,200,6058,1087,1088,177,1084,187,198,41,4786
41,188,189,1076,201,1044,868,5574,173,862,1071,5581,1079,5593,5559,36950,-6254
18892,6896,6913,2574,6903,2617,2509,952,6887,2541,2616,937,2593,927,943,349,3435
2770,3200,3261,4135,3263,4088,3827,5004,3275,3977,4015,4915,4058,4917,5079,6265,-5631
3427,3710,3646,4223,3726,4062,4052,4509,3722,4061,4130,4436,4131,4516,4521,5177,-4851
5792,4874,4861,4130,4826,4028,3937,3383,4862,3838,4005,3469,4177,3434,3371,3062,-2446
9773,5878,5852,3779,5844,3684,3555,2340,5898,3577,3656,2292,3767,2284,2360,1510,-17
4433,4321,4365,4067,4332,4214,4179,3855,4334,4114,4168,3964,4087,3931,3868,3817,-3713
54,268,262,1283,263,1323,1143,6098,260,1113,1332,6122,1290,6123,6090,33025,-6973
19534,7014,7013,2440,7004,2455,2518,840,6997,2499,2463,858,2466,849,823,276,3656
703,1528,1516,3021,1488,3180,3040,6582,1468,3048,3212,6562,3109,6534,6522,14536,-8094
384,952,999,2625,968,2639,2424,6825,973,2371,2587,6925,2635,6894,6846,19002,-8297
9275,5770,5801,3734,5832,3771,3583,2425,5798,3617,3774,2422,3675,2453,2453,1666,-238
5967,4868,4928,3986,4882,4137,4005,3371,4799,4099,4160,3337,4101,3291,3302,2816,-2508
52325,3135,3135,180,3131,200,184,16,3130,185,201,15,189,11,11,1,2935
1849,2565,2607,3752,2586,3911,3719,5653,2595,3661,3860,5753,3743,5732,5683,8380,-6807
60964,1236,1239,25,1239,25,16,0,1236,19,25,0,25,0,0,0,1220
2115,2820,2754,3926,2785,3931,3848,5408,2877,3758,3905,5432,3838,5463,5465,7724,-6436
11624,6411,6347,3413,6334,3475,3409,1850,6405,3370,3468,1825,3432,1812,1844,1030,1152
1100,1853,1825,3567,1914,3395,3194,6283,1867,3242,3470,6207,3464,6296,6297,12075,-7624
38474,5598,5580,813,5587,761,817,104,5592,787,774,116,812,123,98,13,4677
2128,2832,2815,3923,2864,3837,3931,5387,2802,3824,3916,5477,3904,5526,5357,7526,-6486
0,14,15,269,13,270,23,1199,14,14,268,1209,271,1207,1199,60064,-1208
6616,5072,5132,4052,5168,3893,3957,3140,5060,4027,3941,3130,4028,3166,3128,2539,-2025
208,671,673,2134,685,2120,1896,6768,645,1898,2158,6768,2148,6780,6742,23755,-7993
901,1704,1739,3345,1746,3332,3225,6422,1720,3331,3323,6351,3322,6358,6438,12792,-7943
667,1348,1367,2993,1358,3035,2885,6715,1294,2925,3080,6694,3056,6685,6661,15286,-8252
2122,2837,2835,3960,2903,3856,3737,5427,2830,3764,3931,5398,3899,5466,5420,7664,-6327
49872,3638,3622,264,3620,270,261,22,3632,247,274,20,272,18,16,1,3355
21440,6879,6952,2328,6950,2306,2203,735,6883,2261,2300,750,2326,748,739,249,3941
34330,6103,6054,1117,6053,1056,1136,203,6096,1086,1062,204,1125,203,196,25,4764
8455,5603,5648,3865,5625,3809,3717,2612,5593,3746,3796,2628,3898,2605,2602,1847,-726
36899,5771,5833,934,5815,876,862,131,5777,902,852,153,946,135,137,26,4778
6061,4884,4914,4021,4911,4163,3927,3374,4954,3972,4090,3359,3954,3356,3444,2665,-2417
2747,3245,3230,3970,3169,4076,4038,4946,3289,3947,3971,5022,3987,4961,4990,6461,-5739
4,58,62,488,63,508,277,3632,64,276,503,3637,481,3638,3638,48720,-3851
103,368,364,1575,370,1570,1415,6416,395,1388,1549,6439,1542,6445,6443,29667,-7463
6834,5111,5155,4012,5183,3973,3867,3113,5038,3915,4074,3109,4057,3137,3040,2431,-1869
7577,5475,5511,3784,5481,3984,3849,2842,5417,3903,4012,2824,3872,2794,2784,1940,-1216
7239,5247,5260,3946,5273,3861,3963,2975,5211,3949,3910,3002,3969,3015,2939,2290,-1691
39220,5485,5496,742,5499,707,763,105,5498,783,697,96,726,99,118,15,4617
6862,5278,5177,3880,5160,3996,3955,3111,5255,3933,4002,3032,3920,3015,3088,2385,-1788
1020,1812,1851,3322,1792,3355,3366,6374,1770,3319,3338,6460,3423,6401,6332,12114,-7928
2545,3196,3113,3972,3168,3984,4012,5119,3122,3998,4113,5050,3991,5105,5045,6516,-5935
10567,6090,6060,3598,6116,3559,3659,2066,6124,3610,3581,2085,3508,2141,2100,1185,365
375,1049,1098,2611,1071,2716,2630,6787,1026,2645,2712,6821,2661,6794,6764,18289,-8368
9741,5952,5957,3701,6051,3635,3573,2286,5877,3649,3804,2215,3682,2309,2211,1406,93
10946,6239,6244,3458,6206,3598,3533,1962,6270,3483,3529,2017,3465,1979,1993,1127,744
540,1173,1191,2737,1138,2908,2729,6733,1192,2660,2836,6820,2771,6767,6752,17102,-8289
3713,3978,3944,4148,3963,4105,4149,4293,3972,4165,4130,4243,4135,4262,4287,4562,-4464
1906,2620,2718,3804,2676,3950,3803,5553,2671,3802,3857,5652,3795,5610,5604,8028,-6736
6958,5110,5264,3933,5234,4019,3927,2985,5116,3993,3983,3073,3957,3043,2991,2463,-1802
0,6,9,267,7,257,10,900,9,12,252,901,266,899,903,61351,-904
3555,3851,3774,4136,3787,4095,4019,4505,3831,4019,4128,4428,4143,4441,4485,4852,-4673
4015,3986,3997,4112,3983,4155,4134,4207,3989,4104,4138,4248,4123,4234,4210,4414,-4355
39537,5377,5397,734,5413,775,747,97,5367,765,801,99,728,115,87,10,4533
12228,6447,6424,3385,6396,3333,3391,1756,6443,3353,3309,1771,3417,1743,1752,901,1300
161,574,543,1852,522,1931,1706,6841,522,1767,1962,6749,1925,6728,6789,25477,-7973
80,342,351,1443,290,1449,1341,6299,340,1287,1390,6362,1506,6301,6297,30971,-7298
10776,6135,6188,3452,6155,3620,3558,2042,6127,3630,3595,2023,3493,1990,2034,1231,535
3598,3844,3848,4152,3818,4173,4087,4358,3932,4023,4055,4426,4094,4396,4446,4799,-4601
921,1722,1750,3298,1759,3331,3174,6427,1726,3253,3336,6376,3285,6385,6431,12875,-7879
96,335,319,1432,349,1371,1232,6216,324,1252,1412,6180,1413,6210,6205,31703,-7113
2989,3410,3411,4144,3460,4059,4005,4781,3454,4020,4064,4767,4051,4816,4825,5793,-5376
2987,3524,3559,4084,3496,4136,3888,4745,3563,3868,4034,4800,4108,4737,4784,5736,-5109
1369,2210,2109,3570,2102,3553,3515,6038,2196,3413,3560,6039,3591,6032,6024,10728,-7343
12718,6520,6444,3262,6461,3285,3336,1694,6555,3223,3267,1731,3210,1748,1729,866,1490
60911,1244,1249,23,1249,22,27,1,1244,33,22,0,23,0,1,0,1216
31912,6331,6355,1300,6386,1288,1208,269,6322,1267,1328,234,1278,265,260,46,4854
1155,1919,1992,3602,1960,3380,3281,6289,1888,3394,3379,6249,3665,6217,6258,11421,-7651
25194,6812,6833,1902,6854,1916,1870,500,6827,1911,1922,480,1866,501,515,146,4442
404,1038,982,2648,1013,2676,2571,6892,1026,2591,2719,6816,2629,6847,6880,18317,-8425
0,2,3,255,3,255,1,261,4,0,253,263,253,263,263,63970,-260
2926,3468,3389,4053,3495,4009,3990,4852,3433,3971,4150,4792,3982,4898,4817,5824,-5374
4899,4370,4259,4117,4229,4069,4056,3964,4355,3966,4054,3943,4162,3913,3949,3744,-3650
7375,5370,5396,3907,5389,3960,3967,2838,5410,4002,3913,2829,3874,2822,2878,2119,-1435
59387,1601,1596,45,1599,42,39,5,1596,39,50,0,47,3,0,0,1557
44,181,190,1003,183,1014,809,5579,181,805,1007,5592,1010,5585,5579,37287,-6207
54292,2705,2714,140,2711,154,151,6,2707,158,149,8,141,5,8,0,2548
613,1308,1317,2938,1291,2953,2934,6695,1266,2915,2969,6723,3006,6697,6653,15771,-8321
25072,6836,6855,1908,6828,1899,1894,507,6875,1876,1833,544,1896,517,546,163,4435
129,478,505,1774,471,1819,1669,6592,483,1600,1780,6688,1803,6654,6597,27007,-7783
1114,2010,1991,3492,2029,3556,3403,6171,2049,3380,3555,6175,3415,6213,6210,11286,-7564
7567,5310,5354,3933,5369,3916,3833,2893,5253,3901,3988,2869,3975,2884,2836,2168,-1416
1319,2133,2115,3615,2182,3518,3473,6101,2123,3462,3595,6094,3558,6161,6091,10509,-7441
55810,2398,2405,99,2406,105,102,3,2400,109,104,3,96,4,5,0,2293
1748,2616,2574,3981,2577,3769,3717,5677,2610,3758,3778,5594,3984,5597,5671,8398,-6778
153,503,547,1853,558,1853,1678,6721,526,1752,1841,6691,1819,6702,6744,26108,-7896
1976,2717,2674,3848,2656,3909,3830,5530,2800,3770,3808,5547,3783,5529,5613,8059,-6643
5731,4742,4710,4052,4715,4053,3991,3553,4751,4016,4049,3496,4038,3501,3562,3089,-2802
2915,3456,3455,4072,3448,3984,3999,4877,3395,4105,4038,4770,4140,4763,4816,5816,-5420
3948,3969,4067,4082,4041,4196,4140,4168,3967,4187,4172,4219,4110,4193,4166,4424,-4339
2190,2995,3034,3865,2997,3992,3978,5254,3008,3952,3942,5319,3889,5282,5267,7085,-6237
2432,3108,3008,4061,2997,3944,3872,5239,3005,3815,4036,5196,4175,5185,5136,6840,-6003
29468,6615,6568,1450,6605,1494,1455,338,6592,1445,1554,301,1436,338,315,75,4822
5780,4859,4878,3969,4855,4130,3988,3430,4834,3966,4132,3471,4017,3448,3405,2887,-2559
1110,1946,1994,3545,2021,3509,3385,6195,1954,3425,3528,6203,3510,6230,6203,11291,-7634
42932,4887,4903,543,4909,545,540,59,4885,545,553,70,539,76,57,6,4288
15944,6675,6780,2916,6721,3051,2844,1248,6699,2910,2968,1287,2951,1228,1272,555,2583
23879,6933,6861,2026,6890,2012,2040,567,6937,1980,2037,555,1993,584,571,184,4326
5210,4654,4625,4056,4657,4128,4036,3659,4628,4104,4186,3562,4050,3594,3633,3267,-3041
60426,1364,1355,28,1355,34,35,0,1365,26,33,0,27,0,1,0,1329
15246,6752,6793,2934,6751,3083,2870,1329,6736,2890,3057,1350,2992,1308,1313,645,2553
5909,4856,4770,3941,4767,4134,4077,3470,4834,4054,4153,3407,3966,3404,3448,2859,-2691
30279,6544,6519,1422,6524,1411,1393,278,6560,1339,1400,307,1401,312,294,66,4873
52365,3122,3130,202,3128,184,180,9,3126,180,178,17,200,15,13,0,2933
9583,6008,5940,3734,6007,3692,3660,2236,6054,3640,3713,2188,3621,2255,2282,1436,112
14230,6588,6576,3186,6646,3096,3112,1484,6581,3139,3173,1445,3123,1515,1477,678,1992
2101,2946,2946,3865,2934,3957,3927,5341,2984,3962,3907,5306,3839,5294,5379,7361,-6322
1243,2112,2104,3508,2119,3480,3451,6130,2058,3487,3549,6086,3547,6101,6076,10998,-7469
3204,3504,3523,4193,3547,4113,4004,4662,3579,4009,4062,4676,4094,4700,4737,5442,-5162
11630,6263,6323,3447,6370,3510,3334,1873,6221,3428,3599,1839,3442,1886,1831,1053,1056
14220,6605,6508,3152,6540,3078,3255,1503,6615,3210,3100,1451,3110,1483,1513,706,1847
2365,3090,2986,3939,2976,3966,3854,5320,3067,3827,3979,5243,3972,5233,5297,6935,-6084
30418,6548,6449,1401,6465,1381,1431,300,6547,1330,1398,302,1386,318,299,76,4817
32,169,168,923,141,974,762,5427,153,725,963,5463,966,5436,5411,38336,-6020
1252,2113,2122,3597,2134,3575,3592,6052,2138,3569,3562,6084,3560,6096,6077,10526,-7531
3,33,33,348,33,335,108,2567,36,138,332,2537,345,2537,2570,54094,-2642
6621,5020,5029,4155,5015,4100,3959,3079,5109,3893,3997,3154,4080,3140,3168,2530,-2018
4548,4336,4309,4190,4313,4072,4077,3916,4290,4068,4122,3898,4232,3902,3870,3906,-3657
13256,6512,6544,3243,6485,3265,3187,1631,6498,3194,3220,1656,3316,1597,1617,828,1694
49717,3678,3692,249,3702,249,248,18,3672,268,265,12,245,22,12,0,3412
13124,6566,6537,3295,6553,3247,3242,1606,6613,3202,3216,1617,3232,1633,1653,713,1718
47684,4059,4041,348,4039,340,354,25,4067,335,330,26,342,24,33,2,3680
257,789,796,2363,802,2362,2205,6834,813,2157,2344,6889,2333,6895,6858,21352,-8250
47038,4166,4183,360,4184,369,340,41,4164,368,372,30,361,31,39,3,3785
61474,1116,1117,16,1117,22,16,0,1116,17,22,0,16,0,0,0,1100
2276,2908,2940,3907,2984,4014,3903,5231,2966,3929,4000,5237,3805,5281,5289,7379,-6226
2326,3059,2994,3940,2964,3980,3872,5310,3023,3877,3986,5240,4006,5210,5274,6988,-6123
79,324,319,1447,322,1408,1266,6255,336,1275,1399,6241,1432,6244,6267,31435,-7197
1,10,10,263,12,252,13,1003,11,15,253,1001,260,1003,1004,60938,-1006
441,1044,1065,2790,1107,2733,2523,6720,1056,2443,2763,6821,2736,6863,6732,18212,-8199
350,916,947,2428,945,2476,2344,6863,892,2388,2498,6850,2454,6848,6839,20011,-8291
348,909,891,2452,870,2501,2392,6902,879,2405,2510,6871,2503,6850,6872,19894,-8385
3818,3801,3866,4106,3876,4187,4009,4357,3819,4063,4179,4368,4078,4378,4375,4769,-4565
56471,2247,2247,101,2250,92,87,7,2249,91,93,3,96,6,9,0,2153
6838,5266,5233,3969,5256,3974,3907,3050,5270,3950,3993,2974,3942,2997,3054,2376,-1691
10882,6241,6181,3564,6216,3481,3491,2024,6209,3464,3548,1991,3561,2026,1992,1178,726
26025,6837,6813,1814,6806,1804,1757,467,6866,1717,1768,483,1792,476,496,128,4613
5766,4943,4893,3930,4877,4100,4045,3422,4841,4005,4186,3412,4048,3396,3320,2865,-2524
19363,6915,6938,2485,6910,2506,2520,901,6919,2502,2474,942,2509,914,905,346,3494
103,409,435,1618,418,1640,1485,6458,376,1414,1656,6555,1668,6538,6425,28851,-7534
2553,3268,3251,3937,3196,4245,3920,4990,3291,3896,4167,4997,3969,4942,5013,6414,-5642
29412,6588,6623,1496,6639,1515,1420,293,6629,1413,1490,335,1439,351,334,72,4875
1859,2578,2571,3867,2603,3782,3740,5636,2543,3751,3849,5618,3870,5650,5601,8531,-6798
7561,5426,5357,4001,5379,3831,3954,2836,5370,3892,3909,2829,4035,2851,2780,2038,-1364
3389,3674,3735,4073,3741,4103,4033,4599,3636,4102,4147,4591,4105,4597,4561,4963,-4958
6172,4902,4908,4044,4925,3977,4023,3334,4878,4087,4018,3276,4051,3293,3310,2851,-2455
145,515,491,1892,536,1829,1706,6658,511,1661,1878,6679,1851,6724,6654,26319,-7849
596,1261,1244,2861,1249,2869,2740,6731,1256,2751,2879,6703,2861,6708,6726,16614,-8210
3160,3581,3638,4052,3637,4051,4013,4674,3544,4108,4087,4636,4090,4635,4637,5506,-5106
636,1321,1368,3066,1371,3054,2876,6583,1366,2889,3012,6617,3018,6620,6628,15624,-8138
47,220,238,1166,227,1189,960,5834,217,993,1181,5819,1180,5808,5831,35139,-6574
3295,3615,3599,4121,3626,4048,3966,4634,3595,3914,4095,4670,4114,4697,4614,5446,-4985
8299,5641,5574,3865,5570,3911,3841,2550,5751,3717,3797,2607,3759,2603,2660,1904,-750
32258,6405,6357,1168,6354,1212,1288,233,6415,1221,1199,252,1161,249,243,34,4884
2006,2801,2715,3851,2734,3837,3752,5526,2742,3754,3915,5438,3891,5457,5467,8163,-6477
12626,6459,6439,3344,6496,3297,3273,1718,6445,3286,3368,1685,3301,1742,1704,866,1468
4173,4124,4099,4090,4035,4224,4049,4149,4180,3998,4104,4175,4098,4111,4205,4235,-4074
9168,5859,5852,3678,5840,3781,3729,2398,5844,3755,3784,2365,3705,2353,2383,1555,-268
38,185,173,1056,191,968,829,5507,179,829,992,5495,1044,5513,5501,37549,-6151
6722,5209,5178,4080,5214,3961,3959,3049,5271,3935,3935,3042,3982,3078,3111,2323,-1799
39543,5382,5467,770,5449,726,662,100,5376,726,714,121,794,103,94,22,4620
10585,6179,6136,3482,6165,3671,3564,2058,6164,3549,3715,2030,3468,2059,2043,1181,557
25,107,116,766,123,831,597,4860,130,587,815,4879,736,4886,4883,41708,-5350
8222,5582,5553,3791,5523,3902,3801,2701,5592,3834,3862,2639,3811,2609,2711,1916,-920
42,172,197,1052,184,1029,827,5546,200,806,988,5592,1037,5579,5574,37224,-6201
17793,6907,6994,2679,6984,2623,2675,1013,6921,2779,2599,996,2675,986,1027,398,3219
3575,3832,3807,4054,3813,4084,4082,4475,3786,4075,4136,4457,4094,4463,4429,4887,-4725
4243,4164,4167,4171,4145,4112,4040,4061,4145,3952,4109,4152,4212,4130,4042,4204,-3937
5866,4948,4829,4022,4871,4041,4134,3375,4906,4042,4125,3348,4022,3390,3333,2797,-2561
27105,6749,6750,1704,6739,1654,1726,424,6733,1729,1659,422,1731,411,408,105,4599
702,1466,1487,3104,1458,3214,3043,6479,1490,3018,3161,6525,3109,6496,6503,14794,-8056
2184,2911,2887,3856,2807,4005,3810,5382,2896,3733,3940,5435,3951,5355,5367,7530,-6281
11405,6240,6225,3524,6231,3430,3491,1920,6233,3486,3443,1910,3525,1916,1913,1157,829
2090,2851,2764,3915,2762,3930,3839,5394,2846,3747,3933,5399,3922,5397,5389,7871,-6382
84,390,374,1557,367,1495,1404,6407,375,1402,1503,6393,1579,6386,6392,29941,-7421
96,412,398,1559,391,1610,1499,6468,354,1438,1661,6515,1624,6508,6410,29106,-7555
1105,1900,1924,3396,1922,3448,3298,6261,1874,3418,3472,6165,3424,6163,6235,12044,-7659
299,828,818,2378,850,2359,2127,6923,787,2254,2432,6786,2387,6818,6882,21121,-8222
34695,6073,6106,998,6098,1043,1015,215,6026,1068,1082,195,1053,187,168,27,4843
9908,6062,6097,3588,6084,3661,3642,2198,6042,3706,3668,2169,3621,2156,2178,1269,222
1855,2589,2620,3864,2640,3892,3877,5527,2626,3835,3875,5600,3807,5620,5564,8258,-6815
834,1582,1574,3171,1573,3213,3014,6575,1536,3069,3258,6512,3218,6511,6529,13880,-8007
54894,2594,2600,131,2601,122,114,6,2593,119,124,7,131,8,5,0,2474
5686,4801,4866,4009,4824,4173,4069,3393,4869,4046,4063,3481,3983,3439,3461,2886,-2661
1,13,16,310,16,291,80,1797,22,44,282,1836,301,1836,1806,57398,-1864
0,4,7,262,6,261,5,675,9,7,255,676,258,675,680,62269,-676
5953,5021,4946,3964,4943,4079,4024,3350,4993,3996,4104,3303,3995,3300,3322,2756,-2353
1503,2362,2366,3628,2254,3701,3461,5972,2371,3525,3580,5912,3731,5800,5981,9902,-7071
3874,3953,3931,4114,3913,4122,4168,4321,3936,4209,4121,4258,4149,4240,4304,4436,-4536
9318,5811,5900,3768,5940,3762,3684,2295,5898,3690,3715,2378,3641,2418,2382,1449,-168
334,853,864,2488,903,2385,2299,6894,860,2354,2417,6850,2442,6889,6901,20316,-8340
5667,4753,4798,3939,4707,4116,4122,3495,4721,4131,4057,3531,4062,3440,3463,3047,-2864
1062,1982,2043,3393,1941,3526,3377,6269,1921,3488,3485,6219,3556,6117,6208,11462,-7664
6613,5094,5063,4026,5062,3922,3946,3205,5063,3930,3952,3190,4058,3189,3174,2562,-2057
64154,470,467,3,467,2,7,0,470,4,2,0,3,0,0,0,463
760,1481,1553,3182,1567,3245,3055,6524,1540,3117,3200,6534,3109,6548,6583,14051,-8098
16988,6851,6873,2776,6915,2742,2714,1171,6816,2790,2819,1117,2769,1159,1136,413,2966
54151,2734,2748,165,2746,143,137,9,2732,153,143,7,169,5,7,0,2588
746,1579,1534,3024,1508,3142,3051,6591,1520,2975,3175,6622,3109,6596,6532,14345,-8063
33136,6220,6220,1210,6230,1174,1177,210,6232,1171,1172,216,1188,226,222,45,4833
2671,3243,3156,4088,3195,3891,3936,5063,3196,3932,3977,4980,4096,5019,5016,6590,-5756
439,1026,1024,2623,1035,2719,2595,6797,1033,2527,2723,6863,2605,6874,6804,18362,-8366
15083,6708,6712,3039,6679,2957,3073,1352,6705,3050,2927,1379,3075,1346,1349,615,2283
312,927,842,2453,886,2398,2301,6910,883,2311,2486,6815,2453,6859,6866,20347,-8284
20583,6916,6986,2341,6954,2385,2344,811,6919,2417,2350,808,2370,776,814,275,3761
2342,2994,2945,3880,2960,3928,3755,5322,2943,3766,3994,5262,3916,5277,5271,7494,-6083
2210,2971,2963,3955,2942,4007,3838,5315,3000,3843,3957,5302,3947,5281,5344,7174,-6182
293,787,805,2388,772,2396,2134,6867,830,2106,2320,6913,2378,6880,6910,21270,-8214
6101,5017,4979,4056,5017,4086,4003,3222,5043,3961,4098,3226,3992,3264,3248,2736,-2208
2332,2979,2932,3973,3004,3942,3751,5325,2971,3845,4022,5184,3909,5256,5317,7307,-6097
4899,4503,4441,4199,4452,4050,4032,3800,4510,3999,4054,3771,4181,3782,3807,3569,-3329
8111,5653,5601,3861,5601,3855,3799,2665,5630,3797,3878,2615,3884,2615,2642,1842,-811
26,154,169,1023,160,1045,756,5539,187,835,1003,5475,999,5466,5572,37640,-6141
252,801,731,2284,743,2239,2181,6860,796,2109,2256,6862,2277,6874,6855,21929,-8240
10286,6020,6079,3598,6022,3658,3613,2122,6040,3584,3581,2210,3635,2153,2142,1306,285
9,71,60,526,66,558,335,3940,64,332,571,3932,527,3938,3933,47187,-4204
4014,4053,4194,3956,4064,4187,3951,4269,4014,4060,4096,4301,4125,4171,4230,4364,-4167
93,440,407,1555,427,1540,1476,6479,384,1472,1616,6450,1591,6470,6423,29226,-7515
4679,4383,4220,4064,4218,4136,4126,3953,4303,4001,4214,3915,4146,3913,3873,3905,-3696
5259,4765,4691,4084,4680,4085,4097,3584,4695,4043,4144,3564,4165,3553,3514,3126,-2916
97,307,332,1512,321,1512,1298,6362,331,1287,1477,6398,1499,6387,6386,30543,-7353
2449,3077,3143,4011,3101,4003,3864,5124,3089,3817,3949,5237,4041,5195,5136,6813,-5911
1612,2425,2402,3926,2422,3746,3555,5798,2494,3619,3697,5711,3837,5731,5867,9207,-6928
7430,5305,5321,3976,5358,3912,3916,2863,5330,3903,3924,2892,3914,2929,2888,2188,-1474
48,214,196,1058,186,1058,896,5751,196,889,1066,5740,1086,5730,5733,36202,-6433
1131,1968,1922,3519,1936,3411,3420,6245,1909,3419,3484,6200,3564,6214,6186,11521,-7697
3390,3606,3678,4033,3628,4167,4012,4595,3661,4024,4062,4655,4028,4605,4650,5255,-5001
538,1275,1230,2985,1233,2895,2762,6777,1264,2831,2909,6663,2993,6666,6766,16262,-8264
156,507,524,1791,486,1857,1702,6733,508,1697,1818,6755,1828,6717,6734,26236,-7928
15289,6723,6724,3047,6737,2960,2954,1319,6753,2931,2943,1343,3004,1356,1349,617,2450
426,969,1000,2617,947,2489,2473,6831,960,2454,2445,6881,2679,6828,6822,19228,-8335
34550,6096,6132,1032,6113,1063,1064,172,6118,1096,1022,176,1029,157,194,35,4860
42155,4982,4994,625,5013,580,598,69,4975,612,606,67,613,86,62,12,4315
33340,6252,6252,1121,6221,1112,1171,231,6238,1174,1095,228,1166,197,217,34,4850
4529,4302,4240,4083,4307,4057,4050,4049,4247,4077,4179,3960,4071,4027,3994,3877,-3797
2110,2838,2805,3805,2811,3889,3908,5441,2728,3908,4005,5408,3909,5414,5331,7739,-6511
10137,5957,6010,3689,6023,3680,3614,2150,6009,3653,3641,2164,3624,2177,2202,1319,193
9010,5851,5833,3773,5877,3759,3679,2401,5839,3672,3815,2390,3741,2434,2389,1586,-229
64461,396,394,1,394,2,2,0,396,0,2,0,1,0,0,0,394
227,681,689,2275,711,2282,2134,6900,745,2146,2240,6896,2189,6918,6964,22052,-8353
1476,2293,2294,3614,2258,3731,3652,5875,2338,3527,3650,6001,3605,5965,5920,9850,-7234
2315,2890,3011,3967,3016,4117,3914,5142,3005,3901,4007,5276,3847,5281,5257,7103,-6166
29422,6560,6516,1483,6516,1520,1536,340,6572,1495,1508,337,1471,337,352,84,4684
638,1411,1457,3060,1414,3038,3015,6615,1422,3032,2984,6644,3092,6601,6626,15000,-8219
4210,4200,4139,4228,4174,3999,4151,4088,4206,4148,4028,4030,4187,4065,4094,4102,-4039
137,498,543,1888,547,1811,1611,6637,509,1664,1804,6629,1873,6633,6648,26617,-7750
110,376,362,1652,373,1623,1388,6466,370,1407,1640,6433,1647,6444,6460,29298,-7478
41298,5139,5156,641,5152,636,639,81,5146,667,625,70,638,66,88,7,4419
12295,6342,6434,3418,6428,3394,3322,1722,6398,3352,3332,1784,3368,1778,1778,904,1298
4726,4407,4465,4114,4435,4131,4117,3787,4433,4089,4075,3873,4118,3843,3813,3623,-3497
92,301,303,1448,314,1431,1207,6253,298,1232,1445,6230,1440,6241,6250,31564,-7159
441,1067,1082,2699,1075,2752,2583,6785,1073,2541,2739,6842,2700,6835,6791,18044,-8301
3061,3558,3564,4010,3530,4096,4065,4743,3560,4054,4060,4760,4042,4726,4745,5475,-5250
3570,3881,3933,4145,3969,4180,3948,4354,3919,4038,4178,4316,4071,4352,4392,4803,-4421
24,113,123,828,124,845,569,4957,122,577,837,4959,818,4960,4966,41227,-5413
32980,6279,6227,1175,6235,1155,1201,253,6262,1189,1180,213,1184,221,236,59,4825
15,94,99,620,89,628,446,4395,100,422,612,4424,624,4414,4401,44666,-4747
27465,6760,6753,1642,6724,1701,1592,415,6752,1586,1680,414,1679,385,407,94,4753
1664,2560,2506,3736,2462,3895,3679,5760,2530,3700,3881,5685,3810,5641,5730,8810,-6879
6585,5062,5119,4044,5093,4057,3863,3141,5112,3890,3981,3171,4020,3145,3191,2575,-1942
1,8,9,265,15,261,12,899,15,16,260,896,252,902,906,61332,-903
6194,4968,4908,4066,4890,4058,4009,3285,4948,3925,4060,3309,4104,3291,3265,2769,-2326
1041,1802,1775,3365,1852,3394,3258,6332,1807,3288,3466,6275,3283,6352,6337,12422,-7788
11943,6313,6404,3305,6362,3556,3269,1836,6306,3349,3521,1847,3354,1805,1829,1050,1208
2227,2921,2904,4037,2925,3851,3837,5349,2867,3915,3926,5254,4070,5275,5295,7396,-6265
2677,3231,3225,4086,3277,3919,4052,4977,3206,3979,3996,5044,4059,5096,4952,6273,-5798
3457,3705,3784,4110,3743,4200,4028,4476,3702,4055,4162,4528,4154,4487,4473,4985,-4799
972,1747,1764,3455,1775,3310,3281,6404,1797,3330,3271,6372,3394,6383,6454,12340,-7938
1207,1997,2015,3475,2043,3534,3458,6173,1942,3480,3617,6169,3502,6197,6118,11122,-7634
1567,2281,2326,3662,2271,3848,3605,5892,2315,3629,3759,5913,3683,5858,5926,9514,-7216
6919,5067,5091,4003,5110,4042,3911,3140,5038,3969,4090,3106,4013,3125,3111,2314,-1984
2982,3445,3533,3959,3504,4124,4148,4755,3462,4146,4078,4845,3971,4816,4772,5509,-5458
3320,3624,3597,4180,3661,4044,3978,4637,3633,4016,4099,4572,4107,4636,4646,5299,-4991
1048,1886,1859,3229,1742,3421,3280,6453,1833,3281,3357,6425,3399,6308,6400,12128,-7847
25069,6778,6815,1971,6836,1897,1850,534,6796,1888,1900,533,1932,554,552,144,4394
61067,1215,1215,17,1216,21,22,0,1216,22,21,0,15,1,1,0,1193
32449,6283,6250,1229,6263,1276,1279,232,6310,1246,1262,232,1189,245,259,45,4772
1,15,12,267,10,271,18,1165,7,15,277,1165,277,1163,1157,60229,-1168
0,10,12,259,14,266,14,1002,15,14,263,1004,252,1006,1007,60911,-1006
2938,3313,3359,4072,3360,4032,3965,4906,3308,4012,4038,4905,4076,4906,4901,5958,-5558
1930,2768,2718,3825,2728,3953,3816,5512,2767,3823,3964,5455,3816,5465,5511,7998,-6560
3527,3825,3799,4136,3855,4155,4048,4414,3864,4037,4172,4399,4041,4455,4453,4869,-4637
16523,6882,6802,2798,6770,2872,2789,1210,6869,2719,2853,1200,2843,1168,1197,554,2883
1701,2533,2616,3781,2569,3846,3604,5756,2481,3668,3851,5775,3880,5728,5704,8556,-6827
15788,6649,6680,2991,6667,3005,2927,1286,6711,2948,2930,1296,2942,1283,1348,598,2436
1259,2144,2102,3515,2106,3545,3452,6155,2122,3477,3571,6088,3533,6092,6133,10755,-7463
22,110,113,775,111,778,581,4805,119,599,767,4790,768,4788,4814,42109,-5276
16121,6801,6738,2858,6741,2904,3004,1225,6791,2950,2917,1216,2865,1219,1215,484,2572
4,46,51,454,40,477,245,3408,48,233,464,3425,463,3414,3410,49867,-3607
3060,3423,3554,4017,3500,4231,3993,4672,3477,3982,4123,4814,4017,4760,4726,5700,-5242
13451,6611,6588,3254,6564,3204,3131,1575,6613,3118,3178,1565,3276,1541,1577,803,1905
36101,5878,5872,996,5862,958,950,157,5862,928,964,173,1022,163,141,22,4771
1732,2493,2446,3833,2436,3740,3676,5690,2476,3568,3747,5751,3860,5741,5673,9187,-6873
3411,3626,3628,4159,3637,4143,4122,4528,3653,4052,4125,4600,4123,4609,4555,5078,-5024
31153,6412,6420,1415,6432,1320,1300,257,6406,1268,1338,297,1409,309,251,62,4855
1967,2790,2806,3712,2737,3908,3846,5535,2739,3844,3890,5553,3832,5484,5484,7922,-6591
113,436,398,1671,399,1632,1481,6587,447,1510,1622,6520,1659,6521,6598,28455,-7632
11743,6380,6299,3369,6315,3397,3431,1911,6305,3442,3488,1819,3428,1835,1836,1051,1038
156,499,559,1818,521,1862,1699,6589,499,1701,1824,6647,1856,6609,6589,26621,-7789
1199,2048,2065,3604,2099,3514,3343,6166,2033,3375,3563,6151,3585,6185,6151,10968,-7461
11626,6344,6299,3404,6307,3418,3424,1920,6305,3438,3465,1861,3435,1869,1881,1053,1000
39639,5394,5368,777,5356,718,748,112,5369,730,731,104,814,92,87,10,4534
2366,3105,3118,3879,3050,4110,3982,5164,3144,3953,4003,5206,3908,5138,5203,6720,-6041
3928,4006,4084,4090,4023,4099,4164,4199,4040,4153,4004,4288,4117,4227,4233,4394,-4357
4832,4544,4441,4146,4473,4059,4174,3776,4540,4046,4095,3801,4118,3833,3772,3399,-3406
20920,6987,6908,2375,6934,2311,2306,791,6967,2290,2357,728,2369,754,771,281,3890
4062,4033,4017,4118,3984,4056,3987,4288,3949,3998,4107,4261,4235,4228,4204,4522,-4242
14916,6663,6631,3080,6690,3069,2964,1405,6676,2964,3115,1373,3008,1432,1418,645,2294
8216,5627,5578,3840,5586,3845,3838,2661,5628,3825,3852,2625,3831,2633,2662,1802,-872
479,1203,1157,2789,1139,2866,2697,6789,1195,2696,2856,6744,2815,6726,6781,17117,-8283
4221,4135,4218,4151,4236,4114,4122,4030,4181,4150,4086,4085,4087,4103,4076,4054,-4017
4842,4319,4372,4157,4338,4056,3968,3929,4340,4029,4001,3921,4170,3887,3950,3770,-3578
516,1125,1124,2938,1211,2770,2717,6773,1124,2795,2858,6694,2852,6781,6772,16999,-8365
18502,6997,6899,2603,6901,2591,2613,983,6951,2554,2639,944,2647,946,937,342,3401
13413,6602,6575,3233,6510,3207,3112,1624,6575,3099,3169,1610,3325,1545,1597,853,1866
3256,3572,3591,4128,3601,4060,3865,4683,3559,3884,4083,4683,4131,4693,4670,5590,-4976
13457,6610,6641,3150,6588,3239,3189,1565,6581,3231,3215,1554,3232,1501,1536,760,1856
3072,3531,3537,4108,3593,4018,3991,4752,3527,4034,4078,4715,4056,4771,4748,5518,-5212
30620,6516,6487,1301,6463,1375,1382,333,6475,1364,1392,322,1366,298,292,63,4801
4087,4026,4088,4174,4076,4168,4045,4148,4137,4054,4045,4201,4075,4189,4259,4277,-4167
2370,3027,2982,4085,3045,3971,3863,5200,3009,3871,4052,5147,4040,5210,5182,6995,-6036
26491,6786,6745,1788,6769,1739,1769,451,6834,1755,1715,424,1716,448,499,120,4566
10048,6041,6073,3662,6033,3593,3583,2206,6073,3625,3521,2196,3670,2156,2238,1331,252
22421,6926,6912,2071,6889,2222,2168,710,6929,2144,2196,720,2091,697,713,240,4048
2810,3317,3371,3974,3316,4042,3876,4971,3255,3910,4049,4991,4091,4936,4909,6231,-5530
2070,2753,2737,3884,2757,3799,3778,5567,2692,3856,3880,5473,3925,5493,5506,7879,-6592
5644,4850,4813,4023,4744,4174,4104,3382,4876,3973,4079,3476,4066,3407,3408,3030,-2636
11474,6266,6369,3419,6331,3479,3423,1880,6296,3463,3411,1943,3427,1905,1910,1053,963
7262,5276,5354,3916,5283,3964,3879,2954,5296,3926,3873,2985,3967,2914,2974,2226,-1557
40927,5198,5176,721,5180,633,646,94,5189,624,646,94,726,98,85,12,4458
465,1061,1086,2696,1075,2765,2505,6795,1103,2558,2712,6767,2665,6756,6837,18203,-8239
1437,2279,2350,3743,2403,3679,3576,5843,2338,3569,3673,5921,3631,5974,5902,9731,-7140
18730,6937,6939,2544,6914,2545,2611,956,6967,2586,2490,983,2539,958,986,364,3370
1271,2133,2067,3621,2010,3524,3503,6071,2155,3381,3445,6127,3656,6070,6093,10922,-7441
1856,2705,2739,3840,2716,3862,3797,5494,2706,3756,3838,5569,3862,5546,5495,8268,-6586
4,40,37,411,40,387,156,2826,31,135,399,2844,417,2847,2817,52658,-2942
6427,5150,5055,3961,5155,4096,3910,3176,5190,3871,4156,3120,3821,3220,3216,2525,-1936
202,687,694,2078,687,2047,1898,6824,661,2009,2066,6720,2111,6713,6798,23854,-8035
20812,6978,6997,2225,6979,2320,2391,795,6951,2411,2329,794,2270,776,768,253,3792
7755,5531,5413,3903,5451,3766,3902,2874,5529,3922,3806,2736,3867,2774,2872,1948,-1245
968,1741,1767,3356,1741,3420,3262,6332,1800,3282,3335,6338,3323,6312,6391,12681,-7853
991,1824,1776,3345,1786,3289,3236,6448,1773,3275,3350,6361,3386,6371,6397,12441,-7860
45405,4459,4472,447,4481,425,425,41,4461,448,432,31,436,40,43,3,3993
309,907,884,2499,870,2461,2380,6976,870,2422,2484,6911,2550,6897,6939,19690,-8449
19077,6858,6871,2557,6910,2565,2521,946,6843,2553,2619,927,2533,966,931,372,3391
50889,3418,3409,223,3397,275,241,13,3422,223,259,22,231,10,17,0,3164
22165,6972,6925,2200,6926,2132,2230,703,6988,2209,2117,677,2183,678,719,225,4039
38,232,194,1052,199,996,831,5446,190,776,1043,5463,1089,5468,5404,37628,-6045
26,128,117,810,126,811,592,5018,127,622,821,4977,802,4986,5017,41069,-5482
29481,6581,6586,1453,6572,1513,1441,344,6562,1456,1518,334,1486,320,325,77,4796
1,22,17,308,22,307,72,2038,16,85,318,2020,309,2025,2032,56457,-2088
4090,4131,4121,4097,4102,4129,4153,4149,4090,4185,4151,4107,4157,4088,4108,4191,-4171
3659,3867,3873,4076,3783,4128,3966,4461,3872,3973,4033,4460,4161,4370,4466,4901,-4560
21484,7023,6933,2201,6895,2279,2338,741,7046,2251,2218,738,2216,700,764,222,3944
827,1592,1618,3345,1708,3205,3133,6438,1658,3099,3229,6498,3189,6588,6504,13418,-7979
1627,2400,2510,3913,2497,3791,3706,5686,2467,3713,3711,5789,3859,5776,5753,8851,-6992
