Pattern 1,Pattern 2,Pattern 3,Pattern 4,Pattern 5,Pattern 6,Pattern 7,Pattern 8,Pattern 9,Pattern 10,Pattern 11,Pattern 12,Pattern 13,Pattern 14,Pattern 15,Pattern 16,Faces_8_Async
90,81,78,57,81,63,65,68,75,68,72,62,60,65,62,42,1557
21,33,32,60,29,74,55,90,43,47,61,97,53,94,100,200,1875
142,87,78,60,79,73,53,59,76,61,85,42,70,43,48,33,1430
822,61,58,5,59,5,5,0,61,2,6,0,4,1,0,0,285
68,61,73,57,60,71,65,69,64,66,55,80,67,67,72,94,1659
175,112,108,52,100,55,56,36,103,55,56,33,69,25,27,27,1289
64,73,66,66,77,75,53,76,72,64,87,58,56,69,75,58,1620
67,71,69,67,69,59,49,74,63,62,67,59,75,59,66,113,1638
90,76,77,66,74,67,64,66,80,67,60,64,65,61,70,42,1562
48,39,45,72,48,60,57,74,42,49,60,88,66,91,77,173,1779
122,94,96,65,95,60,58,51,99,67,54,44,61,43,56,24,1430
311,122,117,41,122,30,44,17,118,44,39,12,40,17,13,2,1002
254,116,105,51,113,48,49,21,116,39,56,20,43,28,21,9,1121
207,114,114,43,116,54,54,27,115,55,55,26,40,28,28,13,1209
2,8,9,45,11,38,13,87,12,19,36,82,39,84,91,513,2055
142,84,82,71,79,65,56,50,87,53,59,51,71,48,53,38,1429
218,102,107,57,106,55,55,24,107,54,49,30,53,29,29,14,1213
96,78,75,66,68,59,55,70,73,56,57,66,78,59,65,68,1562
163,100,104,57,109,69,43,33,101,45,73,35,51,40,34,32,1313
40,45,37,71,42,57,57,91,39,52,68,88,72,93,85,152,1801
6,20,17,60,17,52,30,99,28,34,44,92,52,92,107,339,1980
436,113,111,23,107,40,30,5,117,23,32,10,23,6,9,4,799
982,27,26,0,26,0,1,0,27,0,0,0,0,0,0,0,108
274,105,113,45,112,49,41,21,102,46,51,24,49,23,18,16,1101
70,60,54,73,67,73,59,67,65,57,81,63,55,76,72,97,1651
4,7,7,31,10,34,6,74,9,10,35,70,26,73,76,617,2074
285,115,115,39,109,52,29,28,104,36,57,21,56,15,17,11,1063
134,78,80,71,76,69,57,45,86,52,57,52,67,48,53,64,1458
641,90,84,19,85,12,14,4,90,10,13,2,18,3,4,0,516
23,31,33,54,29,61,47,97,32,41,56,105,57,101,98,224,1893
180,102,95,71,95,65,56,28,102,49,65,28,71,28,28,26,1288
9,21,17,46,20,54,28,108,19,33,59,99,45,102,106,323,1981
14,21,18,50,19,60,27,100,21,32,61,92,49,93,100,332,1961
49,68,52,65,53,73,69,79,61,59,81,73,71,74,72,90,1701
118,81,85,68,81,80,56,42,91,47,66,55,62,51,52,54,1466
36,57,50,76,57,64,57,83,52,53,76,80,74,87,78,109,1745
70,75,73,72,68,73,45,74,69,53,74,64,83,59,68,69,1602
10,18,16,40,13,37,25,98,17,22,35,99,44,96,97,422,2016
81,72,70,78,67,76,55,66,78,53,67,66,75,63,72,50,1581
0,3,4,31,3,32,5,38,4,2,30,42,31,41,39,784,2102
87,84,88,60,89,65,46,65,79,61,71,54,64,55,60,61,1534
14,24,23,46,22,52,29,101,18,24,57,105,53,104,95,322,1959
1007,20,20,1,20,0,0,0,20,0,0,0,1,0,0,0,83
6,9,15,43,11,45,27,96,15,20,35,109,41,105,102,410,2034
27,28,32,51,32,62,37,95,32,41,58,95,47,95,99,258,1891
283,110,109,62,111,47,42,12,115,36,44,17,55,19,17,10,1063
2,12,12,33,17,27,11,96,9,19,35,88,31,93,93,511,2061
468,106,108,17,109,36,27,5,108,24,35,10,14,11,7,4,760
284,106,109,38,103,62,45,23,106,50,56,21,44,15,23,4,1086
327,114,120,40,122,42,40,6,116,37,42,15,36,17,8,7,972
91,78,80,72,82,64,64,56,82,63,62,59,66,61,60,49,1542
0,4,4,27,2,29,2,35,2,3,29,34,31,32,33,822,2108
70,52,45,61,41,76,55,85,52,47,72,86,65,82,85,115,1711
390,111,116,40,117,31,27,9,112,31,31,10,38,11,10,5,872
25,36,37,61,34,73,45,96,39,45,67,97,61,94,99,180,1851
152,90,74,71,76,50,51,60,74,47,68,48,85,50,44,49,1423
109,73,77,64,69,70,70,52,78,66,57,60,67,52,57,68,1534
0,2,2,30,2,32,0,10,2,0,32,10,30,10,10,917,2108
18,34,33,52,24,81,54,93,37,38,69,108,58,99,96,195,1884
103,83,78,76,85,66,65,47,80,53,76,54,72,61,44,46,1501
178,87,81,65,85,70,66,38,91,60,70,38,57,42,42,19,1347
222,108,114,52,110,56,41,30,113,50,47,27,51,23,35,10,1186
42,53,48,74,57,73,58,70,61,56,74,67,57,76,78,145,1736
473,110,114,25,116,25,21,5,110,28,27,2,23,4,5,1,732
165,93,102,64,105,58,57,33,96,61,58,38,58,41,36,24,1333
230,106,105,53,102,56,46,31,105,47,54,29,57,26,30,12,1190
31,53,39,61,49,51,55,91,43,50,71,82,61,92,81,179,1810
0,1,1,31,1,31,0,3,1,0,31,3,31,3,3,949,2112
783,69,65,6,65,5,10,0,69,6,5,0,6,0,0,0,333
3,12,14,49,18,38,17,95,16,21,38,93,41,97,99,438,2029
268,111,98,53,99,54,52,19,112,37,54,21,51,22,20,18,1116
301,114,115,47,122,38,39,14,111,38,48,16,43,23,11,9,1026
127,87,99,71,99,64,53,41,94,59,57,47,64,47,48,32,1417
932,36,37,1,37,2,2,0,37,3,1,0,0,0,1,0,165
472,116,110,21,112,27,29,3,119,22,26,4,16,6,6,0,732
842,54,56,3,55,6,4,0,54,5,5,1,4,0,0,0,266
3,18,14,41,12,43,18,104,8,18,51,100,53,98,94,414,2026
11,22,17,39,16,40,30,100,16,33,45,92,46,91,94,397,2000
109,71,79,77,81,59,55,55,75,60,57,58,71,60,59,63,1522
189,113,108,61,111,46,52,32,107,52,55,27,64,30,26,16,1248
0,1,1,31,1,32,0,24,1,1,32,23,31,23,24,864,2111
12,28,26,55,27,44,30,100,27,33,46,95,55,96,99,316,1946
6,9,16,35,9,53,26,87,16,17,39,103,35,96,94,448,2035
3,19,13,54,13,41,18,92,16,19,44,85,57,85,89,441,2013
148,91,92,58,102,66,57,32,98,50,69,40,41,50,39,56,1382
2,8,8,28,8,41,9,77,8,4,41,82,28,82,77,586,2073
77,63,66,72,65,80,49,69,62,61,80,60,74,59,68,84,1615
44,47,49,64,46,67,53,82,43,49,68,88,71,85,78,155,1770
56,71,72,82,88,52,64,66,67,72,72,59,70,75,62,61,1630
110,93,92,60,82,74,67,53,91,76,66,43,72,33,51,26,1464
1,10,8,33,9,33,5,78,10,9,34,72,32,73,78,604,2073
152,80,81,84,84,49,46,50,77,54,55,43,84,46,47,57,1416
215,105,112,54,110,57,60,20,113,63,47,24,48,22,28,11,1205
194,101,99,50,97,56,61,34,102,56,53,37,51,35,35,28,1286
244,114,104,34,106,59,49,30,106,43,69,26,40,28,22,15,1159
211,100,105,75,107,32,53,30,96,59,38,29,77,31,26,20,1237
609,93,93,13,91,23,18,0,95,15,19,3,13,1,2,1,554
269,116,107,42,113,49,51,20,117,43,54,19,35,25,21,8,1097
78,67,76,70,68,78,61,58,73,60,64,68,72,60,64,72,1596
150,89,96,75,97,53,56,37,88,59,55,41,75,42,36,40,1379
271,110,120,44,116,43,45,20,107,50,42,25,51,21,17,7,1093
997,23,23,0,23,0,0,0,23,0,0,0,0,0,0,0,92
0,6,4,32,7,30,3,58,7,4,32,55,28,58,59,706,2093
128,90,84,67,88,54,58,58,84,63,64,47,69,51,52,32,1449
83,82,77,56,73,61,55,71,77,60,62,61,65,57,66,83,1581
94,83,80,72,84,64,58,56,94,54,57,57,57,61,67,51,1524
53,49,62,72,63,76,55,69,58,58,68,79,62,80,78,107,1701
49,56,52,70,60,58,59,76,51,47,71,84,67,92,71,126,1728
623,88,91,18,91,20,11,2,90,15,18,1,16,1,4,0,536
64,65,64,61,69,63,57,71,68,48,65,79,53,84,74,104,1663
0,2,4,31,1,32,0,31,3,0,28,33,33,30,32,829,2106
294,106,117,48,110,50,43,15,110,50,39,19,51,12,19,6,1053
895,46,46,1,46,2,2,0,46,2,2,0,1,0,0,0,201
19,30,33,50,25,50,45,105,25,52,47,101,63,93,100,251,1922
14,26,27,52,23,42,37,108,22,42,42,104,60,100,104,286,1954
14,26,31,60,27,55,42,104,29,42,48,109,61,105,107,229,1925
0,5,4,32,4,27,5,40,3,4,29,40,34,40,38,784,2101
30,48,41,57,39,56,51,105,44,49,58,100,63,98,101,149,1829
879,48,48,4,48,2,3,0,48,3,2,0,4,0,0,0,222
36,54,45,68,48,67,51,95,53,56,71,81,66,84,94,120,1770
214,112,109,48,106,48,57,30,103,54,54,30,60,27,21,16,1215
118,85,79,75,79,51,49,63,78,58,58,48,82,48,56,62,1488
106,71,81,77,75,64,59,56,68,61,61,64,86,58,53,49,1527
265,121,109,44,110,49,35,28,112,31,59,20,52,21,19,14,1094
8,16,15,38,18,42,15,102,17,26,44,90,34,93,103,428,2017
62,68,80,68,83,64,72,57,68,74,67,67,65,70,57,67,1623
0,6,5,34,6,33,6,62,6,6,34,61,33,62,62,673,2088
799,62,69,8,69,1,1,0,62,7,1,1,8,1,0,0,309
258,102,104,56,101,48,54,22,107,53,40,25,54,22,27,16,1149
222,115,111,51,111,51,59,20,118,52,48,23,48,23,23,14,1180
182,118,107,51,107,48,49,39,106,40,60,37,63,37,27,18,1265
13,20,25,59,23,46,24,102,20,32,44,99,61,97,102,322,1959
92,85,69,69,74,58,53,70,79,56,69,51,70,56,64,74,1554
18,45,35,60,37,57,36,113,41,54,63,85,62,87,109,187,1863
273,98,106,46,106,57,47,20,103,49,52,26,41,26,25,14,1121
179,99,93,59,97,58,53,35,101,50,60,32,53,36,37,47,1315
187,99,100,61,105,65,47,33,106,50,63,31,49,36,40,17,1275
58,53,61,54,53,87,62,73,55,54,77,89,60,81,75,97,1701
126,82,76,64,78,60,71,56,81,65,63,56,63,58,55,35,1484
12,13,24,41,9,64,28,94,15,27,47,106,54,91,96,368,1990
26,29,30,82,39,45,51,89,33,54,50,87,69,96,93,216,1872
50,56,55,71,59,66,54,85,49,61,77,77,74,81,78,96,1715
3,5,5,39,10,31,11,62,9,9,32,64,30,69,66,644,2077
40,51,52,67,55,61,54,86,49,56,66,85,66,88,84,129,1761
90,79,74,76,78,64,62,60,80,63,67,54,71,58,61,52,1548
28,47,43,71,47,62,49,88,47,51,66,82,67,86,88,167,1805
48,66,67,68,69,60,60,82,62,69,66,74,70,76,78,74,1686
302,125,121,40,113,47,48,8,128,37,36,15,45,7,11,6,1003
1037,13,13,0,13,0,0,0,13,0,0,0,0,0,0,0,52
297,121,115,44,112,39,40,20,117,34,40,20,51,17,16,6,1032
173,104,104,60,108,56,51,34,96,54,68,31,64,35,26,25,1296
35,67,68,59,68,57,69,84,57,74,67,80,69,80,74,81,1722
362,113,116,38,109,38,36,11,116,31,28,19,42,12,14,4,927
45,60,51,72,50,69,48,83,54,35,74,87,79,86,77,119,1726
10,22,25,44,23,41,30,105,19,28,42,110,49,108,102,331,1981
159,78,84,65,86,65,50,48,83,57,62,47,58,49,53,45,1404
10,14,12,57,20,46,20,96,17,28,51,86,46,94,99,393,1995
915,43,39,1,39,1,5,0,43,1,1,0,1,0,0,0,182
476,112,105,23,107,24,30,7,112,25,26,5,21,7,7,2,743
84,77,79,66,82,57,50,64,69,57,68,59,71,62,56,88,1572
134,94,87,66,84,62,65,42,94,55,59,45,69,42,42,49,1423
10,15,18,49,16,53,13,107,15,27,51,96,51,94,107,367,1992
244,117,106,49,105,47,48,30,115,47,48,20,52,19,28,14,1149
176,95,87,60,87,62,68,38,94,60,63,38,61,38,37,25,1340
9,24,20,44,26,46,28,102,21,32,55,94,41,100,99,348,1976
81,55,51,69,52,73,54,75,56,52,73,73,67,74,76,108,1661
59,51,62,70,63,79,63,67,59,64,72,77,61,78,75,89,1684
111,104,88,59,88,55,72,52,91,60,68,48,72,48,39,34,1458
86,89,85,58,77,63,66,62,85,66,59,58,70,50,58,57,1545
272,102,99,45,101,55,45,28,105,43,54,27,40,29,31,13,1130
23,37,38,62,39,66,32,97,42,42,62,88,56,89,102,214,1853
323,120,110,38,115,42,35,20,118,37,49,8,35,13,18,8,987
6,9,6,37,7,36,14,84,5,14,41,81,40,82,80,547,2062
342,115,112,34,110,50,34,15,112,35,51,11,39,9,12,8,958
6,12,11,39,14,28,15,94,8,21,35,87,40,90,90,499,2050
229,95,101,63,106,49,39,33,97,47,52,31,56,36,35,20,1211
298,112,111,48,113,47,42,15,115,40,46,16,43,18,18,7,1039
2,5,5,27,5,31,5,50,4,3,32,52,28,52,49,739,2096
85,89,94,66,91,60,60,55,82,69,64,51,76,48,48,51,1519
289,104,115,52,112,45,46,13,110,46,36,24,49,21,19,8,1068
562,105,103,16,100,19,16,4,106,15,15,3,18,0,5,2,606
34,48,53,64,47,60,43,89,47,47,55,90,71,84,88,169,1790
827,60,62,2,62,4,2,0,60,4,4,0,2,0,0,0,274
60,53,52,61,55,75,63,77,58,54,73,85,53,88,82,100,1709
269,109,110,52,117,47,37,22,106,41,57,19,48,26,19,10,1096
99,88,80,59,89,75,58,54,89,57,83,47,49,56,55,51,1501
0,8,10,39,8,32,8,71,8,10,30,71,41,69,71,613,2073
302,116,110,41,108,46,42,19,116,34,44,21,43,19,19,9,1037
13,28,31,62,30,56,41,107,27,45,56,106,64,105,106,212,1917
85,83,88,54,74,74,74,53,89,67,54,65,62,51,59,57,1552
0,2,1,31,4,30,0,20,3,1,32,18,27,21,21,878,2108
2,6,5,28,5,29,2,55,4,5,31,51,30,51,53,732,2095
280,115,116,45,116,39,46,22,113,54,41,15,47,15,20,5,1072
61,52,54,62,53,71,65,80,45,61,77,86,70,85,73,94,1712
391,101,107,33,106,43,29,15,105,29,38,21,30,20,19,2,905
279,115,116,36,112,47,53,18,113,50,45,22,42,18,16,7,1079
22,46,46,73,45,65,46,99,45,55,65,90,75,89,98,130,1813
24,23,18,63,24,54,38,88,32,29,51,92,48,98,97,310,1925
415,111,119,30,119,33,32,3,117,36,27,7,24,7,9,0,825
1023,16,16,0,16,1,0,0,16,0,1,0,0,0,0,0,67
2,6,4,31,7,31,5,61,3,3,37,61,31,64,58,685,2089
39,53,68,58,58,69,59,84,52,72,60,86,69,76,83,103,1741
198,99,107,61,108,54,42,30,102,46,52,34,57,35,33,31,1254
29,40,37,70,44,63,59,92,38,60,72,88,65,95,90,147,1826
20,37,33,54,31,57,51,105,29,53,63,99,64,97,97,199,1889
1013,19,19,0,19,0,0,0,19,0,0,0,0,0,0,0,76
113,90,91,71,98,62,49,51,82,62,77,39,72,46,43,43,1450
22,26,30,47,25,60,45,95,35,32,46,112,43,107,104,260,1920
85,64,74,67,63,76,51,69,68,53,61,77,74,66,73,68,1600
27,46,51,66,47,61,52,88,39,59,64,86,77,82,81,163,1807
360,115,118,33,117,34,28,18,116,37,32,12,33,11,19,6,926
26,41,39,72,44,67,45,99,41,52,72,90,67,95,99,140,1822
0,5,5,29,4,29,2,62,4,4,29,60,31,59,61,705,2101
5,13,12,39,13,37,23,83,16,10,35,95,35,96,86,491,2041
1,5,4,35,9,29,2,50,8,5,31,46,27,51,53,733,2089
126,86,81,65,84,64,56,48,89,53,64,46,59,49,51,68,1460
74,69,65,76,56,69,58,67,72,54,57,67,82,58,70,95,1626
12,32,32,38,23,66,45,103,33,43,56,105,46,96,104,255,1931
869,48,52,3,52,2,3,0,49,7,1,0,2,0,1,0,235
398,108,118,33,119,32,32,6,109,35,32,13,31,14,7,2,864
32,43,39,65,34,55,49,106,36,57,57,94,77,89,99,157,1835
797,69,65,5,66,2,6,0,69,2,3,0,4,1,0,0,308
66,68,62,62,61,68,58,72,63,53,72,71,68,70,67,108,1657
30,39,42,85,46,60,49,78,43,44,60,86,77,90,82,178,1807
140,79,79,67,78,74,58,46,80,56,72,48,67,47,47,51,1442
3,10,12,46,12,48,22,94,14,25,44,93,42,93,98,433,2034
240,99,97,60,103,51,57,23,103,52,53,26,50,32,27,16,1189
100,86,72,66,73,71,57,62,80,55,78,50,71,51,56,61,1524
100,79,86,66,80,73,61,57,79,68,67,57,72,51,57,36,1515
99,88,77,70,84,64,60,54,91,50,68,53,60,60,57,54,1509
4,13,12,35,11,40,15,89,12,13,40,90,37,89,88,501,2046
357,106,109,53,108,30,36,15,109,41,26,13,51,12,18,5,952
81,63,58,68,68,68,62,69,61,60,80,66,60,76,67,82,1628
56,57,42,60,45,64,64,88,59,50,65,87,55,90,90,117,1741
88,76,68,45,65,75,65,66,73,53,75,70,51,67,63,89,1597
111,77,84,62,81,79,49,58,75,57,78,57,67,54,56,44,1496
54,59,62,83,66,63,65,67,66,57,60,78,72,82,74,81,1678
63,67,65,82,68,71,43,73,69,47,72,67,77,70,75,80,1632
0,7,6,32,6,30,5,62,5,2,32,64,34,64,60,680,2090
3,6,5,41,12,33,9,76,9,5,37,79,31,86,79,578,2069
17,31,35,46,26,61,41,97,28,35,55,107,58,98,94,260,1914
254,120,101,61,103,39,52,26,113,40,48,19,66,21,19,7,1126
206,122,106,50,113,46,41,36,112,34,63,27,53,34,26,20,1207
7,22,18,49,21,46,30,112,20,39,51,99,48,102,110,315,1986
673,88,87,13,87,6,12,1,88,10,6,2,13,2,1,0,463
9,12,17,56,17,59,39,99,14,33,57,110,54,110,101,302,1987
338,100,100,55,101,41,50,12,103,46,39,16,51,17,15,5,1005
170,108,102,50,98,54,53,47,96,58,62,36,66,32,35,22,1318
0,2,3,34,2,33,2,35,3,2,31,36,34,35,36,801,2102
21,30,30,53,26,54,43,98,25,43,55,98,62,94,93,264,1913
53,41,36,66,34,69,55,91,42,52,66,89,67,87,92,149,1785
31,38,46,61,53,67,57,84,41,57,71,92,51,99,87,154,1813
30,36,32,70,36,68,48,84,32,36,76,92,70,96,80,203,1840
316,106,105,49,108,44,35,21,105,40,48,15,47,18,20,12,1028
35,38,45,68,48,66,49,85,45,60,62,81,58,84,92,173,1805
12,31,28,55,34,61,41,92,29,37,69,93,51,99,90,267,1914
104,79,72,78,75,65,59,60,79,56,68,56,75,59,60,44,1522
46,46,44,54,45,74,48,90,42,52,79,84,57,85,86,157,1777
18,45,37,70,45,64,57,93,50,54,67,88,57,96,98,150,1836
485,100,104,34,106,31,21,3,104,21,29,7,28,9,7,0,733
71,54,55,72,53,60,66,75,54,57,58,85,74,83,75,97,1688
9,12,16,43,12,40,15,92,18,18,30,93,41,89,98,463,2025
802,59,66,6,66,3,6,0,59,13,3,0,6,0,0,0,315
65,62,62,70,55,76,56,75,66,55,65,76,73,69,79,85,1661
65,59,78,53,71,74,57,68,56,59,70,85,63,78,65,88,1654
170,97,94,55,94,56,64,45,94,70,59,36,58,36,42,19,1345
9,22,25,45,23,58,34,94,25,36,53,95,44,93,97,336,1965
263,112,116,52,113,48,51,14,119,50,38,19,48,16,21,9,1099
196,119,111,50,117,52,50,31,116,52,61,21,47,27,28,11,1218
28,43,48,69,49,65,47,85,42,48,67,89,69,90,84,166,1805
201,97,100,52,99,63,57,34,97,60,62,34,53,33,34,13,1268
118,79,82,60,72,71,71,54,80,73,60,55,69,45,55,45,1499
33,43,41,78,53,67,38,89,49,43,73,82,60,94,95,151,1787
60,58,56,76,66,68,55,71,66,57,70,67,58,77,79,105,1676
622,98,92,10,92,14,18,2,99,11,13,3,9,3,3,0,530
524,106,105,19,106,21,15,8,104,15,24,7,20,8,6,1,667
201,94,110,52,104,70,55,22,99,55,59,38,53,32,27,18,1252
169,86,86,56,82,68,57,42,86,51,64,48,60,44,42,48,1376
133,88,91,61,90,61,52,58,89,67,59,46,61,45,59,29,1433
1,7,6,31,6,29,1,55,5,8,31,47,33,47,53,729,2090
466,110,104,21,101,38,29,7,112,21,33,9,22,6,9,1,762
3,7,9,36,11,34,8,76,9,10,34,76,32,78,78,588,2068
790,67,68,3,68,4,7,0,67,8,4,0,3,0,0,0,321
76,62,65,80,71,63,54,63,59,60,72,60,77,66,60,101,1623
290,116,113,41,117,42,41,21,113,40,49,19,40,23,18,6,1053
55,55,58,75,54,65,60,79,61,61,55,81,73,77,85,95,1706
29,37,32,65,32,55,54,107,32,59,60,97,70,97,102,161,1862
231,105,100,54,106,54,64,21,103,58,62,22,50,28,19,12,1192
245,122,121,47,115,33,57,24,112,62,37,18,63,12,14,7,1128
449,119,116,24,116,22,26,8,115,27,26,4,28,4,4,1,764
0,2,4,36,6,31,5,42,7,3,28,46,29,48,47,755,2097
159,93,103,70,100,50,55,41,87,69,53,37,79,34,35,24,1351
30,31,36,50,30,65,45,92,33,41,57,101,54,95,94,235,1875
41,50,56,83,57,65,53,78,56,54,60,83,76,84,84,109,1735
58,66,61,68,68,54,46,86,57,49,70,78,70,85,77,96,1679
34,39,38,70,50,64,49,91,40,53,75,86,57,98,92,153,1810
672,81,82,12,82,19,13,0,81,12,19,2,12,2,0,0,477
467,114,109,24,109,30,29,2,115,18,29,8,23,8,3,1,744
172,102,91,62,96,68,55,35,106,44,69,35,53,40,39,22,1313
1,4,4,36,3,33,4,56,6,3,30,57,35,56,58,703,2092
371,115,111,38,104,42,31,13,119,23,31,17,41,10,17,6,911
186,104,95,50,97,65,58,38,107,54,64,33,45,35,41,17,1291
498,100,109,30,111,24,16,4,105,23,21,6,23,8,9,2,708
10,34,22,46,27,50,40,105,24,32,65,101,51,106,95,281,1945
188,111,101,65,102,53,46,38,108,47,57,27,67,28,35,16,1259
15,41,37,72,36,62,33,109,36,46,66,92,78,91,104,171,1859
156,94,95,68,91,55,51,49,89,61,56,40,77,36,44,27,1369
12,18,21,36,15,53,27,86,17,13,48,103,43,97,85,415,1993
7,19,15,38,16,43,25,107,15,30,48,98,41,99,103,385,2014
210,113,117,39,109,58,53,30,108,54,55,33,52,25,25,8,1209
1029,15,15,0,15,0,0,0,15,0,0,0,0,0,0,0,60
113,80,86,77,84,57,51,57,85,67,50,47,74,45,62,54,1488
103,70,87,70,84,64,49,58,71,63,60,61,72,58,59,60,1527
2,14,14,28,8,35,7,85,7,11,36,81,41,75,78,567,2061
5,20,20,58,24,61,38,108,24,41,61,105,50,109,112,253,1965
129,98,81,68,85,64,61,50,100,54,66,40,62,44,52,35,1426
311,116,111,38,114,46,52,13,121,50,44,10,30,13,18,2,1015
474,104,106,34,110,20,22,9,103,29,25,4,31,8,8,2,752
642,88,94,13,93,12,11,2,88,18,11,1,14,0,2,0,506
64,67,76,61,78,71,51,75,64,63,76,72,62,74,72,63,1630
87,88,66,81,74,51,68,63,89,60,58,49,72,57,64,62,1556
62,64,77,72,77,72,59,60,67,59,69,73,69,73,63,73,1628
101,80,88,71,83,78,55,53,88,63,65,53,68,48,61,34,1496
274,118,111,44,111,40,52,21,116,47,42,19,46,19,19,10,1088
4,17,16,64,19,47,35,94,26,34,41,94,52,97,103,346,1990
221,97,96,56,95,64,51,31,101,50,59,31,53,30,35,19,1231
223,104,101,51,104,66,55,21,111,40,62,33,41,36,28,13,1202
320,118,125,31,120,42,36,15,114,44,41,14,40,9,11,9,984
846,58,55,4,55,2,4,0,58,1,2,0,4,0,0,0,254
105,84,72,64,68,59,55,65,77,48,62,60,75,56,58,81,1537
69,52,58,60,53,71,56,73,50,54,68,81,67,76,71,130,1694
963,31,31,1,31,0,0,0,31,0,0,0,1,0,0,0,127
944,35,34,0,34,2,2,0,35,1,2,0,0,0,0,0,150
76,74,91,63,89,67,60,56,79,69,60,64,60,62,61,58,1568
89,84,72,61,71,77,68,55,86,59,74,52,60,51,57,73,1551
81,78,71,70,80,56,56,69,69,54,74,64,70,73,60,64,1583
23,25,30,57,29,66,38,93,26,37,64,99,57,98,94,253,1900
9,15,20,52,16,42,31,104,18,28,35,112,53,108,107,339,2000
221,96,111,54,106,62,47,25,99,55,54,32,56,27,28,16,1211
489,109,110,24,113,23,22,4,109,25,26,2,21,5,4,3,712
117,80,96,60,99,67,49,55,74,74,76,46,63,49,49,35,1462
37,48,45,63,48,53,48,98,41,53,63,90,67,93,91,151,1799
300,117,101,50,106,40,49,20,119,38,43,15,43,20,22,6,1047
64,69,76,67,75,73,48,69,66,54,75,70,71,69,66,77,1621
161,95,99,60,96,76,50,39,99,59,69,34,59,31,43,19,1335
217,115,113,48,114,50,45,27,112,38,54,32,50,33,24,17,1189
114,92,79,66,75,57,78,51,91,63,54,53,71,49,50,46,1489
73,65,65,72,68,61,66,70,66,70,63,66,68,69,71,76,1636
41,43,44,59,47,72,49,90,47,50,71,90,52,93,94,147,1788
144,97,91,75,95,57,52,42,100,45,58,43,68,47,45,30,1378
63,72,65,64,68,63,58,80,67,69,71,62,66,65,75,81,1648
19,30,20,55,25,44,36,105,24,30,55,101,56,106,99,284,1936
1,17,11,38,16,35,15,96,9,15,48,90,41,95,88,474,2042
46,63,62,55,54,79,68,72,58,59,76,80,68,72,67,110,1710
157,96,97,66,80,74,56,37,103,47,50,47,76,30,44,29,1355
26,35,36,56,31,73,39,99,35,38,68,101,61,96,99,196,1860
0,8,4,34,10,29,10,63,7,7,36,62,29,68,62,660,2085
142,71,82,68,77,73,70,42,81,73,58,50,63,45,52,42,1452
60,52,60,65,60,72,51,79,52,60,72,78,65,78,79,106,1697
142,91,93,70,88,58,61,45,90,66,54,42,76,37,44,32,1403
0,3,3,29,2,29,0,11,2,0,29,11,31,10,10,919,2109
2,11,11,29,12,36,12,75,12,13,36,74,27,75,76,588,2064
1,3,7,32,6,39,7,59,7,5,34,65,29,64,63,668,2086
83,61,62,53,61,70,62,75,54,59,76,79,61,78,68,87,1644
45,43,49,62,42,71,41,93,41,50,66,90,71,83,91,151,1778
105,96,79,67,82,62,64,56,92,56,69,47,68,50,52,44,1486
30,37,40,54,40,62,46,95,39,42,60,102,52,102,97,191,1848
260,107,118,41,108,67,44,15,109,42,55,28,49,18,17,11,1110
351,112,107,36,112,42,35,17,106,33,53,14,37,19,11,4,955
38,41,44,64,42,55,47,102,43,56,51,96,64,94,104,148,1815
160,91,91,52,81,74,64,43,92,55,63,52,61,42,44,24,1378
64,82,76,64,76,63,57,73,73,62,72,62,73,62,64,66,1607
54,68,71,71,70,57,59,70,66,56,58,76,74,75,68,96,1665
238,118,112,51,122,39,47,25,113,48,54,18,46,28,20,10,1142
84,81,81,44,68,84,58,71,79,67,73,62,59,49,69,60,1571
263,116,111,43,109,43,43,29,111,49,46,18,50,16,24,18,1114
0,7,8,34,10,45,14,78,10,9,44,84,29,86,81,550,2067
142,85,88,60,86,76,58,46,88,63,71,44,59,42,49,32,1414
333,106,105,46,110,50,34,15,109,36,52,12,38,17,18,8,989
14,20,24,48,24,46,31,102,19,41,47,96,49,96,101,331,1968
10,25,21,53,19,47,32,92,24,27,46,93,56,91,91,362,1968
15,28,30,47,22,50,40,111,22,48,48,105,61,97,105,260,1943
939,36,36,0,36,3,0,0,36,0,3,0,0,0,0,0,153
4,19,13,59,26,46,21,97,19,28,59,84,46,97,97,374,1988
54,73,62,65,64,67,49,82,63,53,79,67,73,69,72,97,1666
309,108,110,45,112,38,41,19,107,41,41,21,44,23,18,12,1039
103,73,73,63,68,67,53,64,75,52,60,65,66,60,66,81,1555
72,60,65,65,55,78,78,66,56,80,72,69,79,59,62,73,1651
104,91,94,67,92,76,49,45,88,51,77,46,72,44,42,51,1459
10,16,11,40,17,34,15,99,10,14,46,95,40,101,93,448,2024
72,70,71,57,75,79,68,67,66,80,87,56,57,60,63,61,1612
160,80,80,63,82,77,54,42,87,51,72,45,54,47,49,46,1396
632,94,90,14,93,14,14,1,94,11,17,0,11,3,1,0,515
172,96,95,59,100,63,49,39,104,51,60,36,46,41,47,31,1325
532,102,100,25,102,25,16,5,100,18,29,1,25,3,3,3,658
111,83,81,71,89,65,52,58,76,67,80,41,70,49,51,45,1484
123,88,89,59,82,67,65,50,89,70,59,46,65,39,51,47,1459
81,66,50,75,62,55,66,79,65,63,68,66,64,78,78,73,1642
0,1,1,31,1,31,0,1,1,0,31,1,31,1,1,957,2112
956,31,32,1,32,1,1,0,31,2,1,0,1,0,0,0,138
81,71,69,71,66,71,63,62,74,63,65,60,71,57,65,80,1597
243,106,110,54,108,52,45,25,107,47,49,27,55,25,26,10,1156
15,24,22,49,18,58,32,111,20,36,58,105,57,101,107,276,1953
5,12,13,34,8,41,10,93,12,14,36,90,39,85,93,504,2048
14,25,29,53,33,55,41,105,33,48,51,102,41,106,113,240,1930
675,89,89,8,89,12,9,0,90,9,11,0,7,0,1,0,452
443,107,111,33,112,25,26,9,110,32,23,7,29,8,12,2,797
66,68,70,75,70,92,52,59,75,52,85,61,68,61,66,69,1603
493,103,96,32,97,30,26,6,108,16,26,9,26,10,11,0,731
337,118,107,43,105,48,41,11,121,24,43,17,42,15,14,3,965
354,116,118,26,113,41,29,21,105,36,47,16,42,11,10,4,940
277,124,122,48,126,34,39,17,121,43,41,11,47,15,14,10,1046
71,64,69,56,71,89,55,68,69,70,86,58,49,60,73,81,1623
59,63,72,79,70,73,40,73,74,51,60,71,70,69,84,81,1640
39,48,45,74,50,68,50,86,43,45,78,88,74,93,81,127,1767
6,13,16,39,14,37,37,92,16,27,32,105,38,103,95,419,2034
2,11,12,38,10,37,16,92,12,19,34,90,39,88,93,496,2055
551,100,105,23,109,12,15,4,96,22,20,2,23,6,0,1,627
4,6,8,30,5,38,9,70,10,5,31,76,29,73,74,621,2077
212,110,105,42,104,62,50,37,100,55,71,27,53,26,27,8,1221
1,7,3,27,10,29,3,49,7,3,36,45,20,52,49,748,2093
327,117,121,32,118,46,39,12,121,41,39,14,31,11,16,4,973
67,71,66,75,76,57,51,75,73,49,65,72,63,82,77,70,1628
105,75,76,75,85,59,55,49,83,45,60,60,58,69,57,78,1523
72,65,70,81,61,65,69,68,69,72,52,70,86,61,72,56,1627
1,2,2,33,4,31,1,35,4,4,31,32,29,34,37,809,2102
78,70,65,76,60,63,59,70,65,54,63,70,86,65,65,80,1618
312,118,110,44,114,43,43,15,118,38,47,12,40,16,15,4,1007
74,58,56,68,59,80,54,74,64,61,77,65,59,68,80,92,1651
70,70,57,66,58,64,70,73,75,57,60,73,60,74,78,84,1653
23,23,29,53,25,59,34,93,30,36,48,97,50,93,100,296,1920
0,5,3,33,5,36,5,67,4,7,39,63,32,65,66,659,2091
153,115,98,50,104,55,53,47,101,48,75,35,58,41,33,23,1335
188,92,102,50,92,71,51,39,90,58,63,42,62,32,37,20,1303
27,52,40,77,38,65,49,98,47,51,68,84,84,82,93,134,1800
8,17,20,47,17,43,19,112,16,33,41,101,51,98,111,355,2001
3,17,19,49,16,40,23,100,15,23,39,102,54,99,98,392,2014
24,34,25,54,26,65,46,105,34,40,66,102,53,103,105,207,1892
186,99,95,49,91,75,61,31,100,54,70,34,52,30,32,30,1298
928,37,36,1,36,4,3,0,38,2,3,0,0,0,1,0,171
316,127,114,30,107,40,46,21,127,35,33,19,37,12,21,4,1001
24,43,38,59,38,49,46,99,41,51,51,89,61,89,97,214,1860
970,29,30,0,30,0,0,0,29,1,0,0,0,0,0,0,120
410,107,114,40,114,34,22,8,111,28,30,9,36,9,12,5,842
12,34,39,65,34,61,48,95,37,42,53,106,67,101,98,197,1887
25,40,39,59,35,63,57,97,42,56,57,97,61,93,99,169,1852
421,116,111,34,113,27,28,9,114,25,31,7,34,9,7,3,819
532,109,104,15,105,23,22,4,111,19,22,2,12,3,6,0,649
526,108,104,19,104,18,22,7,104,22,22,3,23,3,3,1,665
15,28,20,41,23,55,26,105,19,27,67,96,47,99,96,325,1953
13,32,30,61,29,48,52,92,36,44,43,98,58,97,96,260,1920
112,71,87,61,80,67,62,57,72,74,59,61,67,54,58,47,1517
17,26,30,59,28,57,27,113,26,49,55,95,61,93,113,240,1918
75,69,63,82,73,59,51,69,65,52,73,62,76,72,65,83,1613
41,54,44,56,43,58,46,104,47,56,64,84,64,83,97,148,1787
11,9,11,47,14,39,19,90,13,24,38,87,40,90,94,463,2027
572,97,103,18,105,17,13,3,98,20,18,2,15,4,4,0,597
118,92,96,63,91,61,53,55,89,64,59,48,71,43,52,34,1447
5,8,10,35,6,44,17,85,13,18,35,86,34,82,90,521,2057
56,58,64,64,50,80,51,74,66,49,58,82,70,68,82,117,1692
1,8,11,35,7,45,11,88,9,15,40,87,38,83,89,522,2062
1065,6,6,0,6,0,0,0,6,0,0,0,0,0,0,0,24
47,68,56,71,64,54,66,75,65,55,65,74,66,82,72,109,1703
4,8,11,34,9,38,11,71,9,11,35,74,35,72,72,595,2062
118,86,81,61,85,51,54,66,76,58,65,57,67,61,56,47,1492
63,66,69,70,63,66,74,64,63,67,63,74,79,68,61,79,1652
310,121,117,29,115,45,43,18,115,38,49,19,37,17,12,4,1010
367,110,110,27,106,50,40,13,107,37,49,16,34,12,10,1,931
84,73,75,59,64,75,63,65,63,60,74,70,80,59,55,70,1591
132,92,90,53,82,73,63,49,92,58,65,52,61,44,49,34,1432
443,126,117,28,118,21,21,7,123,15,25,4,30,5,4,2,756
27,35,37,61,42,69,50,85,38,40,71,97,53,102,88,194,1845
181,118,106,55,101,57,57,32,108,47,62,30,70,25,22,18,1261
341,110,119,49,119,38,36,7,117,41,31,11,42,11,14,3,951
158,99,88,64,89,49,60,48,86,58,63,39,76,40,35,37,1374
9,16,19,49,22,64,26,97,26,34,57,92,36,95,107,340,1974
1035,13,13,1,13,0,0,0,13,0,0,0,1,0,0,0,55
3,13,12,39,13,38,11,97,11,13,41,94,40,95,95,474,2044
2,5,5,32,7,28,3,48,7,2,28,49,28,51,50,744,2092
358,104,108,38,105,42,29,20,98,33,45,20,47,17,14,11,961
95,80,81,44,72,86,59,64,69,57,88,67,64,58,53,52,1545
843,58,56,4,55,2,3,1,57,1,2,1,6,0,0,0,259
66,49,52,75,49,65,51,77,58,53,53,78,69,75,86,133,1707
162,102,102,57,103,64,55,35,100,52,67,38,58,39,33,22,1324
6,18,16,57,19,53,27,87,21,22,53,90,51,93,90,386,1985
207,104,111,55,104,56,44,32,104,48,49,35,62,28,32,18,1230
650,92,94,11,94,12,7,1,92,9,12,1,11,1,1,1,483
146,85,88,72,83,60,56,48,89,61,51,46,73,41,52,38,1413
405,115,115,31,114,30,31,10,113,33,31,8,34,7,8,4,848
62,72,62,63,64,57,60,82,64,57,67,75,69,77,74,84,1664
16,29,28,59,22,52,34,105,30,39,45,99,64,93,106,268,1927
104,85,75,76,75,63,55,66,83,64,65,47,78,47,64,42,1511
170,86,95,60,101,52,48,48,83,62,61,43,57,49,45,29,1358
741,80,74,5,75,6,11,0,80,5,7,0,4,1,0,0,376
367,118,115,33,112,39,32,14,120,30,34,13,34,10,16,2,909
2,8,8,30,7,29,7,69,7,7,29,69,32,68,68,649,2084
22,37,31,71,34,52,44,97,31,41,61,94,74,97,91,212,1872
11,11,19,45,12,37,19,99,15,19,26,107,48,100,103,418,2021
806,64,63,6,63,5,4,0,64,3,5,0,6,0,0,0,301
1,9,7,28,7,30,5,65,8,9,31,59,29,59,64,678,2086
32,41,41,76,54,52,53,90,42,63,64,80,62,93,91,155,1809
1085,1,1,0,1,0,0,0,1,0,0,0,0,0,0,0,4
8,14,15,42,11,44,27,91,11,22,43,97,49,93,88,434,2022
977,27,27,0,27,1,1,0,27,1,1,0,0,0,0,0,115
4,12,15,40,14,45,16,90,16,18,40,91,37,90,94,467,2032
3,8,7,34,8,30,9,65,11,3,28,70,30,71,68,644,2077
2,7,7,29,8,27,5,63,8,10,27,58,27,59,64,688,2089
90,69,82,75,71,86,55,50,80,57,64,61,75,50,61,63,1546
115,73,75,64,76,69,70,54,73,67,70,59,63,60,54,47,1518
150,94,95,58,91,74,55,44,97,60,67,40,59,36,47,22,1372
559,104,103,17,105,19,20,0,106,18,19,1,13,3,2,0,608
63,67,70,57,69,74,72,71,66,73,74,73,59,72,70,59,1648
189,90,97,59,99,63,60,29,91,59,64,37,56,39,30,27,1302
57,64,46,71,48,61,57,85,57,51,70,73,76,75,78,120,1710
749,77,76,6,76,5,6,0,77,4,5,1,6,1,0,0,363
443,115,117,27,120,22,25,7,114,30,26,4,25,7,6,1,776
1,5,7,27,3,32,1,54,6,5,27,52,30,48,55,736,2097
158,109,98,63,92,45,68,40,102,49,46,48,76,42,33,20,1346
766,74,68,6,69,5,9,1,73,4,7,0,6,1,0,0,350
697,78,81,10,80,17,9,0,82,11,12,1,7,0,4,0,440
238,108,115,46,121,51,57,19,112,65,53,18,36,24,23,3,1153
227,108,107,51,105,52,59,22,110,51,48,29,51,27,24,18,1193
68,67,74,73,75,51,53,75,63,59,56,76,76,77,71,75,1635
545,102,101,19,103,22,22,2,105,21,21,2,14,4,5,1,639
0,5,5,27,1,34,2,49,2,5,33,46,34,42,46,758,2101
710,87,79,7,78,7,14,0,88,5,5,1,7,0,1,0,413
563,101,91,23,93,17,25,6,97,21,23,0,25,2,2,0,626
881,47,49,1,50,2,3,0,47,5,3,0,0,1,0,0,220
23,27,40,68,38,57,42,91,31,54,51,92,66,90,95,224,1875
235,107,108,52,106,58,38,30,105,42,58,27,56,25,28,14,1170
692,78,82,16,82,11,7,1,79,10,10,2,15,2,2,0,447
119,81,78,70,84,62,54,60,87,61,62,50,58,56,66,41,1484
51,71,58,77,73,56,59,77,65,54,77,69,68,84,71,79,1670
244,118,109,45,107,51,56,24,114,50,53,21,51,19,20,7,1142
331,113,108,37,107,40,41,22,104,41,48,17,47,16,13,4,998
71,71,66,68,69,60,66,72,74,68,60,65,62,68,75,74,1631
878,49,48,1,48,6,2,0,49,1,6,0,1,0,0,0,221
0,2,7,34,4,34,6,65,6,9,27,67,33,64,69,662,2095
19,25,39,65,35,75,40,95,32,48,64,101,62,97,102,190,1876
29,48,49,51,49,71,58,90,44,55,75,94,55,94,86,141,1804
596,97,97,20,98,14,15,1,98,14,14,2,18,3,2,0,563
129,91,99,73,93,69,53,39,102,55,52,45,68,39,50,32,1404
3,5,3,41,9,39,5,70,9,5,41,68,31,74,74,612,2070
160,92,99,57,90,68,50,41,94,47,57,51,64,42,43,34,1360
19,39,36,45,36,52,45,95,37,29,54,108,47,108,93,246,1893
3,10,9,28,8,33,8,66,8,5,34,68,31,67,64,647,2074
85,58,62,71,59,83,65,53,71,50,67,72,61,69,66,97,1617
29,43,47,70,45,48,46,93,40,55,49,88,75,86,90,185,1824
619,96,95,13,96,9,12,5,91,13,15,3,17,4,0,1,535
3,11,11,43,18,48,27,101,8,22,58,106,39,113,98,383,2030
163,108,102,62,104,58,59,34,107,54,61,33,61,35,33,15,1310
19,39,37,52,35,62,40,93,33,27,66,104,60,102,87,233,1876
4,21,17,45,21,37,29,108,21,38,41,95,41,99,108,364,2008
275,113,128,32,116,53,35,24,108,47,46,27,49,15,19,2,1073
1,11,7,37,6,28,14,79,5,6,33,83,44,82,73,580,2076
39,39,40,56,38,76,51,85,46,39,67,98,51,96,92,176,1812
166,93,102,55,102,55,56,44,91,70,57,39,57,39,42,21,1346
112,93,82,62,83,61,61,53,87,52,68,51,67,52,47,58,1480
506,108,102,17,99,29,27,8,107,24,27,5,21,2,7,0,703
19,33,35,60,37,63,50,93,30,46,68,99,61,101,90,204,1879
23,37,26,65,34,46,38,104,35,38,56,93,59,101,102,232,1887
1017,18,18,0,18,0,0,0,18,0,0,0,0,0,0,0,72
389,120,113,35,118,27,34,10,118,31,34,6,32,11,8,3,867
11,30,28,43,24,65,51,102,30,44,61,107,47,103,102,241,1936
321,104,108,48,111,43,42,14,110,48,40,12,39,15,20,14,1018
650,89,84,16,86,16,12,2,91,9,16,0,12,2,4,0,498
13,11,18,35,12,49,29,86,19,19,35,103,33,97,94,436,2016
170,102,99,63,105,60,41,41,104,45,64,34,55,40,43,23,1307
1,3,3,36,5,29,4,42,5,2,29,44,32,46,44,764,2097
0,1,2,31,1,31,0,7,2,0,29,8,31,7,8,931,2111
76,67,56,78,60,76,64,67,70,64,77,56,71,60,70,77,1622
315,106,107,49,115,40,38,15,110,32,44,22,37,30,19,10,1025
120,91,90,70,89,54,44,60,84,56,60,47,78,46,53,47,1453
995,23,23,0,23,1,0,0,23,0,1,0,0,0,0,0,95
53,75,77,62,71,73,64,67,76,62,66,71,67,65,68,72,1639
63,54,51,63,50,71,56,82,52,54,72,81,66,80,80,114,1709
247,120,110,37,102,53,49,30,112,42,53,27,53,19,22,13,1142
193,101,111,53,115,53,57,31,103,73,55,25,47,29,33,10,1258
135,81,89,69,83,62,51,53,82,60,55,52,74,46,54,43,1443
2,4,5,35,5,37,10,65,7,9,34,67,32,67,68,642,2084
162,98,112,64,110,65,56,25,98,56,63,39,66,37,25,13,1307
11,24,23,55,21,53,41,105,26,33,49,112,55,110,107,264,1956
1053,9,9,0,9,0,0,0,9,0,0,0,0,0,0,0,36
44,38,42,65,43,82,41,82,47,38,74,89,55,90,91,168,1782
671,88,88,7,85,12,14,1,89,12,8,3,9,0,2,0,468
113,84,88,70,88,68,55,46,88,50,64,55,66,55,50,49,1470
115,74,80,61,70,62,70,59,63,71,63,64,82,54,48,53,1527
65,72,52,53,53,76,70,80,64,59,85,71,60,72,72,85,1670
117,81,100,57,98,69,45,51,84,59,64,56,56,54,54,44,1458
1,12,8,33,10,33,17,91,11,14,36,90,32,92,90,519,2068
87,79,74,63,73,59,62,66,70,50,67,73,73,72,57,64,1577
541,98,100,26,103,17,17,7,97,23,21,3,24,6,6,0,654
401,111,106,31,110,41,28,14,109,31,47,6,29,10,12,3,866
135,105,95,53,100,59,52,53,91,51,78,44,62,49,39,23,1391
161,92,89,67,84,61,60,46,89,58,59,45,75,40,43,20,1371
167,78,87,61,86,72,55,45,79,64,70,45,61,44,46,29,1382
255,115,120,45,120,41,46,20,107,39,49,32,53,32,12,3,1112
141,90,97,61,89,61,52,50,85,58,58,51,74,43,45,34,1408
11,15,14,55,19,40,31,108,18,44,42,94,47,99,111,341,1998
158,99,94,74,100,54,51,43,101,55,58,34,66,40,45,17,1342
99,88,83,62,89,65,69,49,95,61,64,52,49,58,56,50,1505
56,72,64,82,67,74,64,67,79,68,70,55,72,58,74,67,1635
7,21,22,55,25,58,28,101,24,35,58,95,49,98,104,309,1962
6,12,16,46,16,36,18,81,14,13,34,90,44,90,83,490,2028
135,78,81,85,89,63,57,39,91,56,58,43,64,51,52,47,1434
110,85,84,66,86,69,56,59,82,62,74,52,67,54,56,27,1483
102,69,73,71,72,75,50,62,82,63,61,53,59,52,75,70,1545
191,96,93,73,97,56,67,26,103,62,53,28,62,32,33,17,1285
18,32,29,61,33,50,35,94,38,37,48,89,51,93,100,281,1905
101,85,81,56,81,77,73,52,79,70,83,51,62,51,46,41,1511
2,10,12,27,10,46,18,82,10,20,44,82,29,80,82,535,2059
329,109,103,51,109,34,35,25,99,44,50,10,55,16,15,5,1005
748,77,75,4,75,9,5,1,76,4,10,0,5,0,0,0,365
30,39,46,81,51,53,48,82,41,45,56,92,74,97,84,170,1809
89,74,71,70,69,65,66,59,76,57,61,65,70,63,61,73,1577
28,23,27,57,29,57,46,104,25,51,57,103,53,105,106,218,1906
436,100,93,39,96,34,32,14,101,29,36,10,35,13,15,6,844
55,68,57,82,63,63,68,65,74,61,63,61,70,67,71,101,1667
29,47,40,54,46,59,54,89,45,48,67,88,50,94,87,192,1827
748,71,72,9,71,9,8,1,72,9,7,1,9,0,2,0,379
34,42,48,61,41,60,50,93,38,57,57,92,72,85,89,170,1816
16,33,27,54,24,66,42,110,37,43,59,103,53,100,114,208,1909
42,56,54,63,49,64,59,89,55,59,60,87,69,82,88,113,1752
577,96,98,20,96,25,13,1,96,9,23,7,22,5,1,0,593
48,51,45,61,45,71,42,95,45,49,77,82,67,82,89,140,1758
571,96,98,18,98,18,21,4,93,25,21,2,21,2,1,0,612
307,114,121,36,115,42,31,22,111,36,39,24,45,18,19,9,1022
77,77,85,61,77,60,58,73,69,67,60,72,77,64,65,47,1587
358,106,109,34,112,44,32,17,104,38,49,14,33,17,15,7,951
293,119,113,37,115,49,47,15,122,40,48,16,32,18,18,7,1040
64,60,60,80,64,59,54,78,61,60,62,72,75,76,79,85,1667
241,107,109,48,105,60,47,23,104,43,59,29,55,25,20,14,1160
4,15,15,43,12,28,11,93,8,21,32,83,53,80,86,505,2042
208,92,113,55,109,68,36,27,104,50,52,34,47,30,39,25,1233
611,96,92,14,92,14,19,3,94,15,16,3,16,3,1,0,552
34,48,54,67,47,66,52,91,44,56,63,93,78,86,87,123,1780
446,110,113,28,114,24,29,6,111,28,24,10,26,11,7,2,787
30,58,54,56,58,72,50,89,49,67,85,68,61,72,80,140,1762
828,55,64,5,64,2,0,0,55,9,2,0,5,0,0,0,277
464,118,111,22,114,23,30,4,120,22,24,5,17,8,6,1,744
416,111,118,34,119,33,27,2,114,29,31,7,30,8,5,5,820
98,76,77,68,72,65,61,62,84,60,52,64,65,59,70,56,1548
0,4,7,37,3,35,11,71,6,9,29,76,39,72,73,617,2088
169,101,90,73,97,58,48,41,102,44,64,34,65,41,42,20,1320
12,23,20,50,21,41,37,101,18,20,47,115,54,116,96,318,1976
61,89,80,75,78,54,60,68,79,58,62,61,87,59,58,60,1591
3,15,12,46,16,44,29,98,15,20,48,104,42,108,98,391,2024
463,103,110,26,112,31,22,6,106,26,30,9,21,11,9,4,767
66,62,54,70,59,67,54,80,56,51,78,75,71,80,74,92,1672
180,108,95,66,104,51,51,33,113,41,55,30,52,39,38,33,1286
562,100,98,21,100,22,16,3,100,15,24,2,19,4,3,0,613
48,65,70,76,70,62,71,64,62,62,65,78,79,78,61,78,1674
99,77,85,63,91,70,50,58,77,64,76,52,57,58,58,54,1517
735,77,75,6,74,10,6,3,78,6,8,1,6,0,4,0,389
959,31,31,2,31,0,1,0,31,1,0,0,2,0,0,0,134
1,9,9,38,12,39,6,96,9,15,42,87,35,90,96,505,2060
38,39,50,62,44,81,49,86,49,54,65,92,58,86,96,140,1787
34,38,45,65,47,68,56,87,40,57,68,93,61,95,89,146,1809
7,10,12,47,12,43,17,91,16,16,37,94,41,94,97,455,2030
20,27,30,41,21,66,45,99,33,41,51,106,44,97,105,263,1926
655,86,81,16,78,16,18,2,86,10,13,5,19,2,2,0,505
0,7,8,28,5,33,3,75,7,9,30,70,31,67,75,641,2090
95,76,77,72,75,59,75,58,75,76,58,58,75,56,57,47,1553
127,89,90,54,79,71,45,58,87,51,62,53,67,42,56,58,1452
511,112,110,13,106,23,29,2,112,21,19,8,17,4,2,0,680
12,24,23,48,20,47,28,113,21,27,47,113,54,110,110,292,1968
18,29,24,49,24,56,30,107,26,33,59,99,52,99,104,280,1931
480,104,107,36,108,27,23,2,110,25,22,3,29,4,8,1,732
811,62,64,3,64,1,5,2,61,9,2,0,4,0,1,0,300
37,48,45,72,50,62,72,84,41,74,74,79,74,84,77,116,1779
167,102,93,61,96,59,49,45,95,46,69,39,65,42,38,23,1331
124,92,80,77,87,52,45,60,92,46,59,47,70,54,60,44,1450
32,49,45,58,46,56,41,93,41,41,65,89,65,90,85,193,1811
32,52,48,64,39,68,60,91,52,60,59,87,73,78,91,135,1791
571,99,101,21,100,14,17,3,98,17,14,5,23,4,2,0,602
386,106,108,35,106,45,33,11,107,33,42,13,36,11,12,5,900
191,100,93,55,95,65,55,37,102,58,65,27,51,29,39,27,1288
75,74,79,71,75,76,46,66,78,55,68,62,71,58,70,65,1579
78,69,73,69,69,73,74,58,78,68,60,68,64,64,67,57,1600
0,2,2,29,1,32,1,20,1,1,32,20,31,19,19,879,2110
58,62,52,49,52,72,77,81,60,74,74,74,51,74,79,100,1713
11,17,11,39,16,37,30,94,13,27,46,91,38,96,90,433,2019
145,96,89,73,94,59,43,46,100,47,60,35,64,40,50,48,1381
21,30,34,63,35,54,47,96,38,53,47,94,54,95,104,224,1890
39,55,51,78,52,65,53,79,62,54,59,74,70,75,86,137,1744
95,77,72,82,77,64,52,58,76,48,70,57,78,62,57,64,1539
78,75,76,66,73,66,75,61,76,71,62,66,68,63,62,51,1591
435,116,113,22,114,31,34,5,118,29,30,7,19,8,7,1,796
0,1,1,31,1,31,0,5,1,0,31,5,31,5,5,941,2112
144,92,88,66,91,63,64,38,94,56,64,42,61,45,40,41,1398
64,67,58,83,64,61,47,79,68,52,66,65,76,71,80,88,1650
50,57,54,53,56,71,65,77,55,53,75,86,53,88,75,121,1730
202,105,107,54,108,59,44,30,107,41,58,35,51,36,32,20,1236
266,103,103,56,97,54,45,25,105,44,46,26,60,20,27,12,1130
6,26,24,48,21,54,39,103,20,34,57,106,57,103,97,294,1967
114,76,88,70,82,72,54,52,83,70,59,48,69,42,59,51,1486
87,73,64,65,74,70,75,59,70,68,83,57,58,67,56,63,1585
0,5,1,37,7,26,7,50,3,3,34,50,33,56,48,729,2097
462,111,111,33,113,24,20,6,112,21,25,5,30,7,7,2,751
8,19,17,64,18,39,36,98,22,27,37,105,60,106,101,332,1986
133,90,84,52,83,74,59,50,93,53,70,50,50,49,53,46,1439
188,104,99,64,105,58,52,31,107,45,61,33,55,39,34,14,1268
66,77,66,82,69,67,58,65,78,48,69,64,78,67,66,69,1608
16,23,23,65,24,64,44,94,27,40,61,98,60,99,98,253,1924
5,18,19,50,18,43,25,97,19,22,41,101,50,100,98,383,2002
4,9,11,54,18,35,18,84,14,17,37,87,42,94,89,476,2034
15,26,25,57,28,57,39,103,25,47,61,94,55,97,102,258,1929
618,100,86,15,89,12,20,4,98,9,17,1,14,4,2,0,540
331,117,115,35,114,35,48,15,118,48,33,13,35,12,16,4,983
26,36,35,62,41,70,40,92,42,37,70,94,50,100,98,196,1846
69,70,70,61,66,80,61,69,71,63,75,67,64,63,70,70,1623
465,109,107,29,105,25,31,8,111,34,21,3,29,1,10,1,764
86,63,57,85,66,64,57,70,65,65,71,56,74,65,72,73,1608
182,110,108,56,111,48,53,35,106,55,55,31,57,34,31,17,1271
31,52,44,74,38,55,52,93,44,51,57,86,88,80,85,159,1801
21,40,41,57,36,57,38,100,26,37,66,102,76,97,86,209,1865
71,76,86,72,82,67,66,52,79,64,60,64,73,60,55,62,1577
221,110,96,61,96,48,57,34,104,56,54,21,67,21,28,15,1215
13,24,27,53,26,52,45,103,22,46,53,105,56,104,101,259,1946
485,99,112,33,108,24,27,0,103,33,16,7,33,3,4,2,733
33,43,39,58,31,67,39,92,44,28,58,99,65,91,93,209,1831
65,65,60,67,54,79,45,79,68,37,70,82,70,76,82,90,1658
7,16,16,40,14,37,19,96,21,20,30,95,37,93,101,447,2025
79,67,65,65,70,60,76,66,62,73,70,67,65,72,61,71,1626
217,78,102,69,112,64,40,23,95,58,57,29,42,39,40,24,1241
313,115,110,41,112,44,40,18,113,39,48,14,41,16,16,9,1015
8,18,19,54,26,30,19,101,19,24,36,97,46,104,102,386,1997
145,82,86,64,77,75,63,43,77,64,71,46,78,37,38,43,1422
139,93,92,67,97,54,58,47,94,62,58,42,61,47,48,30,1404
57,55,56,79,68,67,49,70,57,47,77,73,65,85,72,112,1684
359,108,113,39,111,35,35,14,113,35,28,19,36,17,19,8,946
80,58,62,63,68,66,59,74,63,61,67,76,52,82,79,79,1643
72,67,66,81,64,61,61,63,72,61,54,62,78,60,68,99,1628
71,63,64,66,62,56,46,87,60,59,57,75,71,73,84,95,1662
406,117,110,31,110,40,30,8,117,22,40,9,31,9,8,1,841
103,84,84,66,82,76,62,48,91,55,67,55,61,53,55,47,1496
7,15,16,39,14,40,27,91,19,23,34,96,37,94,95,442,2025
27,30,21,56,29,63,39,103,33,43,68,90,45,98,106,238,1895
42,59,69,62,65,83,60,72,73,63,65,79,52,75,86,84,1697
3,8,11,42,11,44,18,84,15,14,37,91,35,91,91,494,2048
199,96,88,49,89,60,60,44,97,61,60,35,47,36,45,23,1302
254,110,120,47,114,50,39,22,110,45,44,26,53,20,22,13,1119
6,11,13,44,17,45,27,97,14,27,46,99,37,103,100,403,2025
440,111,115,33,118,28,20,6,110,25,32,5,31,8,5,2,782
210,98,93,54,101,67,51,33,99,53,74,26,45,34,34,17,1247
78,76,75,66,79,56,61,71,67,65,69,66,71,70,62,57,1594
266,111,102,51,105,55,52,18,112,43,57,18,47,21,19,12,1111
882,49,47,3,47,3,1,1,49,0,3,0,3,0,1,0,216
967,30,30,0,30,0,1,0,30,1,0,0,0,0,0,0,124
1,14,15,40,16,37,12,100,14,21,38,92,39,93,100,457,2040
2,4,2,39,6,26,1,45,2,1,32,43,37,47,43,759,2093
29,37,42,67,42,59,36,97,40,42,56,96,64,96,100,186,1836
24,34,39,65,39,76,44,92,39,50,71,91,60,91,97,177,1843
713,78,74,11,74,13,10,2,78,7,13,1,11,1,2,1,424
3,12,12,35,13,37,12,91,11,14,39,89,35,90,90,506,2051
1049,10,10,0,10,0,0,0,10,0,0,0,0,0,0,0,40
116,87,86,59,85,81,59,45,89,47,78,56,58,55,47,41,1461
80,70,72,83,73,65,60,57,73,54,63,65,79,66,60,69,1585
94,72,69,73,77,62,60,65,71,65,71,57,66,65,64,58,1565
46,39,40,67,31,72,58,89,45,53,57,95,70,86,95,146,1798
7,20,19,39,15,42,18,101,17,17,41,101,46,97,98,411,2009
470,106,113,22,114,29,25,4,104,29,32,7,23,8,2,1,748
508,105,95,27,96,29,27,6,108,18,27,5,23,6,9,0,705
236,105,104,65,109,45,53,21,113,46,42,27,52,32,29,10,1173
13,21,17,46,20,39,23,98,18,19,45,98,46,101,95,390,1988
403,126,117,28,120,22,27,13,118,26,33,5,33,8,5,5,833
357,111,109,36,108,41,38,16,110,38,41,14,38,13,15,4,948
26,37,35,68,41,56,40,92,39,44,60,86,60,92,94,219,1852
38,55,44,67,45,63,49,87,52,42,67,83,69,84,84,160,1773
1,5,6,30,7,37,9,63,9,6,34,67,25,68,67,655,2086
8,17,16,37,15,47,28,103,17,29,46,101,38,100,103,384,2013
11,15,17,47,15,47,29,91,17,27,43,95,47,93,93,402,2000
132,78,91,59,80,80,53,46,84,54,63,58,64,47,52,48,1448
28,47,36,70,46,65,59,89,47,60,75,77,60,87,89,154,1811
132,90,95,61,96,68,52,48,84,63,75,42,66,43,42,32,1414
248,110,105,42,103,52,47,30,104,41,56,31,50,29,24,17,1160
1073,4,4,0,4,0,0,0,4,0,0,0,0,0,0,0,16
70,67,67,71,68,73,56,69,66,64,75,61,71,62,68,81,1625
330,110,110,38,111,49,36,16,104,35,56,17,43,18,10,6,990
0,3,3,29,2,29,1,19,2,0,29,20,31,19,18,884,2109
125,76,94,64,87,64,49,54,81,72,52,49,66,42,59,55,1467
75,76,59,68,72,62,64,70,73,58,78,59,58,72,67,78,1615
26,39,41,59,42,59,49,95,38,52,61,94,59,95,94,186,1847
21,46,58,54,45,73,56,87,40,60,66,95,73,82,81,152,1814
0,2,2,29,2,31,0,18,2,1,31,17,29,17,18,890,2110
463,110,105,30,104,25,34,6,111,29,23,6,30,5,7,1,768
4,6,7,32,8,36,6,68,7,6,36,69,30,70,69,635,2075
7,17,16,46,17,42,31,102,14,34,46,98,48,99,99,373,2009
580,88,96,17,95,24,17,4,89,23,22,6,17,5,5,1,610
91,74,76,70,80,67,70,60,77,78,68,54,63,58,63,40,1555
2,13,12,38,8,38,14,80,8,10,39,83,47,79,75,543,2052
178,90,94,64,86,58,62,41,89,63,51,44,73,36,40,20,1340
40,46,53,63,55,67,45,78,50,40,65,90,57,92,82,166,1768
858,53,52,2,52,4,5,0,53,4,4,0,2,0,0,0,246
56,62,61,69,54,69,65,70,60,51,64,83,78,76,68,103,1689
354,119,109,40,110,42,41,9,118,29,44,11,40,12,8,3,931
126,94,90,66,104,58,53,49,89,64,77,34,57,48,44,36,1420
35,34,44,60,46,69,44,92,38,54,67,92,54,94,96,170,1821
706,80,79,6,77,11,9,5,76,11,13,2,12,0,1,1,433
160,97,102,70,104,52,57,38,102,67,49,33,63,35,43,17,1336
8,23,22,43,20,52,32,94,25,25,48,100,43,98,96,360,1979
2,6,6,33,7,29,4,70,7,7,29,67,31,68,71,652,2087
20,33,28,55,26,78,55,90,38,50,71,90,52,88,95,220,1885
51,60,55,53,52,77,58,83,61,54,73,82,55,79,84,112,1719
52,60,63,69,65,52,55,78,58,59,56,77,69,79,76,121,1705
17,37,28,56,34,47,35,114,31,52,59,88,56,94,108,233,1905
362,109,120,33,120,49,28,9,114,37,44,11,28,11,14,0,914
490,98,100,27,101,30,34,4,103,36,26,4,21,5,9,1,744
20,33,26,42,20,48,44,106,28,36,47,107,53,101,101,277,1936
11,16,19,63,17,72,29,95,27,32,59,95,54,93,106,301,1953
27,38,44,47,45,65,34,107,36,55,68,92,48,93,105,185,1847
22,28,34,65,44,59,35,92,35,42,62,91,48,101,99,232,1876
76,80,62,67,69,61,61,76,71,61,77,58,69,65,67,69,1607
787,68,69,5,68,5,4,0,68,4,4,1,6,0,0,0,321
81,75,79,60,73,73,66,63,72,59,70,74,69,68,60,47,1581
52,59,60,60,61,57,58,85,61,65,56,79,57,80,87,112,1718
154,90,91,73,96,53,47,44,94,42,54,50,64,55,48,34,1377
630,91,92,16,94,11,16,0,95,15,9,2,10,4,4,0,523
33,43,45,59,47,73,56,92,46,59,72,91,54,93,95,131,1802
8,24,24,47,27,47,39,113,30,40,44,112,38,115,119,262,1969
77,69,76,68,74,74,56,66,67,61,74,68,72,66,64,57,1594
252,105,105,54,102,56,49,21,103,45,55,25,59,22,19,17,1147
58,58,63,73,57,74,47,74,57,48,69,78,80,72,73,108,1679
82,77,87,51,77,70,51,73,67,64,70,70,71,60,63,56,1575
98,67,76,73,78,58,45,69,61,59,66,64,77,66,63,69,1563
53,57,59,62,57,73,55,82,50,56,78,83,71,81,75,97,1707
106,83,80,64,87,65,73,52,84,73,71,49,56,56,53,37,1504
143,99,96,64,93,58,58,46,98,56,56,45,68,42,45,22,1383
110,96,84,60,85,56,63,54,95,54,58,51,60,52,53,58,1481
815,63,57,4,58,4,8,2,61,4,7,0,5,1,0,0,299
21,40,40,69,40,71,47,92,47,50,64,89,62,89,99,169,1836
31,35,31,60,36,56,63,91,38,59,58,91,52,96,94,198,1863
245,106,100,54,104,58,46,26,111,41,57,25,45,29,31,11,1160
1058,8,7,0,7,0,1,0,8,0,0,0,0,0,0,0,32
6,11,13,37,8,51,13,89,13,13,44,91,40,86,91,483,2035
16,24,25,52,27,54,40,98,26,41,54,98,48,100,100,286,1940
220,100,99,47,100,70,54,26,99,47,72,32,47,33,25,18,1222
282,117,107,47,112,41,47,19,119,40,44,16,40,21,21,16,1073
331,133,118,35,117,30,45,13,127,37,35,6,42,5,7,8,950
140,91,84,79,91,60,71,35,97,68,61,31,66,38,41,36,1402
678,85,81,9,80,12,16,3,84,13,12,2,11,1,2,0,470
36,37,28,78,36,59,57,98,32,64,72,82,75,90,93,152,1831
632,90,98,8,96,17,8,3,89,17,16,2,11,0,2,0,515
109,66,76,64,77,82,59,53,67,66,82,56,62,57,54,59,1529
15,28,28,54,27,57,38,100,29,41,55,97,54,96,101,269,1926
265,125,110,45,110,52,52,16,123,36,54,17,47,17,14,6,1081
89,70,86,67,78,70,49,58,62,51,70,72,83,64,50,70,1559
63,58,59,65,56,74,82,75,58,86,71,72,68,69,75,58,1682
12,16,15,47,20,47,26,99,19,31,49,93,39,98,102,376,1993
791,60,68,4,68,11,2,0,60,10,11,0,4,0,0,0,325
121,101,83,56,86,54,66,56,86,54,72,50,68,53,41,42,1455
133,80,85,64,88,58,63,50,76,62,65,56,65,59,46,39,1457
154,85,95,66,85,68,57,43,90,64,53,46,71,36,48,28,1386
26,43,35,57,48,44,56,100,33,50,67,98,54,111,90,177,1856
713,77,83,9,83,5,9,0,78,12,4,3,8,3,1,1,418
307,120,108,46,108,45,40,18,123,30,42,16,43,16,21,6,1017
193,113,105,56,108,56,45,33,114,48,58,22,52,25,34,27,1241
26,31,32,82,40,55,35,94,41,47,53,83,64,91,104,211,1855
12,28,32,56,25,57,43,98,28,38,50,107,63,100,98,254,1928
241,104,105,50,99,58,44,29,110,45,46,29,50,23,35,21,1176
13,24,25,60,30,46,41,103,28,38,47,107,51,112,107,257,1943
7,13,12,46,15,28,15,103,15,16,29,101,41,104,105,439,2037
110,89,86,60,86,67,62,51,83,56,73,54,66,54,45,47,1481
587,100,97,19,98,17,13,3,106,12,12,1,12,2,9,1,573
76,60,58,62,58,73,58,74,65,57,68,73,57,73,79,98,1655
12,42,34,60,36,47,51,109,29,47,62,105,71,107,96,181,1893
18,21,22,58,27,44,49,102,30,45,40,107,44,112,111,259,1949
2,8,10,42,9,38,16,74,6,10,39,82,45,81,72,555,2059
704,84,79,11,79,5,14,1,83,9,6,1,12,1,0,0,428
14,20,25,58,19,60,26,88,24,25,50,94,60,88,92,346,1948
13,25,27,52,30,50,35,95,22,34,56,98,52,101,92,307,1943
471,111,110,22,110,30,28,3,113,24,28,6,20,6,5,2,742
64,74,65,66,71,59,65,72,70,62,69,66,64,72,68,82,1641
146,99,91,79,99,59,48,43,101,56,65,27,69,35,45,27,1360
15,19,24,52,23,52,28,102,19,28,51,107,53,106,102,308,1959
313,115,119,40,121,37,36,19,110,46,44,13,43,15,14,4,1005
2,13,14,43,16,46,32,87,14,22,47,98,40,100,88,427,2029
638,89,86,17,89,11,15,3,87,12,16,3,16,6,1,0,521
241,111,105,57,111,47,41,31,110,49,54,17,52,23,30,10,1154
42,49,54,61,46,65,41,89,44,42,62,93,74,85,84,158,1770
120,78,90,80,89,69,49,45,83,55,63,51,76,50,50,41,1454
67,52,62,66,59,71,63,76,54,68,66,81,67,78,78,81,1682
150,94,101,66,103,61,60,34,97,62,60,39,61,41,37,23,1359
3,11,13,32,8,44,18,95,10,15,40,100,38,95,94,473,2053
901,42,44,3,45,3,0,0,42,2,4,0,2,1,0,0,197
129,70,80,61,75,80,58,52,68,63,77,57,68,52,50,49,1484
102,94,85,59,76,82,64,48,95,46,72,57,67,48,49,45,1484
5,9,10,32,7,36,11,78,9,12,33,78,35,75,78,581,2065
9,22,21,49,18,56,31,102,20,19,55,113,54,110,100,310,1972
102,77,94,75,92,72,57,45,88,67,59,52,66,50,56,37,1487
44,36,58,82,54,74,52,76,45,63,61,87,77,83,85,112,1750
212,95,108,53,104,70,49,25,97,51,64,36,55,32,27,11,1229
93,93,80,62,76,71,50,64,90,43,70,58,69,54,61,55,1517
417,111,111,38,109,33,27,8,112,24,30,11,39,9,9,1,831
128,92,89,59,86,70,61,46,85,58,74,46,69,43,39,44,1434
58,46,56,68,56,78,51,70,53,45,71,86,61,86,77,127,1712
0,3,5,31,4,38,1,52,6,5,34,50,29,49,55,727,2094
94,74,67,85,75,62,57,62,81,56,63,56,70,64,69,54,1553
221,98,103,62,100,60,52,24,101,55,54,26,62,23,27,21,1215
98,68,77,75,77,74,47,57,76,53,66,60,67,60,65,69,1543
367,114,115,42,113,30,34,13,113,34,29,14,45,12,12,2,916
96,81,72,64,70,81,67,60,80,58,80,60,67,58,59,36,1537
154,82,87,63,92,68,56,37,87,49,68,49,53,54,42,48,1396
27,35,33,70,45,60,50,93,34,51,73,90,59,102,92,175,1846
11,26,26,69,38,49,43,100,31,44,56,99,52,111,105,229,1922
0,7,5,31,6,28,6,56,3,3,33,57,34,58,52,710,2094
25,33,32,70,35,44,49,97,36,43,44,102,64,105,100,210,1881
21,31,34,41,28,45,37,111,24,38,46,113,54,107,104,255,1926
776,68,69,5,69,6,5,2,66,8,8,0,7,0,0,0,341
11,13,16,50,16,58,18,92,17,24,54,89,46,89,96,400,1990
320,116,128,42,126,37,32,13,117,45,34,12,43,10,14,0,973
2,5,2,32,6,29,5,49,3,4,35,47,30,51,47,742,2095
112,85,85,75,86,58,52,52,84,51,60,53,75,54,51,56,1480
0,1,1,31,1,32,0,10,1,1,32,9,31,9,10,920,2111
208,103,111,47,106,62,45,30,101,44,59,39,54,34,28,18,1230
829,57,55,7,56,3,5,2,57,5,4,0,6,1,2,0,285
18,28,36,58,34,62,40,96,37,48,51,96,51,94,105,235,1896
1,10,10,33,11,38,29,91,10,19,39,101,32,102,91,472,2064
241,122,105,45,106,52,59,21,126,43,49,20,40,21,25,14,1144
12,20,18,56,26,54,39,100,23,36,59,101,45,109,103,288,1960
108,94,87,68,85,69,62,47,98,55,63,47,66,45,51,44,1465
116,86,80,58,86,62,54,64,80,65,74,47,58,53,58,48,1488
146,88,88,84,89,55,50,42,90,47,54,45,81,46,44,40,1394
62,69,61,69,58,66,57,78,68,50,64,77,73,74,77,86,1662
31,37,36,47,32,50,50,91,29,32,54,108,59,104,83,246,1877
14,10,23,41,12,42,15,88,22,24,19,92,40,81,100,466,2012
777,66,64,11,65,8,5,1,66,4,9,0,10,1,1,1,344
211,98,106,58,104,53,51,29,101,53,48,35,57,33,32,20,1239
136,95,87,65,93,68,57,45,92,55,77,39,62,45,42,31,1403
15,19,13,49,27,42,31,103,19,33,56,95,35,109,103,340,1979
24,50,49,65,53,58,44,96,44,58,68,81,67,85,90,157,1805
21,33,29,61,30,58,45,99,30,43,62,97,63,98,96,224,1892
50,49,49,47,39,69,60,89,42,53,66,96,64,86,82,148,1776
43,55,52,85,51,62,49,81,51,45,65,82,90,81,77,120,1732
39,47,59,70,57,64,53,85,45,63,64,87,74,85,83,114,1756
8,16,24,47,15,55,32,98,17,30,45,108,55,99,99,341,1989
35,44,33,74,38,56,50,98,46,48,59,89,67,94,100,158,1819
47,51,57,58,52,76,55,87,53,60,69,88,61,83,89,103,1739
1014,19,18,0,18,0,1,0,19,0,0,0,0,0,0,0,76
259,110,102,53,108,45,40,29,108,41,53,20,49,26,27,19,1132
7,24,17,34,16,41,28,108,10,23,54,106,49,105,94,373,2008
132,84,89,74,89,63,64,43,87,67,60,45,71,45,46,30,1431
171,95,91,74,99,51,59,38,97,63,57,30,64,38,40,22,1331
6,14,14,38,11,49,20,97,10,24,50,93,45,90,93,435,2026
11,26,28,41,25,59,50,102,21,41,61,113,49,110,97,255,1951
32,49,42,71,39,58,56,98,46,55,58,92,77,89,95,132,1806
635,92,90,13,89,17,15,1,92,13,16,1,14,0,1,0,515
83,70,73,73,73,63,62,68,79,68,54,65,64,65,77,52,1590
381,112,116,40,117,29,34,9,115,38,27,9,36,10,12,4,890
311,122,126,39,124,46,37,7,126,35,40,13,37,11,11,4,977
10,15,18,40,15,52,29,110,19,36,45,106,39,103,114,338,2003
33,51,38,63,44,73,44,97,41,51,89,77,67,83,87,151,1792
31,32,33,57,34,85,50,94,44,50,74,95,44,96,106,164,1843
13,14,14,47,20,54,31,97,19,29,55,99,36,105,102,354,1989
80,71,72,66,69,67,58,64,67,53,68,70,73,67,60,84,1602
2,11,13,36,13,34,21,90,15,17,30,96,32,96,94,489,2056
423,119,108,32,105,24,43,7,115,29,25,10,39,7,3,0,825
1,7,9,25,6,33,3,48,6,2,31,51,29,48,47,743,2089
1,6,4,34,7,24,3,48,5,4,28,45,32,48,47,753,2095
752,72,72,9,73,4,6,3,69,9,8,0,11,1,0,0,372
251,108,101,60,109,58,49,17,116,41,58,18,44,26,25,8,1132
1034,14,13,0,13,0,1,0,14,0,0,0,0,0,0,0,56
384,119,114,31,109,40,29,13,114,27,40,10,41,5,8,5,878
100,65,66,72,62,82,61,57,71,50,72,69,70,65,63,64,1566
645,89,90,15,88,14,13,0,90,10,11,4,16,2,1,1,503
603,90,92,21,93,24,10,2,96,12,19,2,14,3,8,0,562
260,107,111,43,109,53,48,23,108,50,50,25,44,23,24,11,1128
122,92,101,73,104,60,58,38,97,62,58,43,65,46,43,27,1412
17,26,33,44,28,75,43,95,24,40,72,105,51,100,93,243,1912
697,82,83,8,80,10,11,2,82,11,7,3,11,0,2,0,439
34,42,45,63,42,71,43,93,49,53,61,86,59,83,100,165,1805
193,101,96,67,96,62,50,32,108,46,55,31,60,31,39,22,1269
38,47,50,57,48,75,53,82,48,62,72,76,58,74,83,166,1778
28,39,34,64,36,70,46,93,45,46,66,88,56,90,99,189,1840
103,86,80,69,89,63,54,59,84,52,74,55,62,64,57,38,1499
289,117,114,39,112,53,47,13,123,34,45,23,35,21,19,5,1048
111,87,88,56,83,70,59,58,81,63,71,55,67,50,52,38,1485
581,99,101,17,101,16,14,3,99,16,16,3,17,3,3,0,583
114,89,96,63,95,63,71,42,91,71,60,49,62,48,44,31,1455
216,104,101,68,110,40,56,25,104,50,49,28,59,37,25,17,1219
158,100,101,64,101,50,61,36,98,51,52,47,66,47,34,23,1346
1019,18,16,0,16,0,2,0,18,0,0,0,0,0,0,0,72
69,66,65,61,62,67,63,74,59,60,71,76,71,73,67,85,1653
71,69,83,69,82,61,53,63,67,58,62,72,72,71,61,75,1603
60,67,60,70,60,57,60,75,59,55,65,73,78,73,67,110,1677
19,31,28,56,24,51,41,104,27,33,51,109,64,105,100,246,1919
571,92,91,22,93,24,14,9,91,20,27,2,21,4,8,0,622
24,40,43,67,41,62,44,92,43,44,57,95,66,93,95,183,1837
100,88,89,88,91,65,58,42,93,61,62,40,81,42,47,42,1469
654,83,87,15,85,10,17,2,81,18,10,5,19,3,0,0,507
174,106,106,64,104,49,58,36,101,60,52,34,71,32,31,11,1295
13,31,26,56,28,68,51,99,38,50,63,95,47,97,106,221,1912
3,23,15,41,18,43,29,104,24,27,45,98,37,101,105,376,2009
164,91,96,66,96,52,54,42,90,54,53,47,67,47,41,29,1358
130,70,81,74,81,73,49,45,73,45,70,60,71,60,48,59,1469
822,60,61,4,61,3,5,0,60,6,3,0,4,0,0,0,285
89,66,65,63,68,74,61,61,68,46,75,75,58,78,63,79,1598
89,78,66,64,66,70,62,63,70,54,78,59,72,59,55,84,1578
70,75,66,82,81,54,60,64,75,52,69,63,67,78,64,69,1605
5,17,13,33,15,31,14,97,11,12,39,95,37,97,91,482,2042
