Pattern 1,Pattern 2,Pattern 3,Pattern 4,Pattern 5,Pattern 6,Pattern 7,Pattern 8,Pattern 9,Pattern 10,Pattern 11,Pattern 12,Pattern 13,Pattern 14,Pattern 15,Pattern 16,Area_8_Async
9548,5935,5982,3530,5997,3730,3573,2363,5867,3626,3813,2357,3583,2372,2295,1478,25391
9125,5887,5893,3788,5898,3769,3674,2334,5945,3672,3716,2342,3725,2347,2392,1542,25681
205,621,703,2164,696,2165,1902,6740,675,1878,2104,6846,2117,6839,6794,23600,50853
82,385,392,1597,398,1527,1400,6437,362,1331,1556,6513,1614,6519,6414,29522,53831
26221,6871,6792,1744,6755,1763,1809,483,6833,1731,1764,482,1819,445,445,92,13611
105,495,454,1790,447,1799,1588,6622,489,1626,1798,6543,1803,6536,6616,27338,52749
87,341,333,1429,331,1469,1324,6191,346,1290,1462,6217,1426,6215,6196,31392,54544
901,1680,1642,3280,1624,3306,3196,6441,1692,3108,3276,6491,3286,6473,6453,13200,43979
249,734,691,2287,792,2201,2120,6860,701,2102,2335,6835,2219,6936,6827,22160,50115
1862,2661,2586,3822,2643,3827,3700,5715,2644,3844,3901,5496,3782,5553,5698,8315,39233
26630,6841,6850,1702,6862,1723,1680,422,6848,1687,1728,424,1683,436,429,104,13339
29233,6626,6595,1459,6599,1545,1466,344,6619,1423,1556,356,1462,360,337,69,12182
917,1648,1690,3384,1663,3248,3215,6416,1656,3268,3213,6405,3403,6378,6424,13121,43868
2689,3135,3131,4022,3195,3997,3974,5026,3136,3963,4060,5033,3957,5097,5027,6607,36880
731,1459,1478,3131,1471,3151,2987,6554,1489,2991,3114,6569,3108,6562,6584,14670,45087
3046,3506,3567,4075,3469,4101,4027,4750,3483,4017,4026,4821,4196,4723,4727,5515,35508
2559,3217,3093,3983,3119,4029,4042,5046,3186,3901,4086,5063,3988,5089,5015,6633,36961
38989,5460,5451,828,5474,776,745,126,5457,751,802,111,808,134,123,14,8200
438,1079,1107,2754,1130,2731,2595,6770,1080,2658,2753,6735,2730,6758,6771,17960,47445
23775,7018,6957,1947,6946,1984,1993,610,6971,1961,2020,581,2005,570,563,148,14819
3580,3740,3736,4148,3812,4122,4053,4466,3691,4112,4247,4403,4121,4479,4417,4922,34392
1198,2069,2002,3419,2005,3491,3438,6272,2013,3520,3550,6123,3472,6126,6216,11135,42155
4039,4051,4083,4077,4071,4163,4050,4196,4090,4075,4112,4203,4050,4191,4235,4363,33319
5650,4813,4817,4097,4800,3966,4097,3519,4769,4162,3993,3458,4158,3441,3475,2834,30290
42,216,184,1105,219,1089,899,5806,221,905,1119,5768,1065,5803,5811,35797,56489
2676,3240,3252,3975,3279,4040,3958,5008,3258,4009,4049,4969,3930,4996,5026,6384,36621
744,1430,1475,2967,1428,3138,2922,6689,1425,3056,3096,6600,3019,6553,6684,14823,45256
2974,3534,3507,4188,3486,3996,4100,4687,3555,4024,3954,4736,4188,4715,4708,5697,35577
4681,4422,4299,4114,4347,4035,4108,3918,4438,3998,4067,3905,4050,3953,3934,3780,32125
558,1253,1254,2923,1202,2896,2779,6711,1267,2713,2830,6778,2961,6726,6725,16473,46473
2682,3268,3166,4105,3198,4033,4039,4992,3276,4037,4057,4892,4065,4924,5000,6315,36566
54936,2578,2607,125,2605,102,117,8,2575,148,103,6,130,4,5,0,2971
3507,3694,3780,4172,3803,4145,3961,4471,3771,4060,4091,4458,4072,4481,4548,5035,34516
38617,5541,5523,806,5526,793,793,126,5524,776,813,125,820,128,109,29,8324
271,831,851,2354,853,2300,2197,6890,796,2191,2337,6916,2387,6918,6855,21102,49502
1133,1927,1922,3488,1923,3427,3218,6280,1894,3257,3461,6236,3520,6237,6247,11879,42731
8164,5555,5604,3811,5566,3860,3841,2661,5622,3840,3755,2711,3782,2673,2728,1876,26987
14418,6597,6606,3146,6689,3068,3120,1425,6599,3098,3149,1456,3061,1539,1427,651,20980
3281,3681,3644,4013,3671,4133,3960,4625,3715,3964,4126,4584,3952,4611,4659,5430,35041
49,222,201,1115,221,1085,977,5853,209,972,1118,5837,1108,5857,5840,35385,56326
3288,3662,3601,4071,3634,4127,4109,4562,3689,3958,4133,4652,4011,4685,4589,5278,34995
6764,5123,5149,3954,5058,3945,3909,3169,5056,3908,3921,3196,4112,3105,3102,2578,28978
33932,6197,6107,1105,6108,1084,1157,220,6182,1086,1100,201,1119,202,205,44,10139
2474,3107,3156,3966,3139,4080,3953,5100,3074,3946,4096,5156,4016,5139,5067,6580,37074
3274,3556,3592,4124,3613,4150,3992,4653,3559,4038,4168,4643,4100,4664,4656,5267,35095
35,164,170,1046,184,983,821,5500,202,815,959,5512,994,5526,5538,37600,57146
0,18,18,294,18,280,31,1521,24,43,274,1509,288,1509,1527,58695,63869
4610,4401,4346,4201,4350,4131,4107,3849,4490,4089,4046,3812,4108,3816,3938,3755,32054
125,432,398,1567,423,1658,1465,6520,420,1428,1695,6523,1554,6548,6508,28785,53461
96,405,369,1582,383,1482,1400,6444,404,1412,1497,6396,1569,6410,6443,29757,53888
3493,3733,3861,4101,3895,4003,4031,4471,3718,4129,4052,4501,4082,4535,4456,4988,34461
12790,6498,6556,3329,6573,3274,3254,1628,6557,3278,3232,1662,3253,1679,1687,799,22147
2750,3208,3235,4171,3238,4000,3891,4986,3331,3949,3880,4955,4045,4958,5109,6343,36570
1705,2524,2452,3818,2533,3797,3728,5730,2558,3734,3844,5652,3703,5733,5764,8774,39762
1733,2510,2556,3776,2516,3755,3766,5688,2602,3719,3623,5781,3724,5741,5780,8779,39749
16232,6734,6855,2866,6881,2866,2768,1237,6710,2898,2916,1228,2864,1254,1213,527,19610
1690,2572,2443,3718,2433,3833,3623,5826,2500,3662,3895,5658,3800,5648,5754,8994,39911
4135,3959,4197,4087,4156,4345,3986,4097,4014,4140,4249,4181,4073,4140,4152,4138,33087
20778,6908,6847,2352,6884,2414,2369,804,6904,2340,2455,772,2319,809,800,294,16693
47609,4077,4079,352,4081,335,335,18,4081,331,333,24,346,26,22,0,5163
5191,4525,4458,4133,4550,4125,4134,3656,4505,4084,4237,3639,4061,3731,3636,3384,31277
2711,3235,3266,4100,3270,3995,3952,4961,3259,4036,3975,4908,4072,4912,4985,6412,36559
723,1485,1410,3022,1419,3085,2946,6691,1416,2988,3163,6574,3082,6583,6622,14840,45268
1,22,19,287,20,276,52,1687,17,63,282,1673,291,1674,1682,58003,63685
68,339,325,1392,324,1402,1234,6186,323,1303,1417,6103,1409,6102,6170,31952,54779
807,1606,1558,3198,1564,3101,3063,6602,1523,3028,3190,6589,3275,6595,6519,13831,44550
463,1072,1072,2769,1062,2797,2563,6745,1124,2540,2735,6768,2727,6758,6797,18057,47506
4503,4251,4235,4244,4287,4161,4058,3913,4299,4054,4165,3901,4144,3953,3961,3920,32397
56,249,269,1185,241,1204,977,5890,235,980,1190,5907,1227,5879,5876,34684,55978
682,1353,1389,3022,1397,3036,2908,6650,1386,2946,3011,6648,2981,6656,6683,15301,45612
4634,4382,4259,4188,4417,4039,3957,3930,4391,3865,4188,3899,4021,4057,3939,3883,32243
34547,6057,6083,1064,6069,1118,1009,201,6070,1036,1091,200,1065,186,214,39,9901
2195,2940,2955,4014,2978,3968,3847,5265,2918,3861,4013,5266,4013,5289,5243,7284,37887
571,1262,1306,3083,1331,2873,2815,6695,1309,2844,2851,6710,3011,6735,6742,15911,46113
42856,4877,4948,517,4933,575,531,59,4876,593,561,68,533,53,58,11,6753
12122,6361,6402,3474,6395,3332,3334,1760,6384,3303,3302,1832,3458,1825,1783,982,22869
12183,6299,6487,3422,6450,3359,3375,1705,6329,3489,3292,1779,3429,1742,1735,974,22769
13737,6567,6497,3252,6498,3161,3196,1600,6552,3206,3177,1520,3266,1521,1585,714,21541
48474,3914,3901,315,3901,319,300,20,3920,283,313,24,309,24,26,6,4905
10,89,82,610,84,643,424,4439,85,468,649,4388,612,4390,4435,44641,59668
1276,2147,2219,3509,2203,3643,3476,6064,2123,3550,3651,6062,3549,6046,6040,10491,41512
6013,4828,4788,4110,4768,3953,4122,3386,4876,4044,3885,3424,4082,3404,3434,2932,30081
4,21,24,330,21,324,94,2237,28,94,314,2240,326,2237,2244,55511,62994
2489,3229,3115,4113,3204,3909,3919,5104,3214,3904,4013,5005,4039,5094,5089,6609,36967
4418,4168,4332,4131,4290,4230,4044,3938,4143,4121,4213,4025,4198,3983,3913,3902,32498
6071,4843,4901,4089,4926,4040,3953,3350,4857,4006,4051,3355,4050,3380,3364,2813,29876
28936,6640,6640,1481,6653,1517,1532,348,6620,1531,1550,349,1488,362,328,74,12302
87,299,339,1521,340,1421,1295,6180,332,1250,1389,6265,1487,6266,6213,31365,54567
5578,4735,4731,4004,4710,4169,4079,3499,4729,4045,4154,3529,4031,3508,3493,3055,30544
2702,3241,3191,4115,3205,3965,3860,5069,3246,3818,3974,5061,4096,5075,5074,6357,36701
7071,5292,5174,3979,5199,3884,3864,3125,5222,3879,3979,2992,4024,3017,3055,2293,28461
6076,5003,4974,4020,4978,4102,3993,3287,5014,4001,4095,3250,4005,3254,3298,2699,29616
7881,5615,5503,3993,5575,3797,3869,2715,5554,3893,3930,2579,3982,2651,2654,1858,27101
2918,3375,3472,4109,3476,3963,4016,4793,3386,4024,3956,4882,4094,4886,4804,5895,35927
214,622,652,2072,619,2156,1969,6749,628,1992,2117,6756,2099,6723,6755,23926,50996
1766,2560,2469,3848,2529,3790,3720,5730,2564,3733,3846,5626,3784,5686,5734,8664,39637
28651,6692,6672,1547,6679,1478,1551,371,6671,1563,1506,339,1561,346,350,72,12408
8406,5609,5624,3901,5603,3768,3816,2600,5668,3786,3688,2645,3863,2624,2659,1789,26722
4156,4043,4058,4151,4066,4078,4026,4203,4025,4068,4104,4176,4161,4184,4185,4365,33268
32,128,137,762,130,815,640,4949,130,650,806,4948,767,4941,4951,41263,58456
12775,6429,6511,3291,6513,3356,3231,1670,6482,3290,3305,1693,3236,1695,1723,849,22273
40322,5308,5286,701,5298,685,688,94,5303,672,702,88,694,100,89,19,7667
163,510,533,1791,505,1927,1707,6684,537,1701,1872,6713,1792,6685,6711,26218,52229
4895,4349,4431,4164,4361,4224,3920,3837,4386,3996,4117,3843,4197,3773,3874,3682,31868
4159,4057,4083,4198,4122,4179,4013,4114,4137,4020,4138,4133,4079,4172,4194,4251,33124
39146,5459,5473,751,5445,802,762,106,5478,764,755,118,760,90,125,15,8105
7085,5214,5214,4056,5245,3999,3889,2963,5259,3924,3985,2928,3980,2959,3008,2341,28384
2037,2841,2799,3958,2816,3836,3895,5428,2852,3918,3842,5363,3930,5380,5439,7715,38439
26,125,131,849,140,848,684,5070,121,644,861,5116,844,5125,5066,40399,58176
2859,3376,3347,4098,3396,4019,3977,4878,3392,4022,4052,4804,4033,4853,4894,6049,36099
2,21,24,343,31,332,111,2333,33,88,327,2359,324,2366,2345,55010,62852
3795,3882,3862,4179,3859,4120,4063,4388,3910,4095,4089,4336,4154,4333,4416,4568,33901
56192,2310,2324,93,2323,101,86,5,2306,103,104,2,98,1,1,0,2615
32,169,145,964,165,889,710,5273,161,726,917,5233,952,5253,5265,39195,57702
2553,3213,3146,4091,3212,3978,3970,5036,3225,3984,4032,4955,4013,5021,5048,6572,36850
20997,7034,6879,2337,6886,2314,2379,765,7015,2235,2340,754,2349,761,746,258,16458
2632,3170,3150,4058,3192,4056,3880,5042,3220,3902,4048,5000,3966,5042,5092,6599,36869
1102,1874,1934,3379,1878,3526,3331,6237,1892,3407,3452,6221,3417,6165,6255,11979,42788
31742,6370,6328,1300,6348,1277,1298,280,6333,1278,1334,258,1317,278,243,65,11106
1036,2007,1939,3474,1971,3384,3366,6325,1956,3426,3467,6197,3493,6229,6274,11505,42547
3813,3988,3983,4172,3987,4025,4071,4301,3975,4040,4042,4327,4181,4331,4288,4525,33709
33170,6244,6197,1158,6200,1220,1181,216,6266,1115,1201,235,1133,238,238,37,10463
203,697,705,2138,704,2059,2052,6819,663,2050,2092,6829,2173,6828,6785,23252,50672
21215,6929,6847,2385,6801,2327,2341,752,6979,2210,2231,801,2381,755,802,293,16452
1932,2736,2674,3817,2678,3957,3754,5498,2736,3707,3961,5483,3813,5487,5498,8318,39003
3773,3871,3819,4215,3860,4079,4159,4274,3839,4009,4152,4372,4206,4413,4242,4766,33999
58402,1828,1816,55,1816,62,60,5,1824,51,66,2,59,2,1,0,2005
2555,3190,3198,4015,3183,4037,3884,5081,3180,3919,4032,5054,4040,5039,5071,6571,36906
1492,2420,2385,3683,2370,3664,3713,5867,2334,3648,3735,5897,3784,5882,5781,9394,40455
31,178,147,974,156,960,822,5436,181,778,966,5449,962,5458,5439,38112,57345
3576,3675,3802,4080,3755,4141,4049,4471,3711,4094,4058,4553,4091,4506,4507,4980,34500
10213,6002,6050,3618,5974,3707,3554,2203,6018,3637,3615,2168,3678,2092,2219,1301,24728
426,1066,1021,2627,1056,2662,2523,6799,1036,2464,2727,6813,2622,6848,6769,18590,47869
9700,5912,6014,3678,6005,3669,3693,2214,5887,3714,3685,2295,3712,2286,2189,1396,25164
2168,2873,2896,3838,2860,3983,3858,5389,2886,3856,3934,5414,3861,5378,5402,7453,38184
7233,5371,5367,3849,5397,4031,3871,2926,5302,3927,4130,2866,3888,2896,2857,2138,28004
43536,4772,4804,492,4782,554,513,62,4767,542,537,65,519,43,57,4,6534
64340,423,424,2,424,3,2,0,423,3,3,0,2,0,0,0,431
458,1133,1107,2639,1093,2674,2627,6866,1068,2587,2725,6880,2718,6866,6801,17807,47452
1294,2026,2070,3509,2056,3542,3412,6097,2024,3412,3530,6141,3525,6127,6095,11189,42043
9866,5971,5974,3639,5892,3758,3641,2237,5981,3638,3666,2243,3711,2161,2247,1424,25071
10629,6225,6115,3506,6147,3539,3545,2092,6129,3449,3667,2078,3570,2110,1996,1252,24251
10643,6165,6174,3563,6150,3566,3608,2013,6229,3574,3478,2056,3523,2032,2077,1198,24167
235,802,740,2359,745,2279,2169,6888,749,2139,2337,6856,2407,6861,6835,21648,49832
3694,3892,3903,4194,3923,4052,4023,4362,3930,4083,4034,4313,4136,4333,4400,4777,34006
11776,6283,6264,3430,6273,3526,3349,1878,6299,3330,3519,1878,3405,1887,1894,1058,23270
91,319,333,1434,324,1475,1336,6299,321,1289,1464,6360,1441,6351,6301,30911,54438
1970,2789,2798,3953,2832,3911,3824,5422,2743,3876,3991,5379,3965,5413,5376,7807,38550
14434,6682,6684,3085,6684,3095,3005,1445,6711,2990,3066,1462,3056,1462,1474,714,20935
61,288,291,1285,267,1314,1149,6170,272,1160,1306,6162,1325,6138,6154,32707,55224
576,1303,1295,2891,1296,2899,2745,6839,1246,2833,2957,6743,2947,6744,6782,15953,46205
1438,2195,2180,3748,2180,3759,3661,5926,2283,3622,3671,5950,3660,5950,6014,9812,40962
930,1754,1715,3287,1702,3379,3222,6404,1774,3175,3346,6412,3280,6399,6424,12846,43656
4468,4322,4270,4133,4357,4101,4119,3942,4312,4100,4198,3909,4056,3996,3932,3834,32337
1578,2419,2466,3702,2434,3778,3655,5755,2407,3669,3758,5788,3746,5756,5743,9395,40262
2278,2927,2921,3882,2928,3963,3847,5351,2914,3842,3983,5350,3888,5357,5338,7280,37952
1471,2270,2285,3580,2244,3770,3594,5922,2298,3559,3701,5972,3593,5931,5950,9909,40913
18975,6907,6925,2572,6902,2535,2576,912,6907,2537,2512,969,2595,946,912,367,17745
288,761,736,2212,745,2320,2081,6972,744,2222,2346,6806,2220,6815,6955,21826,49934
3527,3719,3722,4146,3750,4134,4039,4475,3808,4011,4073,4506,4029,4534,4564,5012,34537
610,1274,1250,2987,1225,2956,2852,6742,1263,2833,2942,6737,3023,6712,6731,15912,46153
32022,6307,6357,1315,6342,1304,1203,240,6323,1227,1273,266,1314,251,256,49,10959
13544,6569,6485,3199,6499,3289,3237,1561,6613,3197,3259,1517,3141,1531,1605,803,21666
463,1094,1091,2756,1087,2762,2670,6784,1050,2698,2802,6753,2804,6749,6740,17746,47342
0,12,7,257,8,262,7,836,4,10,271,828,264,829,828,61626,64660
26896,6761,6759,1747,6786,1706,1687,416,6781,1680,1713,421,1700,448,436,112,13291
1533,2320,2335,3845,2464,3651,3546,5878,2335,3614,3765,5825,3701,5954,5893,9390,40477
1721,2533,2611,3812,2550,3836,3750,5626,2544,3765,3764,5689,3862,5628,5637,8721,39610
40065,5325,5321,728,5354,699,700,88,5344,687,713,97,676,130,107,15,7769
37839,5692,5660,829,5645,825,865,129,5671,833,831,129,865,114,108,14,8565
101,440,424,1719,443,1736,1637,6576,436,1568,1759,6629,1704,6648,6572,27657,52973
1127,1887,1924,3495,1921,3454,3305,6248,1873,3367,3465,6223,3512,6220,6234,11794,42688
6342,4949,4960,4063,5006,4015,3982,3251,4908,3975,4102,3269,4058,3315,3210,2644,29481
1197,2024,2020,3628,2004,3536,3424,6149,1992,3355,3552,6214,3676,6198,6117,10963,42067
375,921,961,2597,949,2607,2376,6873,945,2427,2571,6862,2585,6850,6897,19253,48390
22123,6923,6924,2210,6974,2233,2151,687,6931,2189,2275,650,2152,700,695,232,15824
1,8,10,260,11,268,12,978,12,18,265,974,255,975,982,61020,64501
1547,2379,2357,3721,2376,3638,3640,5878,2353,3599,3683,5897,3728,5916,5852,9485,40513
21,113,107,679,99,681,501,4604,99,507,687,4592,701,4584,4590,43484,59244
14024,6740,6636,3091,6642,3126,3166,1504,6679,3132,3193,1434,3146,1440,1443,653,21120
212,600,657,2063,626,2024,1957,6819,603,2005,1990,6828,2091,6797,6822,23955,51091
5697,4870,4896,4018,4851,4076,3955,3461,4792,3978,4109,3464,4141,3419,3383,2939,30225
6679,5136,5090,4005,5129,3981,3940,3174,5111,3985,4045,3083,3991,3122,3149,2429,28915
2310,2997,3026,4038,3013,3846,3920,5247,3011,3849,3819,5347,4037,5334,5261,6994,37652
179,528,533,1979,580,1992,1737,6727,544,1750,2023,6719,1916,6766,6743,25333,51794
14,75,76,523,66,541,332,4011,66,338,540,4006,542,3996,4002,46921,60411
6974,5141,5244,3954,5277,3992,3921,2988,5110,3921,4056,3091,3952,3124,2957,2347,28558
18768,6928,6927,2660,6990,2484,2499,951,6969,2521,2506,928,2556,991,992,379,17842
45634,4452,4433,409,4435,416,411,47,4448,397,422,42,411,44,43,5,5812
3482,3850,3800,3907,3788,4278,4063,4484,3809,4062,4307,4435,3960,4423,4443,4958,34397
14,125,144,799,106,838,611,4969,111,567,814,5032,851,4994,4955,41119,58443
10829,6164,6139,3470,6155,3557,3538,2055,6148,3486,3589,2082,3470,2098,2039,1230,24142
14589,6673,6607,3117,6683,3112,3008,1439,6675,3022,3186,1359,3039,1435,1441,664,20821
9958,6135,6097,3605,6142,3602,3614,2132,6085,3528,3697,2180,3610,2225,2082,1357,24764
61029,1226,1216,28,1216,19,23,2,1225,15,20,0,29,0,1,0,1290
1886,2646,2640,3758,2670,3875,3766,5611,2678,3856,3873,5515,3696,5545,5643,8391,39197
1977,2786,2736,3880,2793,3904,3921,5463,2742,3896,4005,5438,3867,5495,5419,7727,38589
31411,6389,6368,1345,6383,1331,1304,281,6380,1302,1355,262,1339,277,272,50,11237
5528,4804,4769,4025,4784,4026,3981,3595,4699,4040,4146,3501,4115,3516,3490,3030,30537
3559,3945,3866,4149,3820,4012,4259,4367,3918,4104,3993,4443,4222,4397,4340,4655,34072
238,654,686,2189,661,2043,2060,6846,665,2061,2007,6877,2203,6852,6857,23150,50672
709,1411,1420,3169,1419,3185,2987,6625,1460,2994,3135,6627,3121,6626,6674,14487,45124
31114,6430,6396,1377,6441,1352,1344,258,6445,1324,1382,244,1317,289,273,63,11337
9339,5936,5859,3661,5888,3687,3713,2399,5930,3692,3722,2343,3638,2372,2393,1477,25567
2134,2896,2952,3878,2954,4023,3763,5350,2937,3889,3984,5280,3835,5282,5391,7501,38099
6367,5014,5018,4040,5042,3974,4038,3219,5013,4004,3999,3257,4017,3281,3218,2548,29337
11244,6235,6173,3433,6219,3509,3612,1919,6234,3528,3556,1941,3388,1987,1918,1153,23705
279,733,691,2155,701,2191,2040,6760,714,1976,2220,6782,2164,6792,6741,23110,50499
3629,3705,3893,4195,3872,4200,3946,4409,3773,4113,4111,4430,4148,4409,4477,4739,34200
850,1675,1628,3275,1619,3175,3168,6570,1658,3184,3183,6507,3301,6498,6553,13205,44089
12161,6430,6341,3396,6287,3413,3324,1819,6448,3239,3341,1815,3432,1761,1837,1005,22878
2434,2969,3099,3996,3107,3985,3830,5148,3014,3881,3948,5227,3943,5235,5193,7040,37481
42285,4957,5024,635,5020,576,526,63,4976,589,553,67,620,63,82,13,6963
7367,5372,5340,3921,5341,3916,3895,2896,5386,3861,3903,2898,3906,2899,2910,2238,28001
1463,2222,2185,3674,2229,3613,3559,6009,2224,3558,3655,5973,3628,6017,6011,10029,41095
16506,6779,6790,2855,6779,2881,2845,1168,6854,2816,2795,1208,2791,1197,1243,542,19446
4201,4118,4133,4092,4146,4071,4059,4107,4096,3922,4106,4259,4101,4272,4085,4281,33122
220,587,641,2083,577,2114,1910,6677,600,1799,2037,6842,2134,6778,6690,24360,51240
15888,6691,6640,2957,6638,3015,2929,1294,6671,2886,3033,1286,2979,1284,1274,584,19997
29183,6600,6602,1507,6561,1496,1487,360,6598,1466,1457,383,1550,342,358,99,12253
12171,6387,6409,3442,6417,3423,3281,1759,6426,3343,3392,1719,3395,1727,1798,960,22760
95,447,469,1765,437,1700,1511,6539,440,1463,1675,6609,1804,6577,6532,27986,53086
10149,5983,6016,3599,6007,3730,3575,2181,6024,3581,3680,2208,3567,2199,2222,1328,24809
22298,6934,6908,2209,6912,2165,2173,690,6919,2146,2184,691,2220,695,675,230,15760
8467,5590,5704,3791,5723,3809,3830,2531,5578,3900,3840,2575,3784,2594,2519,1814,26604
26005,6809,6827,1760,6783,1813,1812,483,6820,1800,1758,513,1793,469,494,110,13757
13412,6595,6498,3322,6552,3234,3140,1571,6614,3071,3269,1543,3249,1597,1590,792,21725
9,69,63,515,50,508,313,3791,55,291,509,3807,542,3794,3777,47956,60731
2145,2906,2913,3988,2939,3828,3930,5374,2865,4034,3895,5277,4003,5303,5333,7316,38026
7341,5217,5247,4014,5249,4042,3922,2915,5305,3979,3956,2888,3924,2890,3003,2157,28102
43959,4693,4703,502,4726,503,496,64,4684,525,535,45,488,68,55,3,6403
2300,2965,3032,3884,3004,4022,3919,5285,2921,3976,4038,5295,3956,5267,5241,6944,37638
29230,6553,6568,1569,6588,1489,1471,347,6580,1488,1482,345,1522,365,374,78,12234
46,225,245,1141,232,1208,1086,5834,235,1058,1185,5882,1144,5869,5844,34815,56032
13779,6598,6532,3259,6544,3062,3179,1612,6538,3226,3134,1499,3307,1511,1552,717,21484
0,11,9,304,23,284,60,1748,21,49,288,1757,280,1771,1758,57686,63610
8968,5822,5817,3813,5766,3756,3708,2420,5877,3648,3650,2475,3809,2424,2475,1621,25979
9256,5801,5739,3883,5743,3735,3776,2358,5812,3676,3728,2396,3868,2400,2369,1509,25758
51496,3309,3278,207,3275,240,232,13,3306,198,240,16,213,13,10,3,3999
3836,3939,3931,4063,3916,4161,4064,4331,3906,4053,4179,4334,4111,4319,4298,4608,33808
1387,2208,2212,3562,2224,3644,3503,6036,2210,3490,3654,6053,3548,6065,6038,10215,41273
5980,4870,4799,4044,4915,4102,4000,3342,4921,3974,4167,3297,3877,3413,3393,2955,29997
10059,6033,5990,3648,5992,3706,3602,2186,5987,3528,3754,2217,3692,2219,2140,1296,24833
428,1063,1084,2660,1095,2703,2494,6834,1081,2522,2696,6827,2631,6838,6852,18241,47688
1455,2252,2278,3681,2268,3661,3539,5884,2215,3454,3688,5995,3728,5985,5847,10119,41031
5105,4485,4577,4130,4570,4213,4007,3642,4523,4074,4168,3667,4099,3660,3680,3449,31320
100,376,382,1591,385,1602,1428,6463,381,1438,1600,6459,1583,6462,6468,29331,53722
12482,6354,6396,3412,6385,3356,3339,1711,6386,3339,3313,1753,3391,1742,1743,947,22614
17611,6856,6925,2683,6908,2681,2705,1082,6808,2777,2712,1079,2748,1062,1034,378,18598
5108,4556,4515,4075,4540,4095,4009,3716,4565,3892,4111,3792,4041,3817,3725,3492,31435
45829,4374,4356,456,4352,428,413,48,4372,398,426,45,462,41,46,3,5793
32520,6326,6326,1200,6349,1208,1161,257,6293,1191,1264,227,1210,250,224,43,10702
12,67,84,632,71,676,430,4309,86,391,644,4365,626,4352,4328,44976,59768
0,15,11,262,19,255,25,1004,12,27,266,998,257,1006,1001,60891,64458
21118,6950,6984,2263,7013,2319,2275,754,6911,2325,2387,738,2273,767,715,257,16373
10762,6174,6141,3478,6091,3574,3509,2106,6115,3515,3583,2067,3587,2017,2047,1283,24214
13601,6645,6696,3100,6663,3283,3147,1485,6648,3155,3247,1528,3130,1495,1488,738,21429
24,111,126,774,144,792,529,4704,115,526,806,4722,752,4740,4708,42476,58845
4435,4194,4312,4172,4284,4117,4053,3943,4245,4033,4038,4081,4149,4053,3994,3946,32539
2098,2939,2831,3842,2791,3853,3954,5431,2857,3874,3895,5403,3964,5363,5349,7605,38310
3304,3661,3661,4099,3660,4139,3934,4539,3711,3853,4088,4620,4050,4619,4589,5522,35052
0,14,16,291,14,281,43,1565,16,41,277,1569,291,1567,1567,58497,63825
522,1197,1139,2870,1172,2804,2603,6807,1197,2613,2837,6739,2837,6772,6807,17133,46935
39357,5437,5430,738,5424,755,752,116,5441,734,745,127,740,121,120,12,8040
2837,3374,3412,4012,3400,4087,4003,4918,3348,4140,4101,4819,4050,4807,4892,5849,36006
225,657,700,2172,683,2176,1957,6876,683,1988,2133,6888,2163,6871,6902,22975,50603
469,1147,1134,2702,1132,2674,2482,6885,1110,2639,2709,6715,2741,6713,6848,17949,47424
580,1350,1382,3022,1431,3064,3013,6667,1355,3008,3108,6704,2968,6753,6672,14972,45540
425,1006,978,2634,986,2601,2421,6841,1034,2448,2581,6786,2598,6794,6869,19047,48157
24281,6805,6755,2023,6798,2052,2015,570,6810,1980,2090,555,1975,598,575,167,14750
1097,1989,1997,3458,1952,3580,3506,6197,2024,3457,3500,6254,3468,6209,6232,11129,42273
4717,4390,4353,4146,4316,4135,4178,3846,4382,4149,4106,3838,4191,3801,3838,3663,31968
1,17,19,306,19,337,71,2004,18,57,336,2020,305,2020,2005,56514,63275
1531,2328,2366,3660,2354,3710,3621,5907,2330,3718,3696,5848,3670,5836,5909,9565,40572
15888,6734,6816,2905,6761,2913,2875,1297,6683,2978,2909,1276,3011,1221,1246,536,19860
12079,6288,6294,3380,6246,3452,3370,1861,6285,3349,3407,1888,3431,1840,1858,1021,23079
2657,3311,3318,3979,3260,4068,3930,5004,3253,3961,4068,4980,4095,4922,4946,6297,36522
6429,5009,5093,4035,5118,3957,3987,3196,4985,4043,4006,3224,4034,3249,3172,2512,29225
7535,5449,5488,3857,5488,4008,3806,2784,5506,3804,3951,2825,3800,2825,2841,2082,27634
148,513,502,1884,528,1886,1662,6762,508,1801,1917,6612,1863,6638,6757,26068,52164
4013,4063,3960,4073,3943,4065,4115,4310,3991,4017,4120,4305,4162,4288,4238,4386,33507
6140,5026,4910,3883,4822,4051,4006,3423,4936,3988,4053,3325,4061,3237,3333,2855,29788
353,912,943,2510,954,2513,2382,6874,883,2376,2553,6911,2528,6922,6845,19590,48608
45748,4400,4388,435,4374,413,442,43,4397,423,402,50,452,36,40,6,5806
65,323,293,1331,298,1313,1230,6169,288,1188,1353,6181,1361,6186,6134,32336,55027
154,568,569,1919,549,1915,1752,6724,563,1775,1900,6702,1944,6682,6719,25614,51899
844,1607,1614,3207,1636,3359,3211,6475,1633,3156,3355,6537,3159,6559,6501,13196,44096
3185,3556,3538,3970,3557,4095,4048,4709,3561,4050,4109,4689,3946,4708,4714,5614,35391
1829,2640,2575,3814,2600,3789,3688,5660,2587,3727,3867,5556,3842,5581,5607,8687,39454
4486,4247,4246,4114,4198,4161,4091,3974,4330,4002,4030,4062,4079,4014,4057,3958,32532
947,1790,1794,3468,1851,3318,3358,6348,1843,3343,3322,6367,3358,6424,6401,12117,43175
10396,6077,6057,3691,6116,3530,3541,2129,6059,3579,3607,2071,3650,2130,2111,1305,24512
10217,6108,6018,3645,6089,3647,3642,2120,6151,3617,3675,2055,3531,2126,2163,1245,24563
3853,3998,3939,4284,3959,4149,4071,4236,4068,4051,4099,4197,4194,4217,4306,4428,33560
0,7,5,258,7,259,6,729,5,12,263,721,258,723,727,62069,64778
8138,5600,5601,3789,5585,3896,3767,2667,5558,3732,3922,2703,3847,2687,2625,1932,27006
53567,2857,2896,159,2894,163,131,8,2859,168,159,10,159,8,10,1,3374
37455,5691,5655,885,5655,909,880,146,5696,857,904,133,880,133,151,19,8773
33,179,172,983,204,972,738,5439,160,741,1023,5429,970,5461,5420,38125,57329
14321,6560,6623,3165,6613,3154,3053,1467,6567,3115,3137,1468,3168,1458,1474,706,21093
2872,3403,3345,4105,3388,4119,4131,4733,3522,3970,4043,4836,3943,4879,4852,5908,35953
13080,6439,6484,3413,6484,3205,3176,1642,6447,3178,3197,1685,3405,1685,1650,879,22126
22457,6916,6964,2170,6973,2141,2085,693,6942,2145,2124,681,2135,690,719,214,15650
1543,2353,2361,3720,2305,3887,3605,5873,2414,3601,3770,5885,3715,5829,5934,9254,40402
395,963,997,2554,1032,2640,2419,6791,989,2435,2649,6809,2493,6844,6817,19222,48258
4741,4366,4308,4188,4302,4174,4112,3824,4370,3981,4164,3897,4190,3891,3828,3713,32034
294,852,876,2377,778,2394,2186,6895,825,2250,2323,6855,2502,6757,6868,21017,49397
1089,1871,1916,3456,1852,3560,3353,6187,1927,3241,3440,6344,3464,6280,6243,11826,42765
4042,4106,4075,4100,4069,4046,4012,4254,4068,4014,4078,4221,4144,4215,4216,4389,33345
480,1253,1151,2850,1189,2853,2767,6790,1279,2754,2865,6701,2786,6739,6816,16776,46716
1058,1872,1832,3433,1885,3386,3272,6348,1854,3299,3457,6281,3398,6334,6330,12010,42963
35736,5917,5903,1011,5920,971,1009,165,5923,1007,982,153,988,170,171,23,9417
246,748,754,2285,766,2296,2215,6832,744,2160,2312,6893,2277,6905,6828,21788,49907
8400,5665,5612,3805,5662,3787,3776,2683,5586,3859,3916,2547,3834,2597,2604,1716,26659
16846,6797,6833,2784,6859,2853,2767,1140,6792,2789,2884,1154,2763,1180,1135,473,19170
12573,6353,6388,3364,6396,3409,3269,1739,6340,3307,3430,1736,3369,1744,1726,906,22558
446,1096,1149,2650,1070,2823,2646,6796,1145,2590,2695,6905,2680,6826,6845,17687,47373
1623,2427,2445,3731,2507,3779,3765,5750,2498,3708,3770,5825,3598,5887,5821,8915,40022
3957,4061,4007,4128,4036,4199,4007,4280,4007,4080,4282,4153,4153,4182,4226,4291,33374
3641,3929,3865,3982,3783,4098,4043,4485,3845,3963,4100,4501,4148,4419,4401,4846,34223
0,1,1,255,1,255,1,94,1,0,255,95,255,95,94,64646,65441
6549,5133,5080,4003,5139,4101,4056,3069,5195,4059,4098,3013,3882,3072,3131,2469,28919
12,63,66,604,68,554,326,4029,68,369,551,3989,597,3991,4034,46728,60327
798,1601,1654,3158,1623,3274,3143,6516,1580,3199,3264,6513,3210,6482,6495,13539,44282
13477,6515,6512,3268,6530,3231,3160,1610,6540,3213,3224,1554,3225,1572,1635,783,21746
44435,4649,4632,490,4632,477,467,51,4636,455,490,46,503,46,38,2,6216
99,365,362,1576,363,1599,1446,6396,372,1437,1593,6402,1568,6403,6403,29665,53843
228,702,746,2178,723,2225,2029,6806,689,2018,2215,6861,2214,6838,6793,22784,50412
2867,3311,3338,4080,3329,4137,3919,4871,3333,3921,4106,4896,4067,4887,4893,6094,36197
138,552,511,1818,491,1887,1719,6751,514,1755,1905,6674,1876,6654,6713,26091,52182
4239,4149,4167,4104,4181,4140,4058,4106,4168,4076,4135,4106,4071,4120,4125,4104,32905
16346,6838,6695,2909,6697,2759,2918,1282,6765,2850,2834,1207,2980,1209,1209,551,19605
2662,3264,3299,3962,3226,4079,3947,5004,3321,3959,3949,5027,3978,4954,5061,6357,36606
441,1127,1142,2698,1114,2743,2510,6847,1081,2514,2761,6858,2772,6830,6801,17810,47427
3390,3645,3693,4181,3687,4080,3959,4593,3664,4046,4055,4554,4168,4548,4612,5174,34821
22737,6915,6915,2134,6879,2150,2106,686,6873,2101,2156,691,2212,655,644,195,15527
10062,6019,6042,3616,6014,3667,3649,2172,6031,3621,3627,2223,3632,2195,2184,1295,24808
4980,4386,4416,3998,4407,4180,3965,3864,4417,4073,4140,3786,3976,3777,3895,3789,31853
1468,2227,2308,3593,2311,3804,3658,5865,2249,3659,3785,5945,3568,5948,5887,9774,40815
199,588,581,2114,622,2034,1855,6747,611,1890,2052,6705,2050,6746,6770,24485,51309
37,117,134,755,123,796,556,4841,117,566,785,4848,766,4837,4841,41930,58690
27677,6710,6713,1657,6755,1621,1632,380,6708,1631,1665,384,1617,426,378,95,12904
36932,5746,5780,887,5780,922,890,151,5727,924,941,151,906,151,132,29,8961
300,805,757,2285,738,2289,2151,6849,769,2111,2306,6841,2340,6822,6813,21873,49875
1048,1833,1829,3433,1845,3458,3271,6283,1921,3282,3386,6268,3329,6284,6371,12208,43049
4748,4441,4471,4083,4418,4139,4077,3815,4475,4036,4052,3886,4102,3833,3849,3624,31857
2449,3058,3127,3918,3084,4004,3928,5139,3056,3920,3963,5216,3963,5173,5137,6914,37342
17028,6860,6945,2768,6900,2743,2724,1117,6853,2805,2705,1121,2820,1076,1110,474,18964
3046,3478,3522,4133,3525,4074,3871,4741,3440,3879,4115,4777,4168,4780,4703,5797,35659
9249,5833,5816,3796,5815,3697,3647,2404,5850,3607,3679,2427,3780,2426,2421,1602,25792
14974,6724,6688,3049,6633,3041,3139,1305,6788,2993,2922,1415,3040,1360,1369,609,20496
13,80,95,614,72,639,430,4312,81,413,615,4344,636,4321,4313,45071,59794
23,86,82,700,88,668,445,4618,82,491,678,4568,698,4574,4614,43634,59339
407,1020,1017,2709,1002,2625,2570,6795,1064,2493,2566,6869,2680,6854,6839,18539,47904
13760,6607,6560,3106,6525,3255,3190,1536,6624,3086,3203,1593,3124,1558,1553,769,21510
9152,5846,5814,3798,5875,3684,3698,2391,5849,3705,3742,2352,3734,2413,2394,1602,25791
25529,6771,6816,1909,6798,1846,1861,479,6796,1876,1803,509,1902,491,504,159,14040
7491,5295,5420,3920,5338,3967,3950,2861,5264,4038,3916,2898,4033,2816,2830,2012,27807
5376,4593,4619,4164,4687,3998,4042,3623,4598,4107,4061,3584,4091,3652,3628,3226,30947
333,941,890,2477,889,2485,2371,6914,917,2325,2508,6909,2502,6908,6890,19790,48749
455,995,1002,2642,967,2638,2553,6807,981,2466,2617,6901,2691,6866,6793,18675,47990
8169,5587,5557,3861,5595,3945,3821,2607,5620,3793,3950,2605,3790,2643,2640,1866,26907
49060,3824,3801,268,3803,263,296,29,3805,286,284,16,285,18,10,1,4705
441,1124,1114,2638,1103,2756,2624,6848,1094,2609,2775,6853,2679,6842,6818,17731,47401
3077,3506,3549,4088,3575,4188,3995,4626,3543,3920,4177,4744,4025,4770,4663,5603,35445
5027,4631,4543,4152,4543,4116,4065,3711,4649,4077,4098,3611,4134,3611,3729,3352,31261
9108,5831,5752,3697,5799,3714,3730,2494,5807,3752,3785,2393,3674,2440,2470,1603,25924
830,1525,1514,3195,1529,3148,3019,6566,1505,2982,3183,6592,3200,6607,6546,14108,44723
157,543,522,1869,526,1807,1728,6738,533,1724,1821,6721,1875,6725,6728,26032,52159
29355,6646,6591,1475,6608,1394,1460,381,6582,1440,1475,346,1522,363,317,94,12139
167,505,520,1824,530,1820,1697,6739,511,1689,1824,6762,1808,6772,6745,26136,52247
6121,4972,4993,4120,5036,4028,3967,3234,5035,3963,4008,3259,4014,3302,3297,2700,29578
19,131,126,836,108,873,640,5125,124,661,862,5099,861,5081,5118,40385,58191
28852,6619,6645,1531,6646,1504,1515,365,6616,1546,1508,360,1533,361,362,86,12372
28164,6676,6736,1570,6746,1580,1542,374,6664,1582,1602,394,1572,404,362,81,12661
16858,6792,6803,2812,6847,2763,2830,1137,6791,2825,2808,1153,2769,1197,1136,528,19207
1999,2784,2759,3928,2803,3914,3805,5456,2805,3831,3937,5405,3863,5449,5477,7834,38601
31785,6381,6384,1265,6364,1348,1236,247,6385,1201,1324,285,1281,265,251,47,11039
351,887,892,2517,887,2571,2430,6823,913,2370,2540,6888,2496,6883,6849,19752,48691
635,1360,1360,3021,1354,3000,2877,6680,1370,2824,2984,6733,3017,6727,6690,15417,45762
50981,3423,3428,214,3426,234,210,11,3424,211,231,15,215,13,12,1,4122
3245,3526,3647,4136,3620,4170,4009,4633,3571,4065,4098,4698,4118,4671,4678,5164,35063
1675,2487,2458,3748,2479,3774,3682,5761,2498,3606,3784,5808,3716,5829,5772,8972,39985
43328,4794,4775,553,4778,579,536,62,4795,512,581,67,549,70,63,7,6644
14721,6765,6721,3108,6675,2975,3068,1386,6739,3057,2955,1353,3180,1307,1360,679,20630
7145,5240,5348,3974,5397,3927,3925,2931,5222,4044,3994,2920,3943,2969,2913,2157,28162
53983,2799,2807,121,2808,140,136,13,2791,147,149,10,128,11,5,1,3242
2269,2940,2939,4001,2909,3902,3894,5272,2965,3838,3847,5327,4006,5297,5297,7346,37923
570,1263,1282,2904,1244,2891,2718,6708,1275,2696,2841,6749,2930,6711,6720,16547,46469
4114,4081,4086,4201,4114,4120,4030,4141,4119,4007,4110,4169,4135,4197,4179,4246,33162
4700,4378,4465,4067,4388,4117,4016,3923,4306,4085,4112,3941,4216,3864,3851,3620,31995
26172,6792,6772,1759,6765,1855,1758,481,6785,1754,1855,465,1773,458,474,131,13695
13356,6578,6600,3196,6564,3161,3217,1608,6545,3251,3158,1596,3265,1560,1575,819,21769
8703,5720,5731,3803,5704,3817,3685,2568,5659,3718,3851,2546,3891,2519,2507,1627,26318
17,100,99,686,91,691,489,4621,90,504,693,4605,704,4597,4611,43451,59255
13996,6654,6631,3191,6586,3158,3161,1450,6665,3082,3102,1506,3225,1461,1461,720,21222
40359,5241,5315,699,5296,700,665,101,5240,738,682,102,719,83,100,9,7673
308,760,830,2350,801,2404,2223,6818,799,2228,2336,6883,2340,6854,6857,21258,49555
311,864,864,2548,901,2519,2386,6809,920,2342,2500,6853,2455,6890,6865,20022,48847
922,1721,1790,3455,1806,3356,3264,6307,1750,3211,3343,6429,3410,6445,6336,12504,43428
42216,5020,5003,587,4989,586,593,73,5012,573,580,76,609,62,65,5,6982
9105,5875,5821,3730,5875,3747,3688,2412,5886,3666,3790,2380,3665,2434,2423,1552,25796
2,26,27,307,25,321,87,2061,26,74,319,2075,309,2073,2061,56256,63193
977,1866,1809,3434,1868,3372,3275,6387,1857,3324,3440,6281,3384,6340,6378,12057,43061
4712,4374,4217,4260,4284,4132,4135,3835,4436,3911,4137,3902,4131,3969,3897,3717,32100
16357,6830,6742,2873,6720,2852,2867,1248,6811,2780,2849,1247,2914,1225,1229,505,19560
44037,4694,4719,482,4728,492,487,58,4685,528,510,42,482,51,49,5,6352
8,56,68,563,74,511,305,3871,66,339,507,3849,547,3855,3881,47549,60593
3458,3741,3876,3999,3803,4199,4018,4464,3758,4125,4109,4492,4055,4419,4481,5052,34491
34341,6073,6157,1088,6156,1051,1065,176,6077,1126,1046,199,1085,198,180,31,9942
13537,6489,6600,3253,6555,3221,3202,1532,6535,3220,3130,1625,3252,1580,1578,740,21660
1,15,13,284,18,269,35,1504,17,48,272,1489,277,1494,1506,58807,63910
789,1643,1646,3240,1736,3115,3152,6481,1647,3203,3201,6433,3146,6523,6485,13609,44247
69,278,305,1358,278,1364,1128,6121,304,1170,1311,6106,1359,6079,6147,32672,55148
5265,4606,4562,4093,4582,4119,4098,3664,4557,4121,4188,3597,4122,3617,3615,3243,31060
926,1720,1726,3300,1713,3225,3178,6433,1716,3115,3216,6502,3317,6489,6429,13044,43828
54621,2669,2669,128,2670,117,113,9,2664,115,123,7,132,8,4,0,3053
7800,5483,5484,3825,5468,3928,3974,2715,5471,3921,3924,2769,3853,2753,2703,1978,27372
168,531,528,1879,484,1986,1754,6726,521,1736,1952,6741,1933,6697,6716,25697,51993
5035,4561,4496,4153,4471,4180,4000,3728,4649,3997,4067,3666,4090,3641,3816,3499,31425
378,880,925,2559,917,2495,2452,6808,894,2378,2473,6927,2553,6919,6822,19669,48635
3897,3977,4014,4150,4009,4090,3943,4290,3983,4029,4079,4241,4149,4236,4296,4666,33679
1678,2541,2525,3788,2492,3650,3711,5794,2489,3780,3669,5709,3873,5676,5742,8932,39870
46235,4327,4317,390,4320,406,398,35,4328,389,408,34,386,37,36,3,5621
12976,6481,6468,3246,6462,3333,3276,1672,6440,3297,3368,1638,3293,1632,1631,836,22135
2264,2965,3019,4016,2994,3945,3847,5251,2952,3830,3933,5322,4054,5297,5238,7122,37748
409,927,936,2590,919,2520,2465,6745,944,2437,2486,6782,2590,6765,6762,19772,48538
238,687,674,2093,694,2113,1962,6796,690,1978,2130,6767,2070,6787,6799,23571,50792
5949,4958,4865,4061,4935,3982,4030,3370,4901,4011,4109,3296,4048,3366,3313,2855,29899
11366,6318,6366,3301,6300,3577,3459,1900,6270,3430,3559,1977,3415,1911,1852,1048,23462
898,1655,1722,3257,1635,3354,3174,6439,1683,3204,3239,6476,3316,6389,6467,13141,43915
3336,3649,3611,4036,3624,4215,3999,4645,3640,4028,4237,4578,4032,4591,4636,5192,34934
5096,4512,4504,4001,4460,4105,4068,3797,4523,4065,4050,3792,4034,3748,3808,3486,31506
3925,3901,3971,4162,4009,4173,3956,4326,3962,4110,4150,4242,4063,4280,4387,4432,33626
54658,2658,2649,126,2651,128,120,10,2654,117,134,4,128,6,6,0,3049
526,1222,1221,2786,1181,2929,2717,6722,1240,2640,2871,6798,2808,6758,6740,16890,46745
15779,6793,6703,2967,6745,2954,2962,1223,6814,2843,2975,1252,2904,1294,1244,597,19923
14207,6679,6616,3160,6651,3057,3079,1496,6627,3042,3144,1470,3177,1505,1444,695,21104
3411,3818,3706,4219,3697,4067,4082,4540,3804,4038,4072,4472,4242,4463,4526,4892,34509
10027,5978,6032,3590,5980,3721,3607,2209,6011,3611,3636,2259,3609,2207,2242,1330,24905
17329,6909,6986,2666,6955,2802,2653,1045,6931,2664,2749,1111,2675,1080,1067,427,18704
44195,4645,4670,491,4694,505,488,45,4641,522,533,36,471,60,41,12,6316
1160,1922,1922,3575,1997,3477,3502,6146,1980,3437,3494,6211,3442,6286,6204,11294,42348
3393,3715,3692,4109,3675,4134,3947,4614,3672,3925,4160,4613,4169,4596,4571,5064,34770
88,308,313,1357,311,1451,1182,6291,311,1206,1446,6272,1356,6270,6294,31593,54748
4766,4393,4473,4148,4451,4180,3985,3814,4436,4043,4115,3836,4127,3814,3857,3611,31839
8085,5556,5645,3796,5658,3922,3809,2658,5536,3891,3955,2665,3803,2678,2638,1754,26920
6871,5164,5199,3912,5175,4114,3909,3021,5187,3916,4067,3049,3913,3025,3044,2483,28684
1705,2500,2591,3806,2505,3754,3660,5768,2465,3786,3703,5733,3927,5647,5733,8766,39760
5289,4566,4598,4105,4608,4137,3969,3689,4609,4090,4104,3600,4052,3610,3732,3291,31088
29,124,120,807,123,819,606,5112,127,617,819,5097,801,5100,5115,40633,58309
1395,2184,2199,3595,2203,3653,3531,5987,2188,3496,3653,6037,3587,6041,5991,10309,41302
17148,6839,6870,2782,6835,2751,2745,1122,6839,2783,2716,1115,2817,1080,1122,485,18957
43442,4844,4795,524,4797,520,526,57,4851,477,515,57,515,59,64,6,6544
262,720,775,2355,776,2229,2151,6774,799,2198,2151,6782,2275,6783,6853,22166,50007
4625,4306,4341,4157,4362,4097,4000,3892,4360,3996,4064,3931,4082,3952,3946,3938,32269
13801,6561,6578,3269,6573,3146,3126,1535,6573,3148,3129,1530,3262,1525,1547,746,21460
1,17,20,285,14,305,69,1895,16,71,300,1896,292,1890,1894,57084,63443
28709,6695,6604,1582,6602,1524,1572,357,6676,1505,1541,333,1603,331,338,77,12404
24,127,133,862,130,864,702,5044,132,594,856,5158,860,5155,5049,40359,58163
33284,6137,6176,1190,6149,1195,1172,242,6135,1196,1170,257,1219,230,240,57,10504
28969,6659,6577,1529,6596,1482,1587,342,6646,1499,1514,348,1523,367,329,82,12308
6649,5018,5075,4077,5108,4019,3977,3109,5094,3997,3976,3146,3968,3179,3185,2472,29017
43320,4823,4813,556,4819,495,549,62,4821,541,503,60,552,66,60,9,6612
36172,5930,5866,910,5872,966,959,164,5915,910,987,149,919,155,149,26,9210
3756,3799,3899,4285,3913,4014,3990,4379,3819,4139,4008,4330,4251,4344,4399,4724,34014
2990,3488,3435,4044,3438,4044,4025,4833,3515,4007,4020,4798,4014,4801,4860,5737,35752
37664,5699,5690,851,5685,797,894,131,5692,885,799,131,863,126,124,18,8638
62,264,274,1275,264,1266,1121,6021,293,1078,1227,6074,1256,6064,6050,33460,55502
12,119,98,718,105,705,501,4620,113,467,718,4633,717,4640,4614,43269,59171
129,459,410,1666,433,1685,1561,6615,424,1540,1743,6587,1678,6610,6580,27929,53091
50393,3532,3527,250,3520,250,244,16,3534,235,241,20,255,13,18,1,4317
2108,2898,2907,3918,2873,3842,3753,5501,2842,3917,3864,5346,4008,5312,5445,7515,38249
9170,5828,5883,3744,5835,3801,3720,2336,5905,3657,3676,2454,3715,2406,2413,1506,25732
26759,6785,6795,1649,6798,1717,1769,441,6759,1808,1746,412,1672,415,415,109,13336
324,921,937,2548,931,2523,2397,6926,947,2508,2491,6831,2528,6825,6952,19460,48542
15644,6804,6817,2843,6766,3020,2895,1285,6794,2916,2979,1277,2904,1226,1275,604,19975
3276,3652,3577,4142,3573,4176,4068,4527,3687,3938,4137,4582,4111,4578,4562,5463,35058
2816,3346,3318,4028,3358,4058,4061,4913,3357,4130,4087,4816,3977,4856,4924,6004,36151
205,623,609,2073,613,2026,1888,6785,608,1916,2045,6743,2084,6747,6770,24314,51227
9713,5902,5850,3705,5927,3687,3644,2333,5905,3715,3761,2210,3625,2287,2336,1449,25288
22,110,108,754,105,705,551,4785,98,547,714,4787,769,4784,4773,42437,58909
13599,6545,6547,3228,6551,3207,3230,1549,6486,3221,3270,1560,3283,1564,1490,719,21593
9,80,74,609,73,605,420,4366,84,411,600,4369,606,4368,4370,45005,59813
60471,1338,1338,33,1338,47,33,0,1339,33,46,0,32,0,1,0,1451
12949,6482,6447,3177,6442,3327,3335,1692,6428,3320,3376,1672,3236,1667,1638,861,22198
2617,3228,3214,3994,3279,3885,3978,5063,3215,3934,3963,5093,3942,5158,5050,6436,36791
2411,3052,3075,4019,3064,4063,4052,5099,3047,3956,4057,5218,4035,5207,5094,6600,37214
2,20,24,299,21,302,56,1859,21,54,298,1865,301,1862,1860,57205,63466
2790,3339,3340,4141,3366,4004,4051,4831,3349,3984,4020,4899,4105,4925,4841,6064,36187
20349,6963,6998,2362,6976,2361,2387,824,6923,2412,2379,834,2424,812,784,261,16829
2222,2880,2910,3983,2949,3926,3856,5286,2900,3831,3945,5341,3924,5380,5306,7410,38037
12610,6349,6377,3368,6387,3359,3379,1692,6364,3354,3354,1745,3343,1755,1707,906,22528
11916,6328,6277,3316,6238,3513,3464,1880,6302,3435,3500,1858,3381,1819,1854,968,23117
63800,554,551,7,552,7,6,0,554,3,8,0,6,1,0,0,572
4280,4288,4264,4008,4267,4119,4156,4004,4199,4119,4211,4017,4094,4020,3915,4088,32663
83,326,288,1371,300,1399,1153,6138,303,1141,1434,6112,1382,6124,6115,32380,54991
4007,4020,3999,4182,4017,4055,4055,4260,4068,4132,4025,4162,4116,4180,4308,4463,33454
644,1366,1395,2951,1358,3028,2839,6706,1349,2836,3008,6738,3005,6701,6689,15436,45762
2953,3479,3512,4004,3473,4088,4145,4779,3446,4160,4082,4797,4076,4758,4746,5551,35616
427,1042,1092,2764,1076,2743,2583,6767,1101,2568,2668,6832,2721,6816,6826,18023,47555
51319,3345,3336,230,3342,204,223,12,3344,211,211,15,225,21,11,0,4038
24631,6892,6903,1883,6867,1933,1946,552,6861,1950,1928,559,1950,523,521,150,14442
663,1410,1395,2956,1354,2989,2958,6722,1359,2963,2999,6702,3048,6661,6671,15199,45602
21973,6916,6950,2217,6957,2196,2196,714,6914,2235,2205,709,2212,716,712,227,15930
11322,6232,6281,3588,6327,3331,3374,1966,6192,3444,3417,1945,3582,1991,1926,1131,23628
2455,2989,2995,3980,3054,3884,3743,5296,2975,3818,3957,5227,3935,5286,5282,7173,37653
137,442,488,1688,489,1875,1603,6577,493,1644,1825,6582,1636,6583,6628,27359,52750
13267,6552,6492,3219,6455,3258,3243,1648,6565,3239,3208,1592,3243,1555,1661,852,21915
10352,6111,6117,3593,6102,3530,3651,2099,6118,3611,3508,2145,3601,2130,2106,1275,24494
1137,1949,2000,3593,2083,3536,3353,6212,2014,3466,3554,6150,3445,6233,6277,11047,42186
17701,6875,6897,2753,6920,2686,2688,1015,6890,2688,2694,1037,2715,1060,1030,400,18514
11234,6267,6256,3474,6271,3441,3423,2013,6266,3457,3457,1968,3460,1983,2012,1067,23670
531,1297,1251,2970,1233,2895,2784,6741,1284,2747,2890,6732,3001,6714,6728,16251,46347
4096,4096,4150,4118,4127,4131,3872,4216,4114,3956,4090,4186,4123,4163,4234,4377,33243
19448,6966,6988,2449,6947,2499,2522,852,7013,2485,2411,911,2443,870,899,346,17378
755,1573,1572,3169,1527,3152,3004,6554,1494,3089,3186,6468,3293,6423,6475,14315,44743
2638,3203,3249,4007,3319,4031,3927,4992,3188,4039,4116,4926,3952,4996,4977,6489,36683
6757,5089,5148,3990,5173,4023,3925,3085,5101,3994,4036,3075,3953,3100,3097,2503,28859
464,1120,1103,2704,1107,2733,2565,6836,1128,2601,2729,6783,2692,6787,6844,17853,47417
21788,7000,6921,2197,6865,2302,2303,696,6996,2204,2250,716,2257,660,692,202,15977
19740,7014,6928,2442,6957,2430,2502,863,7034,2454,2439,825,2393,854,883,291,17173
16470,6728,6812,2948,6818,2842,2811,1175,6795,2881,2781,1189,2875,1195,1242,487,19445
2830,3366,3328,4081,3328,3992,4038,4891,3360,4022,3998,4869,4087,4869,4885,6105,36195
4563,4203,4231,4137,4222,4182,4095,3949,4218,4109,4158,3963,4131,3954,3964,3970,32467
16,109,105,739,104,678,532,4737,103,529,683,4736,746,4735,4731,42766,59029
1436,2266,2269,3683,2272,3650,3571,5960,2234,3496,3685,6038,3712,6041,5928,9808,40942
1449,2394,2343,3778,2345,3619,3573,5854,2370,3527,3645,5849,3800,5851,5830,9822,40694
19,110,103,773,115,762,571,4896,108,592,776,4868,763,4880,4894,41819,58700
29778,6517,6514,1463,6523,1483,1490,306,6513,1465,1496,328,1458,337,302,76,11975
3243,3563,3617,4075,3663,4071,3995,4625,3528,3997,4152,4677,4064,4723,4590,5466,35197
6763,5132,5226,3947,5205,4012,3895,3100,5125,3931,3998,3158,3975,3137,3093,2352,28769
12268,6397,6359,3240,6357,3498,3361,1785,6381,3315,3512,1793,3258,1791,1769,965,22784
7310,5355,5362,3969,5377,3911,3946,2822,5409,3883,3872,2892,3900,2907,2876,2258,27997
7813,5424,5511,3892,5469,3849,3831,2778,5394,3843,3837,2853,3964,2811,2748,2032,27482
10710,6105,6135,3511,6195,3612,3479,2081,6124,3514,3653,2076,3432,2136,2100,1186,24221
11576,6343,6349,3260,6311,3546,3498,1900,6311,3540,3540,1864,3330,1826,1868,987,23266
9861,5998,6018,3638,6016,3624,3705,2195,6010,3673,3610,2247,3628,2245,2207,1374,24994
18,104,104,708,97,733,540,4600,95,474,735,4666,724,4659,4591,43201,59145
14098,6544,6557,3112,6539,3281,3094,1493,6559,3040,3248,1560,3115,1542,1508,759,21331
454,995,1063,2613,1054,2675,2524,6799,971,2549,2690,6842,2646,6833,6775,18566,47872
10206,5955,5938,3743,5914,3669,3510,2217,6005,3501,3595,2209,3717,2185,2267,1418,24897
1218,2003,2002,3496,1982,3496,3348,6280,1936,3413,3543,6214,3583,6194,6213,11128,42224
9,60,60,546,63,530,336,3999,66,344,527,3991,537,3994,4005,46982,60446
116,381,464,1546,391,1658,1415,6533,404,1497,1562,6534,1596,6461,6556,28935,53545
7740,5415,5389,3874,5448,3998,3810,2842,5421,3901,4051,2725,3809,2784,2848,1994,27533
5,28,22,287,19,298,61,1871,13,62,310,1864,305,1861,1856,57187,63458
9047,5794,5746,3832,5770,3724,3631,2491,5814,3643,3728,2431,3788,2455,2511,1644,26014
22445,6925,6961,2199,6947,2105,2135,685,6922,2182,2094,674,2216,660,682,217,15647
3770,3939,3913,4085,3904,4137,4058,4364,3921,4068,4146,4328,4112,4319,4346,4639,33879
3253,3725,3645,4048,3626,4115,4105,4655,3605,4091,4216,4589,4187,4570,4535,5084,34877
14,96,98,571,74,605,368,4305,76,383,601,4292,615,4268,4285,45398,59918
1440,2123,2205,3577,2219,3611,3497,6011,2135,3531,3613,6059,3551,6073,6023,10381,41366
5,45,37,509,50,485,270,3579,49,252,494,3589,492,3602,3583,49008,61069
1325,2176,2103,3675,2154,3597,3583,6022,2223,3539,3601,5993,3577,6044,6069,10368,41414
90,332,310,1482,341,1497,1230,6262,342,1263,1518,6207,1441,6238,6272,31224,54505
158,534,529,2015,559,1965,1838,6647,563,1780,1966,6700,1956,6730,6676,25433,51804
318,862,845,2514,829,2422,2262,6832,846,2272,2422,6805,2546,6789,6816,20669,49165
5762,4823,4800,4224,4910,4009,3988,3384,4804,3965,4138,3384,4133,3494,3365,2866,30149
24,108,119,730,107,726,532,4657,87,507,735,4693,763,4681,4636,42944,59046
33916,6191,6178,1053,6167,1152,1077,205,6191,1066,1141,203,1064,192,205,48,10110
14807,6736,6746,3049,6747,3034,3034,1355,6696,3038,3075,1361,3088,1362,1315,606,20541
4141,4094,4034,4147,4043,4128,4100,4146,4089,4001,4142,4185,4143,4194,4141,4321,33216
3,18,15,299,22,292,51,1753,15,50,302,1751,295,1758,1750,57675,63596
11189,6367,6305,3481,6286,3481,3446,1943,6346,3424,3483,1903,3521,1884,1922,1068,23551
20844,6945,6975,2365,7009,2342,2247,782,7011,2298,2310,761,2265,795,848,252,16540
1437,2225,2288,3698,2297,3711,3557,5875,2250,3571,3695,5924,3664,5933,5900,10024,40961
7,58,57,526,67,509,294,3770,51,306,526,3757,523,3767,3763,48068,60761
5136,4521,4510,4226,4509,4041,4010,3709,4505,3958,4056,3750,4243,3749,3693,3433,31387
6145,4847,4927,4031,4887,4114,3975,3314,4897,3964,4024,3405,4021,3365,3364,2769,29809
4026,4083,4081,4102,4090,4168,4023,4203,4031,4064,4229,4160,4145,4169,4151,4324,33273
3965,3919,4082,4126,4076,4119,3942,4207,3926,4055,4106,4257,4125,4251,4214,4679,33613
6331,4969,5055,4098,5076,4053,3966,3174,4979,4019,4064,3207,4067,3228,3184,2579,29327
51283,3338,3338,243,3337,201,230,17,3330,230,208,17,252,16,9,0,4062
2,33,21,368,33,350,127,2636,22,136,373,2615,367,2627,2625,53714,62479
18491,6916,6868,2710,6875,2582,2540,999,6886,2494,2619,997,2733,1004,969,366,18068
25,169,172,1035,171,1006,871,5610,163,872,1011,5612,1042,5611,5604,37075,56990
2990,3425,3427,4180,3442,4003,3955,4816,3448,4029,3995,4744,4142,4759,4839,5855,35811
291,819,803,2340,766,2317,2169,6937,812,2178,2287,6912,2384,6875,6930,21229,49607
66,245,256,1188,247,1140,961,5938,240,986,1136,5924,1202,5915,5933,34672,56008
27,176,167,966,160,971,773,5382,164,732,976,5414,985,5407,5370,38379,57427
6531,5077,5116,4020,5098,3928,4025,3172,5047,4058,3940,3178,4068,3160,3142,2489,29082
247,721,671,2163,709,2191,1983,6783,687,1974,2263,6742,2159,6780,6749,23227,50581
1495,2375,2397,3743,2356,3801,3632,5837,2406,3660,3729,5831,3753,5790,5868,9376,40413
9161,5738,5738,3832,5745,3874,3665,2423,5824,3716,3795,2372,3739,2379,2509,1539,25873
23319,6946,6937,2038,6935,2096,2083,572,6968,2018,2072,628,2018,626,594,199,15123
14634,6688,6617,3085,6605,3075,3069,1429,6675,2934,3076,1493,3110,1481,1416,662,20847
23474,6975,6931,2077,6940,2017,2073,558,7009,1988,1992,599,2034,608,592,182,15004
7873,5448,5387,3780,5355,3982,3820,2859,5397,3781,4001,2837,3863,2805,2808,2053,27545
24743,6936,6946,1799,6930,1939,1981,482,6949,1930,1910,543,1802,527,495,137,14293
4504,4294,4312,4119,4308,4012,4097,3967,4237,4058,4065,4024,4180,4020,3910,3942,32436
2160,2883,2872,3943,2891,3893,3781,5421,2901,3857,3894,5334,3906,5353,5439,7521,38205
0,4,6,268,8,271,16,1134,11,13,266,1139,259,1141,1141,60372,64342
48391,3917,3908,291,3901,345,312,33,3917,301,338,35,298,28,33,1,4951
6602,5251,5221,3869,5138,4058,3984,3084,5214,3895,4012,3143,3989,3060,3047,2482,28842
18,130,127,800,122,798,625,5068,131,623,792,5067,804,5062,5069,40813,58361
9654,5837,5898,3720,5913,3659,3703,2271,5812,3678,3699,2357,3730,2372,2246,1500,25394
5898,4829,4831,4105,4821,4151,3910,3441,4857,4056,4113,3297,4087,3287,3469,2897,30063
5148,4606,4595,4078,4503,4151,4116,3672,4595,4064,4070,3713,4181,3621,3661,3275,31180
3663,3809,3832,4267,3886,4087,3984,4358,3868,4000,4082,4365,4154,4419,4417,4858,34163
5064,4606,4568,4016,4574,4121,4137,3716,4627,4080,4106,3735,3989,3741,3737,3232,31247
31154,6447,6460,1310,6445,1328,1324,277,6465,1334,1295,280,1307,265,295,63,11304
5177,4504,4586,4101,4545,4193,3967,3694,4566,3996,4090,3747,4080,3706,3756,3341,31282
57329,2059,2049,102,2048,66,82,4,2057,72,67,4,105,3,2,0,2310
153,480,511,1912,560,1780,1705,6599,496,1730,1813,6605,1847,6654,6615,26589,52349
6829,5266,5274,4008,5270,3972,3890,3059,5251,3939,3983,3018,4027,3014,3044,2205,28481
1009,1782,1798,3370,1823,3401,3296,6360,1822,3328,3386,6344,3305,6369,6400,12256,43210
250,736,712,2190,693,2241,2082,6782,716,2027,2242,6813,2229,6794,6762,22780,50363
7923,5426,5522,3925,5542,3884,3826,2712,5411,3955,3919,2679,3920,2699,2697,2009,27289
52197,3168,3144,190,3143,201,207,14,3166,183,202,14,193,13,12,2,3785
1925,2755,2772,3915,2804,3804,3870,5453,2811,3815,3780,5525,3827,5557,5509,7927,38751
0,7,4,259,7,256,7,768,4,12,262,760,259,763,765,61916,64741
4,40,40,388,24,418,147,2922,23,157,419,2912,421,2896,2905,52333,62066
1478,2332,2277,3652,2263,3601,3689,5912,2275,3581,3644,5965,3723,5951,5855,9851,40845
36736,5802,5800,904,5816,902,932,151,5792,942,928,139,898,155,141,11,9006
49199,3721,3778,311,3777,282,278,11,3736,325,266,21,297,20,26,1,4692
2425,3119,3156,3935,3071,4019,3902,5155,3087,3901,3966,5193,4052,5108,5123,6837,37267
8881,5725,5707,3822,5743,3731,3742,2514,5709,3787,3783,2451,3802,2487,2498,1667,26184
19498,6991,7010,2468,7002,2477,2451,862,7030,2463,2430,869,2437,861,901,299,17290
9483,5836,5796,3782,5849,3712,3725,2321,5892,3703,3709,2303,3673,2356,2377,1532,25545
3772,3898,3899,4149,3921,4029,4014,4394,3854,4059,4095,4350,4171,4372,4350,4722,33973
4220,4123,4152,4128,4153,4174,4077,4053,4076,4056,4222,4103,4174,4104,4006,4228,32969
655,1357,1384,2885,1348,3078,2783,6778,1324,2899,3075,6689,2954,6653,6745,15442,45781
36,166,176,968,174,1020,756,5459,172,767,1012,5458,964,5456,5465,38000,57294
51026,3390,3389,264,3398,226,199,18,3380,203,245,13,265,22,8,3,4139
65,317,271,1332,282,1390,1157,6233,275,1212,1443,6132,1363,6143,6191,32243,55002
722,1461,1410,3163,1472,3122,3034,6615,1473,3019,3172,6579,3089,6641,6627,14450,45050
2744,3278,3272,4084,3311,3987,4049,4916,3287,3975,4017,4984,4036,5023,4925,6161,36408
4515,4327,4346,4180,4326,4136,4033,3973,4350,4131,4093,3894,4177,3874,3996,3698,32213
2701,3289,3252,4019,3340,4110,4001,4917,3291,3965,4196,4916,3929,5004,4919,6200,36420
38510,5571,5563,782,5564,783,820,124,5566,822,789,114,786,115,119,21,8332
43882,4736,4733,534,4740,471,504,50,4759,504,455,47,504,54,73,3,6399
44662,4613,4568,479,4569,435,533,42,4611,486,438,44,480,45,40,4,6148
10504,6183,6116,3535,6096,3509,3602,2139,6101,3562,3571,2112,3637,2092,2057,1233,24365
1290,2101,2174,3504,2125,3530,3587,6074,2064,3595,3518,6139,3590,6090,6037,10631,41664
233,703,695,2201,735,2133,2041,6776,709,1989,2167,6820,2155,6860,6782,23050,50532
17966,6946,6946,2597,6873,2770,2649,995,6978,2601,2665,1043,2638,970,1027,385,18307
9113,5795,5751,3881,5721,3725,3647,2457,5800,3648,3690,2412,3906,2382,2462,1659,25959
3686,3839,3916,4044,3898,4112,3956,4429,3840,3945,4093,4517,4061,4499,4430,4784,34169
28855,6578,6642,1499,6642,1555,1564,339,6583,1598,1550,369,1494,369,344,68,12375
17331,6900,6865,2685,6888,2735,2747,1101,6913,2703,2745,1110,2649,1133,1114,430,18797
5,66,67,518,54,548,335,3968,70,317,531,3987,527,3974,3972,47110,60488
17989,6953,6903,2646,6959,2611,2664,1021,6962,2649,2658,986,2581,1042,1030,395,18303
43443,4809,4749,509,4749,545,583,69,4796,535,558,57,522,57,56,12,6593
67,274,246,1241,259,1172,1041,6007,245,1010,1214,6010,1257,6023,5978,34005,55742
3,55,40,398,48,423,173,3097,42,164,444,3091,403,3099,3084,51485,61812
8328,5629,5707,3898,5647,3840,3711,2612,5667,3794,3742,2607,3920,2547,2650,1750,26677
6944,5164,5269,3974,5242,3974,3778,3074,5113,3873,3998,3084,4052,3057,3023,2430,28630
3675,3865,3894,4222,3896,4168,4032,4297,3928,3981,4107,4377,4157,4379,4360,4711,34000
23620,6953,6905,2070,6912,1952,2119,572,6968,2079,1944,564,2048,571,587,185,14946
126,425,440,1655,432,1672,1443,6524,402,1454,1687,6528,1686,6520,6501,28554,53332
6393,5188,5106,3984,5047,4061,3998,3182,5131,3968,4059,3130,4100,3071,3125,2506,29090
6368,4962,4966,4040,5033,3970,3918,3286,4956,3990,4043,3218,3979,3285,3280,2755,29506
8553,5669,5786,3756,5742,3797,3677,2602,5697,3839,3725,2557,3772,2513,2630,1734,26467
405,905,942,2525,902,2499,2385,6797,928,2345,2436,6874,2542,6834,6820,19910,48689
29214,6588,6549,1461,6514,1602,1513,364,6593,1480,1562,358,1491,323,369,68,12244
48,230,223,1212,250,1209,1001,5903,223,985,1243,5912,1192,5939,5896,34583,55973
5,45,49,545,66,519,300,3753,62,280,519,3777,511,3794,3770,48054,60767
14,124,126,732,105,780,587,4870,112,545,771,4914,765,4893,4858,41853,58711
3676,3852,3823,4146,3906,4085,4073,4353,3898,4028,4122,4369,4017,4452,4399,4850,34135
5474,4634,4737,4089,4791,4071,4034,3507,4674,4034,4085,3610,3995,3664,3547,3103,30712
299,863,844,2319,850,2401,2261,6855,830,2317,2440,6780,2346,6786,6822,21036,49357
41341,5142,5132,628,5124,645,627,97,5132,628,647,86,646,78,87,9,7313
5370,4685,4729,3991,4633,4132,4015,3599,4689,4019,4032,3639,4083,3543,3603,3287,30895
4214,4191,4035,4186,4126,4083,4102,4105,4109,3970,4256,4081,4177,4172,4023,4219,33007
3994,3991,4046,4253,4021,4060,4155,4176,4000,4198,4026,4188,4269,4163,4185,4324,33353
3825,3993,3951,4071,4007,4145,4123,4280,4010,4074,4184,4287,3998,4343,4297,4461,33654
2324,3022,3025,3952,3056,4125,3938,5157,3018,3864,4160,5234,3925,5265,5153,6831,37450
160,476,506,1719,461,1743,1673,6672,456,1671,1718,6704,1784,6659,6652,26995,52639
1764,2534,2512,3914,2563,3712,3637,5749,2553,3685,3744,5679,3844,5730,5768,8661,39664
673,1370,1342,2926,1315,2985,2890,6692,1303,2888,3025,6666,3020,6639,6625,15690,45856
3243,3557,3658,4163,3657,4142,3991,4618,3618,4103,4080,4607,4103,4606,4679,5224,35020
11672,6225,6337,3426,6336,3528,3450,1811,6265,3474,3487,1899,3387,1898,1851,1003,23264
8818,5774,5860,3744,5759,3767,3806,2428,5801,3792,3639,2528,3818,2427,2455,1633,26093
7188,5314,5152,4066,5240,3884,3909,2996,5305,3818,3981,2925,3987,3013,2987,2284,28300
2859,3367,3396,4145,3460,3949,3873,4896,3402,3978,3978,4820,4046,4884,4931,6065,36104
27496,6746,6699,1700,6674,1690,1600,420,6731,1550,1680,423,1740,398,405,97,13024
1758,2637,2593,3830,2668,3770,3663,5638,2564,3660,3918,5597,3828,5672,5565,8688,39492
8941,5711,5691,3790,5746,3832,3716,2461,5724,3677,3874,2480,3722,2535,2474,1675,26161
9324,5776,5788,3730,5791,3722,3702,2420,5767,3680,3734,2454,3736,2457,2411,1557,25796
910,1673,1706,3310,1716,3341,3341,6310,1771,3195,3253,6489,3202,6499,6408,12925,43742
3565,3766,3843,4036,3909,4061,4033,4504,3715,4153,4178,4461,4021,4527,4453,4824,34332
7012,5244,5216,3913,5223,4008,3973,2982,5232,3868,4027,3059,3918,3066,2970,2338,28478
5126,4530,4566,4176,4538,4121,4090,3674,4554,4177,4069,3623,4180,3595,3698,3332,31228
57,284,245,1287,273,1280,1079,6086,278,1099,1314,6027,1265,6055,6080,33340,55458
10076,6065,5956,3638,5969,3590,3709,2226,6008,3670,3660,2156,3682,2169,2169,1306,24820
13,132,114,718,103,753,602,4862,107,585,767,4861,754,4850,4837,41991,58752
2355,3136,3092,3959,3117,4050,4056,5115,3141,4055,4070,5072,3929,5097,5120,6685,37169
33670,6167,6180,1143,6155,1158,1126,204,6167,1123,1133,220,1168,195,204,36,10246
43339,4787,4808,569,4805,529,518,65,4785,528,528,76,574,73,63,2,6629
465,1105,1128,2748,1121,2748,2676,6775,1123,2573,2723,6901,2737,6894,6793,17539,47283
5000,4463,4517,4090,4489,4158,4029,3735,4421,4010,4172,3808,4160,3780,3693,3524,31568
39971,5340,5350,688,5362,734,738,80,5340,733,746,95,676,107,80,9,7786
20341,6988,6975,2292,6953,2398,2453,821,6941,2436,2423,825,2361,803,774,265,16828
220,693,715,2200,694,2214,2020,6834,666,1978,2220,6898,2248,6877,6807,22765,50459
463,1080,1040,2620,1056,2656,2480,6835,1101,2542,2651,6733,2583,6749,6856,18604,47819
26655,6698,6689,1769,6690,1869,1734,434,6734,1695,1834,464,1732,465,470,117,13511
11,66,70,573,63,577,379,4108,64,377,572,4114,582,4107,4106,46280,60202
18003,6881,6879,2786,6978,2568,2623,999,6890,2654,2658,966,2678,1065,1008,413,18332
1,25,20,327,27,315,99,2261,23,99,324,2256,322,2263,2259,55428,62974
29,163,146,946,168,887,719,5340,158,749,914,5293,929,5315,5335,38958,57651
6017,4917,4909,4106,4971,4048,3938,3315,4943,3915,4084,3330,4018,3392,3341,2805,29828
52,262,274,1302,269,1267,1005,6003,259,1092,1265,5928,1310,5923,6000,33838,55615
2491,3079,3092,4041,3152,3965,3835,5115,3123,3847,3981,5116,3937,5176,5159,6940,37279
64094,481,480,5,480,6,6,0,481,5,6,0,5,0,0,0,497
7490,5434,5480,3894,5448,3947,3816,2859,5435,3855,3914,2866,3925,2834,2860,1992,27681
1893,2681,2722,3773,2636,3863,3637,5618,2691,3720,3767,5576,3849,5490,5628,8505,39226
2450,3033,3078,3949,3078,3990,4113,5027,3060,3977,3963,5208,3922,5208,5054,6939,37331
3697,3924,3898,4121,3905,4221,4167,4240,3919,4041,4233,4340,4119,4347,4235,4642,33876
55056,2571,2551,119,2552,130,119,9,2566,104,136,4,123,5,4,0,2942
16704,6807,6819,2831,6831,2859,2803,1148,6840,2857,2838,1106,2786,1118,1181,521,19247
6977,5167,5147,4002,5180,4089,4005,2981,5218,4011,4071,2955,3918,2988,3032,2308,28501
2294,3046,3000,3966,2997,3963,3968,5268,2975,3942,4031,5248,4040,5245,5197,6869,37547
17836,6858,6843,2679,6846,2685,2689,1070,6818,2695,2728,1049,2716,1052,1030,455,18543
628,1407,1379,3058,1381,3049,2831,6667,1387,2868,3071,6602,3076,6604,6647,15394,45649
6,53,52,430,50,468,256,3376,50,218,469,3413,435,3411,3373,49989,61358
9354,5966,5955,3796,5916,3612,3717,2352,5962,3772,3577,2286,3839,2247,2348,1350,25381
7149,5273,5191,3970,5258,3866,3905,3042,5244,3907,3962,2958,3932,3025,3013,2354,28395
19357,6970,6992,2522,7007,2441,2395,912,6995,2437,2431,892,2482,907,937,372,17453
22137,6959,6889,2092,6864,2335,2224,686,6958,2105,2311,735,2118,710,685,241,15863
638,1304,1368,2889,1365,3069,2993,6695,1286,3016,3084,6736,2910,6733,6677,15286,45728
40006,5294,5357,774,5350,686,680,103,5301,753,672,93,774,86,110,10,7799
4317,4181,4178,4124,4190,4226,4093,3987,4203,4094,4216,3983,4090,3995,4009,4163,32753
8343,5512,5589,3794,5536,3972,3799,2635,5517,3843,3914,2668,3842,2615,2640,1830,26869
318,840,886,2408,821,2332,2214,6817,836,2231,2271,6846,2477,6781,6813,21158,49413
17171,6878,6934,2710,6838,2794,2751,1118,6869,2816,2707,1109,2815,1013,1109,417,18855
1754,2511,2523,3817,2512,3862,3683,5718,2527,3669,3835,5744,3812,5733,5734,8615,39669
50527,3515,3488,245,3492,241,244,19,3514,220,246,16,242,20,18,2,4278
1,14,14,299,15,298,50,1747,15,38,298,1759,297,1760,1748,57696,63611
20,123,123,721,114,786,570,4919,91,575,809,4914,762,4905,4887,41730,58673
2191,2914,2877,4011,2856,3892,3858,5365,2883,3816,3902,5370,4063,5349,5334,7368,38085
1359,2106,2229,3672,2181,3672,3441,6039,2149,3555,3581,6048,3677,6000,6082,10258,41350
85,353,335,1461,338,1501,1288,6361,349,1341,1508,6290,1462,6293,6357,30727,54327
225,666,686,2138,658,2187,2037,6952,665,2079,2160,6930,2167,6902,6951,22646,50500
1771,2637,2636,3788,2664,3782,3765,5669,2521,3762,3926,5671,3876,5699,5553,8329,39337
11381,6269,6154,3471,6119,3555,3589,1935,6267,3477,3522,1932,3508,1897,1933,1040,23576
284,763,782,2376,792,2297,2256,6788,791,2098,2279,6965,2338,6975,6816,21449,49711
13533,6536,6502,3221,6533,3219,3144,1622,6551,3145,3235,1587,3175,1618,1637,791,21739
25699,6833,6796,1880,6837,1756,1808,517,6833,1815,1797,473,1839,514,517,135,13923
182,532,544,1811,521,1925,1713,6685,500,1716,1934,6694,1866,6671,6653,26102,52136
3922,3901,4026,4226,4039,4112,4097,4149,3995,4116,4031,4255,4119,4268,4243,4550,33577
6949,5265,5343,3925,5391,3937,3927,2947,5285,3930,3965,3022,3857,3070,2967,2269,28365
1185,2056,2063,3569,2068,3484,3427,6196,2021,3503,3524,6127,3599,6132,6161,10934,42001
44165,4676,4676,514,4692,460,502,48,4674,509,478,41,500,57,46,11,6316
47513,4071,4068,354,4076,351,345,38,4053,352,377,28,364,36,20,3,5233
8541,5665,5591,3823,5697,3785,3798,2579,5705,3821,3851,2482,3677,2588,2619,1827,26570
5975,4835,4804,4057,4792,4103,3988,3399,4878,3974,4048,3382,4026,3370,3442,2976,30096
12735,6537,6458,3276,6520,3298,3311,1665,6519,3260,3378,1637,3232,1699,1647,877,22249
13594,6530,6548,3244,6511,3196,3175,1576,6473,3143,3216,1626,3338,1589,1519,771,21675
43812,4715,4722,517,4722,535,505,59,4715,515,535,56,517,56,59,9,6462
2808,3366,3270,4087,3245,3998,3980,4988,3382,3914,3957,4958,4096,4933,5004,6063,36307
6623,5114,5001,4069,5056,4057,3953,3145,5206,3891,4020,3094,3922,3149,3237,2512,29031
9766,5876,5811,3767,5889,3668,3627,2319,5841,3654,3781,2227,3724,2305,2284,1510,25326
26425,6836,6864,1739,6876,1696,1744,422,6834,1760,1710,434,1729,446,420,114,13447
101,444,427,1724,471,1705,1564,6616,429,1579,1764,6584,1695,6628,6601,27717,52997
10580,6086,6150,3648,6185,3544,3535,2057,6108,3576,3557,2080,3591,2115,2079,1158,24264
1856,2627,2591,3826,2647,3844,3705,5660,2596,3692,3931,5637,3801,5693,5629,8314,39293
46562,4243,4248,401,4255,381,394,31,4243,391,388,39,394,46,31,2,5534
615,1434,1405,3034,1419,3092,2897,6669,1413,2863,3127,6674,3041,6688,6648,15030,45484
60,265,262,1234,249,1345,1065,6130,286,1107,1311,6085,1226,6072,6151,33201,55439
2341,2949,3079,3860,2905,4054,3857,5247,2951,3860,3878,5374,4032,5200,5249,7213,37757
19555,7000,6956,2437,7002,2462,2493,864,6985,2476,2523,837,2406,883,849,321,17280
33358,6244,6255,1129,6267,1132,1134,214,6250,1164,1138,195,1111,207,220,31,10316
1626,2488,2423,3756,2458,3680,3642,5858,2398,3676,3805,5759,3811,5794,5768,9107,40118
1236,2102,2078,3588,2116,3555,3463,6157,2069,3529,3626,6067,3583,6105,6124,10651,41754
11486,6211,6268,3422,6250,3513,3393,1968,6197,3476,3509,1942,3454,1924,1954,1082,23538
117,442,462,1716,454,1649,1520,6603,465,1555,1618,6588,1701,6580,6626,27953,53086
116,430,396,1654,430,1632,1513,6610,418,1577,1678,6512,1632,6546,6598,28307,53268
193,649,644,2047,628,2112,1932,6871,634,1957,2111,6841,2078,6825,6856,23671,50973
2579,3215,3069,3913,3126,3966,3971,5196,3114,3957,4124,5064,3957,5121,5095,6582,37014
1172,2054,1983,3442,1980,3516,3457,6239,2005,3415,3562,6210,3494,6207,6190,11123,42206
2927,3412,3417,4079,3438,4001,3980,4826,3382,3895,4052,4916,4088,4937,4796,5903,35969
8868,5777,5714,3867,5754,3776,3718,2503,5765,3757,3828,2401,3839,2441,2491,1550,26072
1751,2524,2503,3860,2514,3800,3722,5705,2543,3688,3792,5718,3830,5729,5724,8646,39670
1159,1918,1872,3512,1912,3544,3466,6258,1915,3456,3587,6222,3475,6262,6255,11236,42408
5264,4598,4563,3960,4478,4172,4109,3722,4494,4060,4191,3736,4149,3651,3618,3284,31183
7799,5384,5562,4025,5543,3916,3735,2716,5406,3823,3875,2806,4022,2787,2738,1912,27369
6648,5199,5179,3971,5188,3934,3914,3206,5165,4050,3977,3050,3996,3059,3172,2341,28810
6870,5242,5245,4015,5157,4018,3935,3032,5294,3908,3878,3062,4051,2974,3084,2284,28535
5607,4856,4819,4005,4768,4029,3958,3539,4821,3966,4013,3494,4091,3443,3504,3136,30468
4579,4338,4289,4083,4287,4093,4116,3978,4321,4030,4108,4015,4102,4013,3961,3736,32286
40262,5295,5355,695,5349,672,660,92,5273,718,688,94,723,88,70,15,7669
0,3,1,255,3,251,0,157,1,1,255,154,255,156,155,64402,65379
42828,4846,4874,562,4869,596,577,73,4850,607,587,71,563,66,77,3,6824
20,96,106,716,105,716,500,4668,91,532,720,4646,722,4645,4663,43103,59122
73,346,360,1517,356,1531,1362,6351,357,1371,1516,6356,1510,6352,6362,30329,54153
13158,6589,6574,3240,6601,3175,3255,1617,6580,3279,3211,1578,3222,1605,1608,757,21840
478,1100,1130,2763,1147,2702,2578,6830,1078,2608,2741,6830,2768,6847,6808,17641,47321
1816,2690,2631,3894,2586,3904,3768,5582,2722,3795,3827,5496,3907,5451,5614,8366,39178
1714,2499,2566,3818,2532,3818,3749,5676,2519,3766,3764,5726,3832,5692,5696,8682,39677
300,799,800,2402,820,2380,2172,6944,818,2235,2381,6882,2363,6902,6963,20888,49432
6968,5312,5206,4034,5281,3926,3872,3056,5337,3893,3976,2929,3934,3004,3081,2240,28394
29539,6537,6538,1530,6550,1475,1430,343,6533,1420,1491,354,1522,366,339,82,12107
24776,6819,6895,1955,6927,1927,1868,515,6861,1935,1917,524,1881,556,557,136,14367
2410,3061,3132,3981,3116,4028,3814,5161,3103,3882,3970,5164,3955,5148,5203,6921,37346
6851,5256,5288,4021,5305,3911,3908,3025,5263,4001,3921,2964,3997,2981,3032,2325,28484
2925,3304,3374,4074,3389,4103,4066,4851,3351,4121,4071,4866,4012,4881,4898,5763,35963
4577,4339,4380,4076,4311,4183,3989,3968,4278,4028,4175,3970,4206,3901,3907,3761,32226
19966,6972,6948,2421,6950,2407,2512,817,6992,2474,2389,831,2399,833,837,301,17056
14,88,87,648,85,664,466,4466,84,475,666,4456,654,4454,4462,44280,59531
62,250,274,1270,249,1322,1076,6017,281,1135,1266,5982,1264,5957,6048,33596,55529
13739,6589,6599,3212,6597,3183,3118,1526,6585,3092,3185,1562,3218,1560,1522,762,21486
6678,5164,5157,3994,5168,3903,3961,3168,5135,4057,3943,3065,4012,3076,3139,2429,28856
1204,1998,2072,3562,2038,3559,3385,6124,1988,3405,3535,6178,3606,6144,6114,11137,42107
39872,5364,5329,759,5349,680,749,100,5349,719,715,95,754,115,85,15,7847
0,23,17,333,28,317,111,2193,18,77,333,2221,327,2232,2188,55631,63027
31332,6352,6427,1310,6385,1407,1291,254,6383,1317,1334,303,1321,261,285,87,11291
1549,2353,2278,3692,2273,3747,3550,5883,2342,3487,3753,5871,3708,5866,5872,9825,40724
2069,2807,2815,3806,2763,4008,3736,5510,2829,3747,3934,5507,3836,5455,5532,7695,38535
17277,6883,6898,2635,6871,2760,2695,1147,6820,2667,2796,1190,2725,1163,1084,438,18883
5568,4581,4648,4014,4570,4146,3878,3664,4578,3935,4071,3674,4095,3596,3661,3370,30980
50,264,247,1255,276,1297,1099,5999,278,1040,1312,6041,1212,6070,6013,33596,55562
5508,4722,4688,4219,4819,4043,3972,3495,4801,3961,4095,3472,4009,3603,3574,3068,30583
5918,4919,4940,3962,4882,4092,3954,3385,4895,3967,4058,3393,4044,3335,3361,2944,29997
24881,6862,6930,1900,6930,1907,1865,498,6871,1911,1898,520,1891,520,507,158,14276
19230,6914,6936,2487,6899,2548,2515,934,6901,2548,2524,923,2537,886,921,346,17586
3426,3730,3769,4114,3739,4115,4081,4481,3749,4052,4066,4549,4125,4519,4500,5034,34594
5308,4603,4575,4108,4599,4105,3963,3660,4623,3883,4109,3712,4064,3736,3680,3321,31128
12309,6432,6444,3362,6354,3365,3315,1782,6415,3318,3292,1791,3469,1701,1765,935,22686
24947,6889,6891,1873,6879,1895,1927,510,6918,1945,1854,494,1856,482,539,150,14238
34223,6109,6197,1078,6197,1064,1053,169,6152,1110,1021,200,1035,200,212,29,9959
4003,4157,4052,4163,4058,4109,4033,4255,4056,4101,4216,4082,4258,4088,4154,4264,33219
87,343,351,1558,372,1459,1321,6394,385,1395,1438,6328,1495,6349,6436,30338,54164
11153,6236,6212,3523,6258,3434,3454,2007,6211,3483,3505,1954,3502,2000,1982,1135,23772
1996,2794,2789,3840,2794,3901,3881,5404,2784,3827,3916,5453,3845,5458,5394,7973,38650
60320,1378,1383,34,1381,31,37,0,1380,40,27,2,34,0,2,0,1485
350,908,933,2507,931,2661,2412,6768,970,2390,2597,6815,2447,6813,6830,19717,48579
6482,5001,4935,4020,4949,4035,4070,3220,4993,3991,4057,3233,4014,3247,3212,2590,29337
8231,5562,5606,3893,5549,3852,3732,2678,5574,3742,3783,2712,3938,2655,2690,1852,26946
105,434,472,1635,457,1673,1428,6572,412,1467,1680,6571,1672,6556,6550,28365,53273
300,891,790,2288,831,2368,2224,6884,843,2225,2457,6782,2295,6823,6836,21212,49473
2636,3048,3142,4070,3132,4027,3862,5005,3181,3813,3884,5148,3947,5138,5138,6878,37127
21922,6928,6970,2204,6959,2216,2185,728,6877,2251,2256,704,2266,693,677,213,15937
1459,2357,2331,3750,2367,3698,3522,5883,2363,3557,3728,5822,3708,5858,5889,9757,40682
1924,2685,2616,3918,2695,3879,3700,5541,2716,3633,3927,5539,3808,5618,5572,8278,39091
2038,2846,2762,3984,2789,3903,3869,5406,2862,3766,3914,5425,3941,5452,5422,7670,38452
7305,5391,5328,3851,5345,3909,3916,2984,5336,3963,3981,2874,3889,2891,2929,2157,28020
2885,3445,3278,4040,3380,4003,3994,4894,3427,3942,4123,4779,3956,4881,4876,6146,36130
31,175,163,966,178,913,747,5393,175,729,928,5399,951,5414,5393,38494,57483
20,93,80,653,89,637,439,4387,91,444,648,4369,646,4378,4385,44690,59651
36989,5737,5711,897,5722,945,937,153,5719,934,974,130,904,141,135,21,8958
375,999,961,2652,981,2581,2467,6866,974,2482,2626,6813,2657,6833,6841,18941,48167
829,1553,1543,3227,1586,3200,3023,6602,1542,3122,3254,6493,3195,6536,6591,13753,44486
526,1179,1208,2848,1159,2861,2652,6805,1149,2729,2842,6757,2927,6708,6775,16924,46811
11996,6299,6424,3406,6389,3442,3270,1819,6284,3344,3422,1870,3456,1835,1804,989,23004
15200,6680,6772,3089,6756,2971,2896,1337,6710,2964,2925,1361,3075,1345,1367,601,20348
10625,6176,6169,3575,6193,3532,3484,2059,6142,3466,3590,2070,3585,2094,2025,1264,24236
62080,973,972,11,972,14,15,0,973,14,14,0,11,0,0,0,1012
267,771,798,2356,805,2277,2122,6794,795,2122,2260,6821,2325,6828,6818,21890,49859
3327,3600,3629,4089,3585,4091,3998,4669,3574,4061,4073,4635,4159,4591,4643,5325,35061
7,58,56,503,59,502,313,3924,52,312,511,3923,506,3926,3918,47479,60627
32,162,168,966,165,954,707,5397,171,743,942,5367,960,5364,5406,38545,57498
3893,4004,3984,4123,3936,4115,4023,4350,3916,4092,4155,4261,4259,4213,4262,4463,33621
32791,6241,6278,1205,6260,1224,1184,234,6246,1203,1201,252,1218,234,239,39,10632
10882,6276,6262,3543,6333,3457,3471,1975,6293,3489,3511,1943,3455,2014,1992,1153,23850
314,841,786,2350,860,2309,2194,6883,805,2234,2419,6788,2312,6862,6847,21245,49512
32106,6338,6430,1261,6445,1157,1220,245,6323,1317,1187,240,1261,255,230,34,10847
2699,3259,3221,3920,3183,4023,3915,5091,3221,3908,4023,5060,3996,5022,5053,6455,36738
3522,3789,3796,4022,3837,4133,4045,4504,3749,4118,4214,4438,4021,4479,4464,4918,34401
8500,5720,5671,3889,5748,3730,3727,2559,5731,3734,3796,2503,3801,2580,2570,1790,26505
3621,3894,3897,4095,3864,4177,4102,4351,3900,4081,4138,4375,4122,4342,4357,4733,34048
138,471,502,1814,479,1825,1691,6646,501,1800,1772,6568,1807,6545,6676,26814,52483
7236,5374,5335,3844,5313,3948,3910,2940,5285,3832,4015,2979,3955,2957,2851,2275,28149
47708,4032,4029,377,4035,346,317,32,4029,314,355,32,374,38,29,2,5173
9240,5845,5762,3677,5745,3732,3735,2464,5808,3655,3752,2461,3731,2444,2427,1571,25849
18,97,85,604,87,613,424,4480,87,464,625,4428,612,4430,4470,44525,59641
82,309,324,1416,315,1436,1210,6260,322,1253,1414,6232,1412,6223,6273,31568,54697
4402,4267,4301,4046,4238,4071,4045,4078,4205,4136,4070,4021,4171,3958,4016,4024,32601
8316,5549,5607,3906,5641,3816,3759,2615,5570,3798,3829,2634,3851,2668,2636,1854,26840
36791,5769,5811,877,5809,906,911,166,5756,965,917,154,892,152,153,20,9009
63780,564,561,1,561,5,5,0,564,2,5,0,1,0,0,0,572
53,232,201,1117,243,1143,925,5891,212,962,1205,5823,1095,5865,5871,35211,56244
6890,5200,5287,3935,5167,4013,3946,3021,5259,3949,3834,3105,3996,2985,3080,2382,28590
19607,7051,6948,2419,6974,2395,2520,893,7035,2452,2437,858,2409,884,877,290,17242
25,144,141,883,154,845,660,5056,163,586,839,5127,851,5140,5075,40360,58141
1043,1799,1822,3414,1833,3409,3421,6206,1821,3245,3398,6405,3381,6416,6228,12208,43102
1,21,11,325,26,309,79,2032,16,69,329,2032,315,2047,2027,56410,63245
1099,1857,1940,3439,1911,3545,3429,6155,1911,3416,3462,6251,3414,6222,6209,11789,42674
6873,5100,5128,3960,5188,3939,3907,3130,4990,3988,4109,3077,4010,3137,3020,2493,28824
20059,6905,6975,2402,6942,2506,2366,852,6962,2461,2416,827,2378,794,909,295,17042
365,950,945,2601,986,2566,2451,6793,1002,2409,2555,6830,2508,6871,6845,19372,48392
1595,2444,2403,3741,2372,3820,3713,5800,2504,3675,3729,5797,3712,5766,5860,9118,40161
417,996,994,2540,940,2631,2437,6893,977,2454,2596,6874,2613,6820,6874,18993,48201
29,143,154,904,150,907,722,5268,157,752,889,5249,894,5245,5282,39304,57772
1114,1921,1958,3436,1962,3562,3322,6231,1923,3346,3564,6244,3430,6248,6233,11555,42543
57468,2050,2041,62,2038,62,73,5,2047,65,62,4,68,1,2,1,2250
1399,2240,2290,3633,2309,3686,3556,5884,2260,3496,3685,5994,3594,6013,5904,10106,41052
101,393,389,1480,334,1562,1339,6436,373,1364,1527,6407,1555,6352,6416,30021,54015
29501,6617,6545,1480,6531,1500,1482,335,6610,1425,1493,320,1501,306,328,75,12058
2074,2846,2784,3871,2829,3876,3858,5426,2850,3783,3917,5439,3822,5484,5430,7760,38485
2628,3262,3181,4144,3262,3958,3979,5003,3291,3949,4010,4952,4034,5033,5032,6331,36632
23771,6929,6958,2070,6975,1981,1935,580,6939,1996,1988,548,2043,565,590,181,14850
1051,1938,1989,3364,1960,3519,3440,6281,1942,3511,3486,6261,3389,6232,6285,11401,42507
5823,4790,4735,4103,4689,4047,3995,3498,4787,3920,4004,3518,4152,3472,3495,3021,30369
161,577,608,2035,605,2026,1763,6732,574,1835,2026,6691,2041,6688,6729,24958,51542
3108,3554,3535,4137,3504,4009,4091,4642,3578,3893,3954,4821,4144,4790,4666,5623,35469
16283,6720,6820,2940,6823,2811,2794,1245,6726,2907,2808,1232,2931,1235,1251,523,19613
8,94,80,635,100,608,408,4340,73,412,649,4322,636,4342,4319,45023,59776
1280,2161,2103,3541,2112,3570,3551,6076,2165,3528,3575,6041,3528,6050,6080,10688,41655
951,1765,1784,3397,1810,3265,3313,6402,1800,3352,3256,6382,3336,6408,6437,12391,43362
8858,5774,5741,3792,5691,3716,3821,2463,5744,3693,3696,2558,3872,2508,2433,1689,26193
2543,3100,3097,4060,3235,3946,3959,5074,3142,4021,4042,5009,3880,5147,5116,6678,37035
2630,3183,3136,4055,3209,4090,3899,5042,3196,3864,4150,5030,3969,5103,5055,6438,36805
600,1429,1320,3068,1317,2984,2933,6754,1328,2846,3082,6732,3172,6729,6653,15102,45644
11895,6373,6330,3354,6285,3429,3471,1844,6359,3407,3398,1865,3413,1820,1830,976,23068
4372,4222,4175,4114,4155,4133,4084,4103,4196,4115,4139,4025,4160,4005,4077,3974,32691
21875,6939,6983,2292,7041,2179,2157,669,7000,2205,2176,665,2173,723,730,242,15914
3834,3884,3880,4151,3855,4229,4085,4302,3982,4042,4106,4341,4078,4316,4400,4564,33829
6968,5243,5229,3988,5181,4029,3793,3082,5223,3881,4001,2980,4056,2932,3062,2401,28536
14583,6663,6750,3103,6717,3073,2984,1402,6685,3049,3018,1424,3114,1391,1424,669,20774
47637,4056,4062,356,4052,324,351,31,4046,353,324,35,376,25,21,0,5180
13365,6642,6581,3250,6541,3239,3222,1558,6607,3191,3234,1528,3325,1488,1523,755,21651
4162,4041,3939,4157,4032,4038,4113,4213,4012,4033,4160,4191,4093,4284,4184,4397,33354
12801,6541,6562,3344,6553,3227,3331,1585,6616,3275,3143,1662,3278,1653,1660,818,22105
529,1206,1218,2931,1171,2824,2784,6733,1226,2750,2757,6779,2958,6732,6753,16698,46653
2214,2874,2852,4056,2886,3872,3752,5341,2893,3723,3887,5348,4003,5382,5360,7606,38202
4134,4053,4118,4228,4109,4124,3945,4162,4094,4016,4074,4156,4196,4147,4203,4290,33176
8346,5662,5607,3822,5589,3861,3817,2639,5649,3769,3856,2632,3853,2614,2626,1707,26706
1447,2240,2296,3636,2303,3637,3528,6006,2272,3550,3612,6040,3597,6047,6038,9800,40956
480,1096,1161,2748,1114,2729,2609,6797,1127,2607,2651,6864,2764,6817,6828,17657,47315
1773,2608,2638,3768,2603,3890,3756,5617,2623,3740,3840,5663,3788,5628,5632,8482,39396
2852,3390,3403,4047,3357,4085,3911,4888,3365,3900,4064,4912,4118,4866,4863,6028,36116
2076,2826,2820,3913,2792,3949,3756,5472,2886,3766,3861,5456,3881,5428,5532,7635,38445
10720,6130,6080,3557,6087,3517,3606,2098,6131,3586,3523,2068,3549,2075,2099,1223,24254
375,909,976,2650,946,2582,2380,6766,953,2367,2508,6846,2636,6816,6810,19529,48465
3957,4070,4009,4129,4046,4032,4156,4253,3963,4127,4176,4221,4199,4258,4146,4307,33397
20757,6854,6981,2359,6995,2356,2312,764,6898,2360,2326,843,2301,857,808,278,16671
34620,6067,6040,1050,6045,1081,1086,189,6064,1046,1089,202,1048,207,186,29,9871
24636,6828,6893,1957,6901,2007,1850,520,6864,1893,1979,542,1913,550,556,160,14457
3926,3991,4048,4175,3961,4139,4163,4195,3968,4133,4075,4282,4285,4195,4172,4341,33451
39011,5526,5453,773,5465,789,787,108,5536,724,791,98,751,110,118,9,8137
20103,6912,6915,2426,6892,2467,2437,849,6917,2454,2439,835,2444,812,854,293,17048
45637,4389,4435,418,4415,466,419,28,4402,430,433,63,425,43,41,5,5842
2394,3102,3125,3987,3082,3993,4046,5148,3089,4070,3963,5147,4043,5104,5135,6621,37172
1503,2236,2250,3696,2273,3597,3510,5981,2208,3550,3648,5955,3701,5978,5953,10010,41003
0,12,8,289,11,279,42,1534,9,45,285,1527,289,1530,1531,58658,63874
25821,6894,6829,1805,6827,1823,1821,463,6894,1777,1821,442,1807,440,463,122,13766
2190,2918,2905,3896,2914,3940,3867,5360,2935,3882,3932,5332,3870,5341,5377,7390,38059
4529,4332,4301,4100,4285,4090,4115,3939,4340,4093,4066,3930,4108,3914,3947,3960,32358
40,203,186,1002,202,988,816,5518,155,804,1052,5513,1034,5529,5470,37537,57094
239,777,763,2175,732,2319,2166,6893,746,2172,2319,6873,2237,6842,6862,21934,49985
5423,4578,4710,4132,4707,4155,4012,3471,4648,3942,4082,3673,4065,3670,3541,3240,30861
610,1277,1282,2857,1290,2944,2853,6757,1237,2851,2992,6764,2889,6772,6717,15957,46179
23913,6877,6940,2097,6945,2016,1875,574,6890,1937,2008,575,2079,580,587,156,14812
2206,2903,2908,3926,2947,3953,3782,5345,2911,3756,3984,5376,3879,5415,5353,7405,38079
39380,5428,5424,750,5415,759,778,98,5443,770,735,102,744,93,113,17,8017
46855,4205,4187,366,4180,393,379,42,4193,368,398,35,385,28,30,5,5442
8876,5742,5816,3760,5775,3810,3752,2422,5751,3719,3760,2529,3792,2488,2431,1626,26096
1155,1908,2030,3554,2050,3540,3512,6132,1936,3527,3532,6239,3506,6259,6160,11009,42168
3687,3859,3793,4205,3847,4072,3993,4410,3886,3912,4099,4425,4124,4479,4437,4821,34183
2699,3266,3266,4074,3310,4041,3971,4927,3261,4020,4090,4878,4035,4922,4922,6367,36495
329,904,913,2450,885,2529,2322,6929,893,2379,2512,6881,2489,6853,6918,19863,48788
2273,2908,2955,3785,2931,3987,3745,5401,2845,3859,4026,5334,3872,5310,5338,7480,38064
3467,3796,3843,4054,3799,4215,4007,4481,3780,4038,4187,4497,4114,4453,4465,4853,34387
415,1007,1011,2620,1028,2587,2412,6867,962,2450,2649,6833,2648,6850,6822,18888,48102
3533,3638,3751,4107,3750,4129,3991,4535,3703,4107,4063,4532,4043,4531,4600,5036,34615
47321,4106,4107,374,4103,359,339,39,4100,335,361,44,384,40,33,4,5301
7656,5425,5364,3885,5404,3903,3907,2824,5412,3847,3956,2823,3858,2863,2811,2111,27681
2872,3318,3365,4103,3351,4069,4026,4838,3354,4018,4019,4893,4081,4879,4874,5989,36107
7340,5246,5356,3911,5306,4057,3949,2860,5311,4042,3942,2877,3896,2827,2925,2204,28024
3406,3712,3754,4030,3691,4152,4073,4537,3733,4022,4068,4630,4072,4567,4558,5044,34694
3007,3538,3433,3974,3358,4008,4076,4853,3463,4009,4008,4815,4124,4740,4778,5865,35802
12,72,59,543,59,546,316,4007,61,328,557,3982,554,3982,3996,46975,60435
16941,6853,6797,2769,6876,2860,2749,1149,6899,2788,2893,1054,2644,1133,1195,449,19055
946,1821,1764,3404,1748,3433,3286,6367,1822,3240,3416,6356,3419,6340,6368,12319,43280
487,1153,1186,2704,1166,2747,2722,6820,1110,2628,2770,6947,2767,6927,6777,17138,47064
6126,4884,5060,4104,4994,4032,3960,3260,4949,4095,3901,3301,4105,3235,3325,2718,29629
6517,5091,5174,4105,5245,3937,3809,3179,5100,3972,3999,3099,4025,3170,3188,2439,28992
4136,4222,4151,4081,4147,4064,4216,4088,4190,4144,4092,4089,4117,4085,4056,4171,32944
35,173,139,971,184,878,743,5284,172,727,924,5266,927,5311,5283,39032,57642
3,32,29,347,23,360,108,2515,27,106,359,2514,358,2508,2510,54250,62632
2450,3174,3146,4004,3141,4024,4049,5085,3181,4058,4012,5048,4002,5043,5092,6540,36976
15085,6742,6738,3024,6763,3007,2989,1337,6725,3008,3049,1314,3016,1339,1320,593,20364
39,205,219,1082,212,1103,868,5712,202,891,1099,5703,1092,5696,5709,36217,56609
18,165,155,948,127,948,745,5359,166,710,919,5384,975,5356,5360,38714,57584
17874,6731,6838,2757,6834,2713,2623,1068,6754,2675,2686,1123,2738,1119,1091,425,18611
537,1260,1191,2840,1209,2828,2709,6830,1189,2740,2917,6730,2893,6748,6759,16669,46645
26291,6794,6771,1800,6769,1774,1701,510,6779,1740,1787,448,1817,446,495,127,13639
4730,4389,4424,4140,4428,4119,4060,3818,4395,4042,4117,3871,4130,3875,3824,3687,31941
25,164,171,972,182,1008,770,5428,172,780,1011,5425,953,5436,5436,38116,57329
524,1088,1016,2681,1038,2738,2527,6916,1094,2566,2754,6805,2653,6827,6922,17900,47521
18,111,105,825,115,758,556,4933,107,587,772,4896,819,4906,4929,41612,58628
2955,3392,3408,4048,3400,4152,3969,4852,3356,3999,4180,4838,4092,4830,4816,5762,35873
164,558,498,1727,526,1733,1696,6824,472,1727,1847,6733,1785,6761,6738,26260,52323
1162,2080,2071,3598,2121,3601,3460,6109,2108,3492,3623,6068,3520,6118,6137,10781,41847
5611,4788,4787,4055,4801,4141,4066,3435,4816,4011,4127,3489,4013,3503,3463,2943,30365
26966,6804,6766,1674,6767,1703,1704,422,6812,1650,1696,438,1665,439,430,113,13243
1180,2008,1958,3506,1979,3526,3352,6272,2002,3385,3553,6189,3491,6210,6266,11172,42268
842,1630,1594,3114,1558,3329,3151,6517,1627,3082,3296,6550,3153,6514,6514,13578,44314
12139,6354,6437,3327,6397,3430,3341,1784,6326,3383,3418,1825,3395,1785,1756,952,22840
1736,2589,2540,3831,2561,3827,3631,5758,2503,3771,3934,5569,3896,5590,5672,8641,39576
9825,6036,5945,3686,5974,3607,3595,2279,5977,3520,3695,2263,3716,2292,2220,1419,25102
1327,2087,2086,3609,2072,3653,3359,6075,2103,3315,3623,6118,3607,6104,6091,10820,41781
6788,5197,5135,4040,5187,4045,4025,2997,5216,3951,4078,3009,3969,3061,3016,2335,28635
7846,5586,5664,3778,5614,3896,3842,2685,5561,3835,3871,2770,3853,2720,2660,1868,27138
10,100,79,696,89,702,473,4617,97,509,715,4560,689,4570,4614,43529,59283
2520,3102,3165,3982,3129,4034,3895,5147,3125,3969,3975,5136,3995,5100,5170,6605,37075
1149,2038,1970,3542,1992,3495,3384,6254,1961,3337,3594,6233,3597,6255,6177,11071,42225
25055,6909,6929,1894,6912,1839,1858,504,6936,1875,1795,507,1884,490,531,131,14149
9593,6012,5957,3634,5919,3655,3672,2326,5982,3692,3647,2251,3702,2213,2296,1498,25281
