Pattern 1,Pattern 2,Pattern 3,Pattern 4,Pattern 5,Pattern 6,Pattern 7,Pattern 8,Pattern 9,Pattern 10,Pattern 11,Pattern 12,Pattern 13,Pattern 14,Pattern 15,Pattern 16,Contact_perimeter_8_Async
4912,4442,4505,4145,4477,4138,4055,3742,4500,4080,4052,3780,4115,3752,3800,3554,65718
2789,3323,3256,4052,3302,3963,3874,4974,3321,3775,4011,5006,4008,5052,4972,6371,64538
623,1336,1246,2923,1270,2934,2793,6759,1316,2831,2978,6631,2919,6655,6739,16096,54954
1318,2205,2146,3646,2241,3469,3595,6045,2171,3519,3598,6062,3585,6157,6011,10281,61564
1818,2529,2575,3802,2564,3991,3625,5632,2626,3710,3883,5593,3716,5582,5729,8674,62892
5656,4829,4853,4101,4788,4101,3948,3429,4814,3923,4051,3478,4181,3413,3414,3070,65194
52979,3011,3007,144,3005,176,180,9,3008,170,177,15,149,13,6,0,13420
39933,5331,5346,731,5355,722,718,94,5317,739,745,88,736,97,80,17,27556
16431,6795,6756,2863,6772,2877,2899,1193,6809,2862,2879,1191,2833,1207,1207,475,54904
1383,2183,2207,3661,2242,3664,3677,5914,2242,3599,3640,6016,3567,6051,5973,10030,61912
32,160,125,900,173,856,718,5140,135,709,929,5114,877,5162,5115,39904,27540
3590,3659,3742,4162,3747,4001,4013,4513,3661,3996,4004,4613,4155,4618,4515,5060,65408
24950,6882,6906,1881,6888,1889,1902,500,6914,1880,1839,546,1867,528,532,145,44736
6098,4998,4833,4059,4933,3969,4021,3387,4956,3978,4111,3265,4001,3365,3345,2730,65220
19563,6879,6945,2561,6944,2516,2414,839,6928,2409,2466,910,2513,909,888,365,50944
1563,2474,2391,3715,2441,3690,3671,5812,2430,3570,3784,5830,3709,5880,5768,9321,62406
387,986,954,2498,949,2555,2455,6898,960,2434,2576,6887,2529,6882,6872,19227,51324
53,252,226,1268,249,1163,1036,5995,241,1065,1197,5940,1256,5963,5984,34161,33936
241,755,766,2325,771,2304,2153,6871,783,2143,2281,6892,2292,6897,6899,21676,48428
33918,6186,6112,1122,6117,1098,1143,209,6182,1064,1107,214,1121,219,205,32,34306
4,53,44,465,51,423,239,3500,50,255,433,3475,461,3482,3497,49617,16922
10018,5981,5935,3792,6030,3624,3556,2199,5982,3592,3718,2117,3696,2212,2200,1397,61782
596,1290,1315,3131,1336,2962,2940,6681,1349,2933,2924,6713,3051,6734,6740,15354,55972
5193,4616,4641,4069,4675,4139,4096,3648,4633,4192,4156,3577,4018,3611,3665,3120,66024
46,199,197,1089,206,1072,853,5610,203,852,1077,5609,1076,5618,5614,36728,30980
1697,2465,2451,3601,2344,3718,3618,5900,2367,3639,3709,5865,3806,5758,5802,9309,62300
12267,6329,6355,3433,6344,3361,3292,1835,6375,3366,3304,1787,3398,1776,1881,946,59494
586,1296,1246,2892,1246,2886,2789,6842,1264,2858,2918,6723,2924,6723,6810,16046,55064
392,962,965,2594,970,2605,2403,6851,964,2402,2608,6855,2587,6860,6853,19178,51284
315,793,767,2324,756,2346,2202,6856,761,2153,2367,6879,2367,6868,6824,21471,48618
2702,3203,3213,3988,3189,4033,3891,5047,3266,3916,3946,5032,3949,5008,5110,6556,64598
32417,6290,6310,1189,6311,1257,1259,237,6310,1275,1238,241,1168,242,257,48,36118
36157,5879,5906,969,5923,910,956,129,5884,948,922,164,947,181,134,40,31756
55728,2408,2413,110,2418,112,96,8,2409,107,116,2,104,7,9,2,10522
42580,4954,4909,576,4921,598,567,72,4959,542,605,52,559,64,77,14,24564
468,1076,1105,2686,1060,2664,2536,6759,1016,2515,2679,6809,2791,6764,6699,18422,52210
19361,6909,6994,2491,6990,2477,2442,927,6920,2554,2462,900,2484,896,938,304,51380
6088,4961,4965,4038,4975,4093,4036,3266,5012,4012,4052,3294,3977,3304,3317,2659,65350
1427,2273,2266,3643,2178,3635,3561,5963,2254,3533,3566,5984,3750,5896,5944,10176,61540
982,1747,1789,3344,1793,3355,3249,6358,1824,3178,3282,6471,3263,6475,6435,12504,58990
4461,4226,4343,4142,4328,4098,4032,3962,4234,4084,4075,4027,4149,4012,3970,3906,65798
4497,4378,4286,4096,4260,4116,4185,3940,4344,4096,4124,3937,4156,3911,3906,3817,66016
1581,2410,2335,3787,2333,3762,3558,5851,2361,3541,3809,5793,3838,5791,5802,9497,62070
23884,6928,6977,1989,6948,1965,1935,606,6943,2003,1921,587,2003,558,621,181,45922
4343,4241,4279,4051,4270,4160,4065,4023,4246,4086,4146,4040,4055,4031,4028,3985,65872
5732,4758,4737,4102,4675,4118,3983,3516,4804,4040,4010,3438,4118,3376,3562,3080,65260
0,13,11,274,12,270,23,1244,10,38,274,1227,276,1228,1241,59908,6202
5113,4563,4523,4176,4572,4113,4022,3682,4663,4008,4062,3656,4027,3705,3782,3382,65584
4175,4279,4196,4220,4210,4083,4026,4109,4192,4034,4184,4018,4293,4032,4022,3976,65958
1471,2329,2391,3713,2339,3635,3713,5869,2303,3685,3609,5959,3791,5907,5843,9492,62484
62,332,314,1381,301,1364,1201,6280,306,1183,1377,6280,1420,6267,6254,31727,36644
127,488,482,1805,488,1741,1614,6592,447,1596,1788,6604,1840,6610,6551,27276,41856
40051,5303,5350,761,5338,714,664,87,5313,682,692,116,763,104,97,14,27330
23158,6969,6965,2057,7003,2040,2059,630,6954,2078,2093,607,2034,645,615,142,46886
28362,6677,6564,1642,6599,1543,1618,394,6702,1537,1553,362,1582,397,419,98,40744
0,6,3,275,8,265,13,960,5,15,271,955,271,960,959,61083,4994
1641,2430,2459,3687,2481,3960,3657,5735,2474,3626,3938,5795,3621,5817,5779,8949,62742
0,24,33,369,25,353,127,2622,21,136,348,2622,380,2614,2619,53756,12556
241,722,724,2120,716,2185,2038,6911,700,2077,2199,6874,2150,6866,6889,22637,47286
692,1456,1435,3119,1479,3092,3039,6544,1469,2986,3123,6576,3062,6620,6557,14800,56582
90,411,395,1571,410,1565,1426,6442,416,1406,1575,6446,1551,6461,6447,29437,39354
13012,6535,6448,3328,6532,3293,3197,1653,6518,3153,3394,1610,3261,1694,1636,785,58602
9741,5959,6012,3708,6025,3630,3602,2227,5978,3596,3624,2286,3676,2299,2246,1440,62066
20,130,137,848,123,830,586,5062,113,592,833,5063,879,5049,5045,40739,26468
14596,6669,6761,3080,6737,3104,3023,1360,6673,3054,3076,1421,3100,1397,1364,634,56896
32467,6278,6238,1223,6216,1255,1301,258,6274,1269,1237,250,1249,228,254,52,36100
4715,4387,4372,4089,4341,4110,4008,3910,4397,3961,4069,3942,4110,3911,3920,3807,65496
36,168,157,980,159,964,760,5460,159,773,975,5436,987,5438,5451,38146,29400
4939,4547,4478,4162,4532,4049,4156,3753,4593,4109,4057,3731,4062,3785,3799,3297,66078
193,623,620,2086,595,2090,1978,6663,638,1809,2050,6829,2096,6804,6678,24297,45346
1953,2731,2696,3924,2725,3784,3756,5554,2631,3785,3913,5490,3995,5519,5454,8139,63498
11527,6255,6228,3386,6195,3559,3475,1954,6230,3479,3551,1923,3444,1890,1929,1024,60452
14762,6743,6705,3020,6652,3041,3042,1419,6697,3025,3034,1398,3119,1345,1373,674,56680
5329,4608,4624,4100,4667,4102,4092,3568,4669,4068,4084,3608,3996,3651,3629,3254,65626
35015,6017,6025,1040,6034,1034,1018,175,6042,1028,1018,173,1006,182,200,42,33038
13534,6484,6538,3280,6548,3212,3207,1535,6531,3201,3175,1595,3223,1605,1582,799,58124
12103,6454,6448,3342,6401,3459,3339,1766,6435,3365,3431,1734,3408,1687,1747,930,59720
2349,3065,2965,3945,2981,3946,3922,5254,3081,3881,3946,5195,3913,5211,5270,7125,64378
46646,4243,4267,366,4262,366,381,36,4245,407,359,34,369,29,38,1,20190
14440,6580,6611,3098,6601,3135,3070,1474,6576,3136,3129,1439,3112,1429,1470,749,57066
1856,2640,2590,3788,2544,3750,3666,5778,2550,3750,3794,5644,3924,5598,5688,8489,63120
2343,3136,3010,4064,2982,3942,3941,5240,3096,3863,3954,5192,4132,5164,5200,6790,64720
4931,4522,4543,4121,4617,4082,4119,3704,4554,4100,4124,3744,4015,3818,3736,3319,66018
45292,4475,4456,478,4469,436,443,43,4473,427,451,40,467,53,41,5,21622
2004,2761,2703,3848,2732,3893,3770,5531,2723,3732,3960,5511,3857,5540,5493,7991,63556
1985,2808,2798,3944,2791,3807,3874,5514,2789,3866,3819,5512,3970,5505,5495,7572,64232
39617,5401,5405,704,5404,766,748,95,5411,765,755,82,695,81,105,15,27930
1215,2030,2061,3649,2041,3561,3396,6105,2117,3366,3454,6166,3582,6146,6192,10968,60628
39108,5470,5503,774,5507,726,748,114,5468,799,732,96,772,100,112,20,28468
707,1471,1467,3077,1501,3151,3019,6589,1491,3013,3165,6591,3023,6625,6609,14550,56824
22496,6929,6985,2155,6965,2166,2128,654,6910,2175,2165,663,2194,643,635,186,47670
41735,5087,5048,582,5046,647,645,81,5087,597,645,90,584,88,81,6,25550
16036,6790,6799,2812,6808,2907,2837,1306,6741,2888,2965,1264,2852,1273,1257,514,55224
170,561,531,1846,519,1886,1738,6748,543,1718,1892,6738,1876,6726,6730,25827,43508
496,1105,1103,2700,1154,2705,2652,6858,1089,2715,2772,6793,2665,6844,6842,17556,53364
3458,3708,3795,4128,3774,4109,4118,4425,3768,4088,4028,4542,4089,4521,4485,5013,65784
13737,6589,6599,3260,6651,2999,3102,1598,6585,3170,3055,1540,3212,1592,1594,766,57818
4403,4222,4256,4063,4201,4142,4072,4022,4175,4057,4134,4071,4165,4016,3975,4075,65700
9873,5959,6065,3764,6088,3609,3516,2179,6003,3582,3588,2219,3697,2242,2223,1442,61832
10452,6075,6192,3580,6060,3694,3565,2017,6088,3511,3549,2188,3699,2056,2030,1293,61380
466,1071,1069,2707,1059,2744,2465,6825,1068,2490,2737,6798,2720,6788,6822,18220,52318
15,78,66,603,75,564,383,4099,71,377,580,4093,601,4102,4092,46250,20544
1639,2510,2386,3713,2434,3708,3751,5796,2437,3640,3829,5783,3738,5831,5723,9131,62670
1138,1972,2032,3551,2033,3556,3399,6160,2004,3427,3525,6192,3518,6193,6192,11157,60580
36652,5819,5854,892,5831,930,872,162,5789,901,937,168,945,145,132,20,31150
33,192,185,1029,182,1008,838,5591,171,853,1026,5569,1053,5566,5570,37183,30524
4583,4368,4331,4100,4395,4194,4195,3856,4458,4177,4168,3837,3946,3901,3946,3594,66244
20327,6957,6955,2409,7019,2318,2389,829,6962,2461,2377,755,2340,819,834,298,50274
17930,6867,6908,2681,6848,2705,2635,1038,6866,2630,2646,1084,2742,1024,1037,408,52976
33296,6214,6223,1163,6211,1200,1145,205,6242,1130,1160,229,1147,217,233,34,34994
1651,2327,2435,3884,2425,3793,3580,5749,2386,3628,3724,5809,3835,5799,5808,9216,62390
4303,4172,4171,4089,4117,4129,4007,4093,4148,3920,4099,4179,4167,4125,4069,4261,65412
2062,2828,2858,3785,2757,4001,3870,5426,2808,3824,3920,5502,3906,5401,5406,7695,63986
1693,2524,2490,3745,2503,3740,3587,5803,2502,3619,3775,5737,3754,5750,5781,9046,62516
4246,4208,4170,4238,4190,4174,3948,4071,4303,3919,4099,4062,4123,4082,4166,4050,65620
8186,5599,5521,3776,5566,3849,3825,2712,5538,3798,3955,2661,3792,2706,2651,1914,63572
2324,3121,3018,4018,3061,3921,3970,5223,3038,3968,4047,5122,4058,5165,5140,6855,64808
19695,6905,6909,2463,6904,2432,2517,888,6892,2490,2440,919,2481,914,875,325,51036
19393,6913,6954,2447,6935,2521,2458,923,6896,2494,2519,928,2483,909,906,370,51238
15403,6815,6799,2948,6828,2921,2893,1329,6705,2907,3060,1299,3029,1328,1219,566,55880
17744,6885,6894,2707,6873,2713,2702,1010,6947,2630,2630,1091,2666,1070,1072,415,53222
56492,2262,2247,90,2246,84,93,6,2257,80,88,4,96,3,1,0,9730
41201,5130,5127,685,5123,664,662,79,5131,662,659,76,688,72,80,10,26162
4,15,14,269,13,276,34,1398,10,32,280,1399,275,1398,1393,59239,6872
11221,6234,6199,3496,6210,3488,3513,1971,6249,3530,3484,1919,3470,1930,1986,1149,60722
44858,4568,4586,424,4587,465,461,43,4577,491,457,31,414,32,52,3,22140
34461,6001,6085,1095,6082,1111,1060,196,6008,1149,1101,191,1091,188,203,27,33770
10073,6006,6085,3625,6085,3714,3490,2188,6046,3591,3674,2166,3585,2166,2228,1327,61730
5312,4645,4629,4065,4691,4130,4096,3537,4726,4045,4111,3572,3922,3634,3618,3316,65562
14514,6633,6623,3098,6582,3188,3127,1395,6678,3092,3102,1420,3094,1379,1440,684,57070
2370,2969,2969,3968,2917,4026,3863,5211,2942,3825,4001,5249,4047,5197,5184,7311,64056
9589,5891,5921,3708,5893,3721,3520,2354,5893,3527,3691,2377,3734,2349,2356,1525,61982
7081,5256,5281,4006,5297,3939,3877,2992,5263,3930,3948,2964,3983,2980,2999,2253,64522
4489,4271,4275,4098,4271,4137,3999,4009,4249,3961,4155,4051,4124,4047,3987,3926,65594
3157,3596,3728,4076,3704,4059,4029,4578,3649,4009,3982,4730,4047,4706,4631,5368,65562
414,1038,1025,2735,1071,2611,2522,6901,1028,2541,2667,6869,2699,6915,6891,18122,52576
1024,1924,1832,3337,1817,3391,3370,6367,1868,3385,3432,6260,3408,6245,6311,12078,59702
1,5,3,255,5,250,2,394,3,2,254,392,255,394,392,63442,2610
4291,4164,4089,4234,4116,4096,4158,4072,4199,4141,4088,4014,4172,4041,4107,4067,65990
5561,4739,4651,4074,4734,4028,4015,3595,4715,4002,4135,3520,4015,3603,3571,3091,65414
6513,5121,5118,3947,5116,3999,4021,3165,5089,4059,4029,3124,3981,3122,3133,2512,65104
19200,6881,6927,2574,6950,2470,2466,941,6860,2513,2514,940,2572,963,920,358,51470
27156,6784,6763,1652,6732,1737,1668,411,6758,1630,1732,428,1709,397,385,107,42084
2971,3442,3477,4050,3425,4083,4050,4785,3440,4011,4033,4859,4104,4807,4783,5729,65410
6014,4828,4807,4069,4812,4057,4049,3377,4839,3977,4051,3428,4053,3433,3388,2867,65194
9984,5911,5990,3685,5951,3640,3611,2228,5899,3640,3613,2278,3736,2239,2216,1428,61888
4852,4494,4394,4065,4457,4093,3994,3903,4482,4139,4168,3658,4014,3721,3891,3724,65606
26297,6808,6835,1809,6817,1742,1786,414,6836,1781,1696,446,1799,428,442,113,43206
2029,2801,2767,3965,2809,3826,3773,5572,2773,3901,3896,5410,3951,5452,5544,7580,64114
4610,4294,4284,4023,4232,4121,4135,3932,4248,4020,4115,4037,4121,3985,3886,4006,65588
5568,4725,4710,4019,4699,4108,3987,3602,4746,4036,4076,3538,4009,3527,3623,3076,65428
29639,6575,6511,1475,6504,1441,1501,361,6585,1481,1424,317,1472,310,371,82,39310
691,1539,1525,3093,1456,3226,3047,6626,1490,2969,3206,6690,3211,6621,6577,14082,57292
3911,3973,3884,4247,3943,4080,4236,4229,4014,4121,4098,4255,4147,4314,4270,4327,66168
10785,6197,6164,3514,6161,3590,3461,2066,6178,3480,3606,2014,3536,2011,2047,1239,60966
2,26,22,349,36,321,109,2434,32,109,329,2430,329,2444,2440,54637,11628
490,974,1003,2668,980,2682,2464,6875,1005,2533,2628,6835,2660,6812,6906,18534,52022
2326,3004,3096,4030,3055,3990,3973,5109,3055,3947,3898,5227,4020,5186,5160,6973,64670
1128,1929,1974,3466,1963,3471,3317,6211,1940,3305,3449,6268,3466,6257,6222,11683,59860
4845,4454,4427,4085,4422,4102,4093,3852,4398,4147,4153,3771,4146,3766,3796,3592,65852
33188,6252,6210,1133,6177,1204,1192,231,6251,1137,1172,244,1167,211,230,50,35140
49759,3673,3645,251,3642,256,311,12,3676,279,250,16,251,13,15,0,16880
4239,4186,4005,4180,4132,3944,4169,4177,4181,4110,4076,4055,4058,4182,4172,4183,65906
11945,6279,6366,3432,6350,3521,3319,1791,6395,3379,3389,1818,3332,1802,1907,1024,59778
5399,4579,4598,4218,4681,4039,4001,3572,4590,4009,4111,3583,4124,3666,3583,3296,65364
17721,6775,6773,2732,6772,2711,2738,1101,6777,2748,2708,1089,2731,1088,1103,482,53332
4992,4510,4418,4071,4411,4186,4064,3796,4512,4001,4177,3767,4076,3760,3798,3510,65612
3031,3470,3451,4052,3412,4195,3987,4785,3492,3976,4134,4777,4069,4738,4807,5673,65308
2682,3305,3365,4032,3306,4174,4019,4865,3402,4036,4018,4908,3994,4849,4962,6132,65290
2092,2864,2845,3962,2900,3978,3769,5420,2935,3848,3962,5322,3836,5377,5491,7448,64126
11930,6357,6327,3447,6336,3401,3439,1801,6402,3386,3365,1824,3393,1833,1846,962,59982
8770,5734,5738,3788,5796,3741,3862,2442,5693,3867,3840,2441,3771,2499,2401,1666,63342
20895,6933,6998,2239,6970,2392,2347,764,6933,2382,2364,794,2267,766,764,241,49642
4476,4283,4284,4188,4340,3999,4003,4024,4216,4040,4122,3988,4199,4044,3957,3886,65730
27834,6724,6661,1647,6652,1592,1638,422,6721,1581,1586,416,1659,407,419,90,41344
35985,5901,5885,1009,5894,934,975,159,5900,964,944,154,1001,163,158,23,31980
0,20,22,283,17,274,52,1683,14,45,275,1692,294,1687,1677,58014,8132
4001,4004,4055,4141,4055,4172,4070,4179,3978,4059,4198,4241,4167,4241,4153,4335,65842
5179,4572,4671,4123,4688,4066,4001,3671,4594,4147,4061,3624,4084,3641,3693,3234,65784
13814,6605,6467,3232,6503,3147,3130,1593,6553,3055,3235,1530,3248,1566,1541,830,57590
21224,7047,7040,2271,6983,2236,2234,772,7011,2248,2215,751,2364,694,736,223,49084
29243,6649,6604,1473,6650,1479,1503,323,6639,1487,1535,294,1437,340,313,80,39716
174,601,571,1992,574,1977,1750,6729,576,1728,2005,6721,2014,6724,6704,25209,44144
378,907,967,2549,962,2559,2342,6901,898,2427,2563,6876,2563,6871,6892,19394,51046
653,1311,1293,2971,1276,2975,2853,6764,1327,2905,2942,6694,2972,6677,6780,15656,55498
27000,6784,6762,1713,6751,1659,1718,432,6797,1699,1635,429,1711,418,445,96,42370
14969,6652,6688,3033,6636,3069,3030,1369,6686,2997,2983,1438,3051,1386,1403,659,56448
3339,3678,3682,3930,3618,4082,4064,4679,3605,4116,4091,4631,4067,4567,4606,5294,65596
138,488,511,1834,507,1790,1669,6591,482,1591,1792,6692,1844,6688,6585,26847,42324
64,222,236,1141,229,1156,933,5815,222,949,1149,5813,1148,5806,5815,35351,32516
680,1494,1446,3128,1479,2987,2995,6642,1462,2983,3052,6606,3127,6639,6610,14719,56628
62087,970,974,10,974,11,14,0,970,18,11,0,10,0,0,0,3994
6356,5077,5113,3986,5153,3920,4034,3197,5109,4026,3928,3241,3914,3281,3229,2485,65268
282,745,722,2289,738,2214,2136,6808,741,2062,2234,6859,2277,6875,6804,22263,47702
977,1806,1782,3484,1804,3338,3137,6388,1782,3229,3384,6272,3486,6294,6364,12522,58916
2409,3012,2965,4103,3027,3928,3962,5190,3014,3878,3988,5227,4039,5289,5192,6826,64654
38337,5623,5577,795,5574,823,832,109,5610,780,833,115,811,112,96,22,29302
7397,5300,5331,4062,5332,3825,3870,2902,5247,3860,3879,2943,4114,2944,2849,2194,64188
4013,4061,3999,4267,3986,4053,4021,4258,4065,4021,4036,4196,4276,4183,4262,4352,65726
1291,2059,2192,3551,2178,3584,3437,6113,2025,3511,3604,6172,3599,6158,6079,10496,61210
31456,6422,6482,1221,6455,1289,1280,295,6398,1362,1286,273,1272,246,271,41,37194
1202,2080,2025,3554,2068,3527,3465,6182,2047,3517,3603,6075,3544,6118,6149,10893,60936
4,23,16,346,24,329,101,2381,15,106,345,2369,346,2377,2373,54894,11358
0,10,7,266,12,271,31,1263,8,26,278,1265,263,1270,1261,59818,6288
22095,7022,6978,2197,7000,2154,2197,659,7047,2162,2151,650,2150,672,684,231,48082
11376,6303,6331,3500,6380,3424,3397,1900,6253,3449,3523,1876,3501,1925,1850,1061,60458
5157,4594,4522,4215,4536,4024,4013,3718,4571,3966,4061,3693,4224,3707,3695,3353,65518
9483,5733,5855,3732,5879,3760,3743,2318,5808,3798,3709,2385,3633,2409,2393,1411,62696
55781,2395,2404,113,2410,104,94,8,2390,108,115,3,112,9,3,0,10470
14247,6740,6655,3121,6688,3112,3027,1471,6734,3022,3151,1391,3094,1424,1465,707,57144
14049,6529,6722,3120,6665,3255,3096,1425,6550,3208,3177,1506,3156,1449,1446,696,57608
4326,4228,4195,3977,4124,4200,4210,4108,4173,4241,4184,4044,4103,3973,4053,3910,66264
47,200,228,1112,219,1167,922,5797,213,942,1145,5805,1108,5796,5810,35538,32328
2318,3035,2959,4047,3015,3943,3929,5298,3016,4045,4018,5106,4010,5162,5279,6869,64836
13492,6647,6655,3075,6617,3326,3153,1524,6693,3128,3242,1557,3067,1519,1570,784,58054
54884,2601,2605,111,2603,133,127,2,2604,129,128,4,110,2,5,1,11420
13706,6586,6596,3171,6647,3150,3170,1540,6608,3192,3179,1528,3098,1579,1562,737,57968
5998,4911,4867,4088,4883,4062,4001,3357,4890,3938,4099,3376,4093,3392,3336,2758,65232
3061,3560,3519,4087,3521,4021,4124,4721,3503,4048,4080,4756,4142,4758,4664,5484,65676
24796,6898,6855,1936,6836,1884,1937,536,6875,1881,1888,549,1978,530,513,157,44914
36685,5810,5774,935,5748,931,946,161,5780,913,935,158,991,132,131,19,31204
42679,4935,4938,568,4922,530,589,69,4926,595,523,66,593,50,60,6,24548
848,1631,1679,3313,1649,3175,3052,6490,1614,3117,3162,6473,3360,6443,6473,13570,57800
6959,5160,5216,4083,5255,4020,3905,2957,5240,3952,3979,2966,3964,3005,3037,2351,64596
31,118,143,884,123,815,607,4995,130,636,783,4991,892,4971,5007,40923,26338
16,104,130,752,108,812,540,4902,110,584,784,4884,768,4862,4908,41785,25372
12137,6317,6338,3398,6378,3385,3260,1856,6308,3310,3434,1827,3367,1867,1847,1020,59462
56467,2264,2259,83,2258,98,84,3,2267,78,94,4,81,3,6,0,9744
18414,6830,6945,2498,6918,2739,2500,1038,6802,2601,2740,1052,2553,1025,1010,384,52352
8300,5553,5728,3748,5655,3952,3775,2569,5610,3863,3822,2656,3764,2583,2626,1845,63542
16515,6834,6755,2863,6765,2795,2888,1212,6824,2840,2815,1181,2863,1191,1202,506,54756
106,383,350,1573,373,1521,1362,6422,379,1416,1548,6335,1554,6358,6418,29951,38770
43210,4876,4853,511,4843,519,557,60,4873,528,512,66,524,56,57,4,23920
14097,6639,6667,3049,6670,3146,3070,1523,6612,3142,3176,1479,3073,1482,1496,728,57436
5,68,53,467,67,462,294,3663,51,277,493,3665,470,3679,3646,48689,17926
1130,1943,2005,3459,1979,3499,3428,6250,1919,3471,3497,6269,3509,6243,6226,11222,60596
623,1359,1383,2966,1350,3010,2939,6747,1342,2914,2994,6796,3016,6763,6730,15117,56162
25453,6841,6774,1836,6754,1887,1916,509,6863,1824,1845,534,1834,514,531,134,44202
14484,6639,6740,3079,6717,3124,3091,1384,6649,3186,3091,1390,3092,1367,1394,622,57220
25675,6844,6742,1861,6729,1876,1888,494,6832,1799,1875,481,1886,468,482,117,43944
4974,4568,4595,4082,4649,3960,4148,3737,4534,4201,4048,3711,4062,3765,3703,3312,66112
361,950,1001,2582,994,2671,2450,6776,1019,2468,2595,6809,2520,6802,6845,19206,51400
48609,3870,3882,311,3884,304,311,14,3867,313,309,24,312,26,11,2,18062
789,1586,1531,3178,1561,3180,3161,6576,1573,3103,3223,6579,3161,6609,6563,13676,57848
7809,5468,5497,3917,5456,3967,3666,2816,5507,3736,3887,2775,3919,2734,2855,2040,63602
2647,3345,3247,4039,3296,3915,3904,5111,3293,3955,4016,4962,4042,5011,5059,6207,65054
12523,6388,6382,3341,6339,3448,3311,1742,6407,3308,3386,1739,3365,1696,1761,913,59232
3695,3880,3848,4213,3920,4043,4003,4381,3905,4032,4090,4320,4116,4392,4406,4805,65584
4679,4366,4444,4122,4416,4072,4047,3850,4392,4118,4018,3857,4124,3829,3876,3839,65696
4268,4228,4137,4176,4157,4095,4150,4011,4197,3939,4146,4131,4187,4151,3980,4096,65774
5349,4688,4681,4076,4585,4153,3956,3669,4720,4005,4025,3613,4140,3517,3701,3171,65490
3286,3730,3618,4161,3666,4122,3913,4644,3759,3937,4141,4508,4084,4556,4673,5251,65362
10446,6088,6067,3585,6071,3615,3588,2131,6033,3603,3674,2095,3636,2099,2076,1242,61552
39799,5345,5333,776,5353,714,719,110,5326,718,753,99,775,119,91,19,27668
39073,5567,5512,739,5520,699,771,112,5549,734,725,94,749,102,94,9,28472
1762,2492,2569,3873,2602,3792,3610,5646,2520,3668,3797,5665,3812,5698,5674,8869,62696
44845,4566,4546,475,4554,460,470,45,4569,459,465,36,464,44,48,3,22130
24729,6868,6855,1926,6905,1888,1917,544,6845,1932,1961,516,1899,566,521,177,44992
25428,6775,6820,1857,6785,1885,1890,507,6779,1920,1846,522,1888,487,511,149,44282
35106,6014,6007,1046,5995,1047,1017,169,6019,1013,1030,166,1053,154,174,39,32934
580,1316,1276,2974,1307,2818,2818,6750,1281,2823,2884,6705,2978,6736,6715,16088,55022
473,1237,1165,2841,1192,2851,2796,6785,1184,2786,2931,6723,2867,6750,6732,16736,54422
2182,2840,2797,3920,2936,3853,3673,5502,2834,3825,3998,5307,3787,5446,5496,7653,63712
11510,6186,6227,3515,6206,3492,3351,1991,6164,3460,3493,1923,3558,1902,1969,1102,60248
13555,6620,6569,3224,6609,3178,3171,1582,6599,3198,3239,1504,3205,1544,1561,691,58172
2188,2907,2911,3888,2937,3897,3832,5437,2826,3871,4004,5402,3943,5428,5356,7222,64342
637,1356,1383,3121,1349,2937,2905,6753,1330,2901,2929,6784,3181,6750,6727,15006,56212
6124,4926,5034,4037,4967,4028,4037,3259,4968,4048,3919,3356,4062,3289,3301,2694,65316
4795,4382,4422,4132,4478,3993,4008,3873,4273,4031,4158,3890,4185,3946,3764,3719,65574
0,6,5,278,10,260,18,1152,8,20,263,1149,271,1154,1154,60301,5786
5401,4598,4700,4112,4720,4029,3989,3594,4652,4069,3995,3616,4038,3636,3648,3252,65454
597,1343,1328,2994,1324,3006,2880,6672,1344,2893,3001,6644,2997,6640,6673,15713,55512
1312,2142,2117,3653,2112,3568,3586,6015,2201,3545,3504,6031,3599,6026,6074,10564,61304
2618,3221,3144,4108,3156,3984,3967,5039,3214,3917,4003,5012,4103,5024,5032,6507,64808
64262,442,441,5,441,3,3,0,442,2,3,0,5,0,0,0,1792
734,1457,1457,3107,1475,3269,3088,6502,1461,2979,3283,6611,3085,6629,6506,14406,56976
14831,6815,6713,2975,6645,3142,2986,1380,6784,2867,3105,1397,3074,1329,1349,657,56414
442,1074,1081,2828,1080,2740,2624,6763,1150,2595,2663,6799,2753,6798,6839,17820,53006
46964,4158,4180,380,4187,370,371,33,4157,398,378,28,374,35,32,4,19850
5545,4681,4767,3977,4755,4125,3984,3525,4679,4010,4115,3585,3991,3573,3523,3214,65284
8376,5696,5763,3816,5718,3729,3797,2573,5702,3811,3678,2626,3855,2581,2579,1749,63532
7304,5331,5239,3912,5293,3904,3880,2996,5232,3837,4057,2947,3957,3001,2897,2262,64200
63647,597,593,4,593,3,6,0,597,2,3,0,4,0,0,0,2410
3504,3817,3812,4133,3775,4168,4070,4398,3861,3967,4087,4496,4126,4459,4442,4934,65648
7295,5309,5352,3961,5256,3984,3838,2967,5336,3893,3861,2955,4030,2859,2994,2159,64326
4102,3981,4005,4217,3919,4123,4007,4262,4023,4030,3995,4263,4261,4177,4304,4380,65604
4647,4294,4371,4111,4377,4130,4059,3875,4311,4051,4119,3960,4088,3966,3892,3798,65714
19901,6940,6927,2412,6889,2371,2474,920,6895,2467,2378,914,2495,876,875,315,50774
2057,2772,2772,3998,2810,3805,3713,5488,2795,3746,3820,5455,3937,5493,5511,7877,63574
2,41,41,448,55,451,238,3560,48,265,458,3533,427,3547,3567,49368,17182
102,369,350,1497,315,1558,1358,6474,351,1406,1541,6407,1550,6372,6456,29943,38768
36653,5760,5793,972,5799,919,910,152,5751,941,934,154,975,160,143,33,31214
8997,5834,5750,3770,5758,3772,3713,2480,5835,3632,3779,2477,3761,2485,2481,1525,62872
4587,4277,4242,4291,4264,4036,4209,3875,4316,4139,4019,3910,4230,3932,3914,3808,66002
3949,3972,4071,4125,4022,4118,4049,4233,3982,4121,4059,4260,4164,4211,4243,4470,65800
4004,4206,4086,4097,4018,4027,4096,4299,4082,4052,4083,4223,4289,4155,4175,4157,66036
175,591,576,1982,594,1964,1924,6794,578,1860,1995,6843,1977,6861,6781,24554,45104
722,1397,1379,3083,1433,3188,2961,6549,1431,2848,3208,6644,2995,6698,6583,14930,56206
16831,6876,6845,2814,6817,2818,2813,1119,6899,2761,2767,1140,2819,1112,1142,476,54316
997,1778,1822,3332,1792,3369,3249,6337,1792,3299,3325,6331,3348,6301,6351,12626,58974
1245,2107,2063,3550,2063,3534,3434,6169,2042,3413,3599,6146,3615,6146,6104,10819,60832
4521,4290,4308,4096,4304,4203,4114,3904,4342,4108,4147,3928,4048,3924,3956,3856,65894
17928,6838,6852,2707,6831,2711,2643,1050,6850,2649,2678,1058,2716,1037,1062,439,52974
64008,505,504,4,504,3,5,0,505,4,3,0,4,0,0,0,2050
30277,6565,6481,1364,6458,1448,1432,313,6557,1352,1433,309,1395,286,305,74,38482
52002,3214,3231,169,3241,193,176,12,3212,197,205,8,161,18,10,0,14420
552,1291,1282,2845,1227,2924,2835,6789,1293,2715,2867,6900,2898,6845,6791,15995,55052
21162,6945,6962,2243,6965,2325,2308,763,6926,2332,2347,756,2259,759,744,253,49274
22295,6920,6970,2254,7037,2091,2095,686,6917,2164,2161,667,2190,734,683,185,47828
2105,2823,2779,3977,2836,3901,3883,5376,2835,3817,3946,5398,3908,5455,5388,7622,64022
1307,2131,2150,3619,2135,3613,3413,6110,2094,3513,3635,6029,3671,6014,6073,10542,61126
1545,2338,2344,3726,2343,3666,3683,5876,2298,3640,3705,5925,3767,5924,5836,9433,62394
427,992,1012,2721,1035,2617,2614,6783,985,2589,2647,6828,2705,6851,6776,18467,52358
21226,7007,7013,2281,6984,2296,2209,752,6963,2212,2311,755,2354,726,708,252,48992
7,58,46,473,52,478,232,3636,57,287,485,3569,468,3575,3635,48991,17570
2323,3067,3073,3974,3099,3984,3962,5205,3028,4008,4049,5165,3987,5191,5166,6768,64928
27400,6819,6726,1625,6733,1645,1663,428,6792,1600,1679,398,1645,405,401,90,41822
6037,4927,4886,3902,4875,4213,3961,3390,4943,3963,4186,3347,3897,3336,3406,2780,65156
8403,5489,5556,3857,5466,3920,3729,2653,5530,3719,3789,2730,3906,2640,2694,1968,63126
9890,5911,5868,3669,5813,3741,3722,2246,5912,3598,3685,2327,3723,2272,2247,1425,62054
4531,4394,4415,4065,4307,4177,4100,3913,4349,4077,4114,3957,4218,3849,3868,3715,65980
11441,6226,6324,3491,6258,3530,3378,1897,6282,3387,3408,1986,3501,1920,1953,1067,60306
7478,5362,5326,3993,5302,3844,3927,2897,5320,3842,3862,2946,4059,2922,2855,2114,64226
508,1236,1192,2906,1221,2865,2794,6784,1260,2750,2870,6784,2853,6813,6808,16405,54680
9,70,78,501,52,543,331,3863,67,312,520,3890,530,3864,3860,47559,19124
154,475,467,1779,470,1771,1648,6620,494,1546,1755,6714,1757,6717,6639,27043,42046
15816,6689,6762,2973,6804,2902,2897,1278,6711,2988,2922,1260,2909,1302,1300,536,55582
1960,2752,2807,3907,2806,3949,3769,5455,2757,3841,3943,5438,3903,5437,5460,7865,63834
90,384,388,1496,355,1512,1361,6451,360,1431,1503,6385,1553,6352,6427,30001,38750
1756,2651,2642,3721,2636,3849,3821,5668,2577,3828,3917,5652,3801,5646,5594,8290,63652
6064,4944,4852,4051,4854,4032,3953,3369,4987,3846,3991,3384,4006,3386,3412,2918,64866
587,1270,1254,2856,1231,2998,2802,6771,1276,2838,2969,6719,2873,6696,6777,16132,54970
65,271,253,1355,286,1370,1198,6237,296,1219,1378,6198,1297,6231,6262,32133,36268
3466,3739,3749,4190,3736,4162,4024,4458,3812,4030,4076,4462,4130,4449,4531,5035,65602
13973,6705,6609,3082,6635,3199,3137,1512,6714,3120,3216,1433,3047,1459,1521,687,57646
4872,4461,4451,4167,4503,4071,3923,3829,4512,3999,4072,3743,4064,3795,3880,3707,65392
31733,6374,6343,1275,6374,1252,1339,265,6382,1317,1275,256,1236,287,273,68,36904
4847,4461,4336,4041,4375,4008,4157,3895,4394,4076,4114,3851,4069,3890,3828,3707,65728
4465,4334,4245,4168,4239,4009,3923,4124,4264,3957,4073,4001,4244,3995,4054,3954,65510
6062,4857,4927,4014,4901,3963,3974,3391,4815,3982,3979,3453,4082,3427,3349,2873,65070
33800,6152,6154,1129,6177,1114,1119,209,6153,1133,1136,197,1105,220,210,41,34460
1758,2550,2594,3773,2572,3759,3729,5720,2523,3788,3764,5705,3822,5683,5693,8616,63192
1,3,4,254,6,258,3,540,7,2,256,542,248,544,544,62837,3216
7575,5422,5389,3851,5323,3901,3960,2871,5412,3915,3845,2883,3927,2817,2861,2097,64252
660,1313,1317,3109,1383,3075,2907,6636,1373,2940,3081,6607,2983,6673,6696,15296,55940
240,635,670,2175,676,2132,2009,6817,664,1950,2109,6911,2140,6917,6846,23158,46610
21838,7014,7027,2217,6992,2168,2228,678,7032,2227,2115,692,2234,657,696,234,48432
27561,6691,6754,1696,6770,1600,1614,398,6706,1672,1601,403,1665,419,413,86,41688
1208,2012,2062,3502,2054,3551,3520,6069,2067,3448,3488,6191,3455,6183,6124,11115,60694
3903,3995,4026,4011,4011,4188,4063,4282,3954,4086,4214,4290,4067,4275,4241,4443,65852
9381,5793,5864,3682,5882,3680,3580,2481,5723,3733,3768,2399,3734,2417,2411,1521,62460
1715,2509,2500,3865,2556,3865,3607,5688,2593,3704,3837,5582,3725,5638,5772,8893,62752
29,181,173,944,161,1034,791,5432,175,819,1028,5396,962,5384,5426,38114,29516
7,48,42,373,34,401,146,2936,30,164,411,2912,399,2904,2918,52324,14028
17083,6806,6849,2692,6812,2838,2730,1178,6774,2793,2833,1158,2761,1121,1146,475,54014
8335,5617,5679,3733,5632,3851,3823,2649,5579,3911,3842,2623,3818,2576,2611,1770,63678
7231,5343,5239,3851,5237,3948,3910,3007,5250,3838,4039,2975,3946,2973,2914,2348,64218
6856,5164,5075,4049,5137,3884,3950,3116,5128,3889,3982,3088,4023,3150,3080,2478,64554
30425,6556,6555,1328,6536,1347,1415,297,6544,1395,1340,316,1359,297,285,54,38380
27358,6700,6699,1643,6662,1741,1693,415,6705,1643,1699,464,1675,427,420,105,41922
296,831,850,2412,863,2399,2277,6815,879,2252,2364,6859,2351,6872,6863,20866,49416
6338,5095,4937,3976,4937,3980,4089,3271,5056,3953,4019,3249,4015,3249,3232,2653,65100
4550,4340,4244,4202,4344,4008,3988,4018,4281,4013,4167,3897,4161,3997,3959,3880,65620
379,905,965,2590,927,2568,2439,6842,942,2469,2493,6872,2591,6834,6879,19354,51224
26599,6779,6750,1759,6754,1734,1723,466,6752,1696,1765,464,1782,468,439,119,42750
3709,3858,3940,4047,3888,4138,4153,4344,3869,4189,4075,4390,4088,4338,4355,4668,66014
5746,4713,4711,4062,4702,4073,4032,3513,4733,4010,4044,3533,4051,3524,3533,3069,65276
24601,6860,6830,1965,6844,1960,1962,543,6899,1955,1935,520,1912,534,582,147,45218
5111,4598,4690,4056,4670,4049,4083,3625,4607,4109,4020,3691,4067,3671,3634,3368,65762
5597,4712,4749,4117,4733,4183,4010,3469,4736,4061,4143,3455,4109,3439,3493,3043,65480
153,476,474,1792,474,1826,1719,6685,508,1711,1794,6691,1760,6691,6717,26578,42748
1130,1962,2056,3439,1961,3618,3281,6261,1965,3347,3520,6289,3531,6194,6264,11231,60316
6121,4984,4965,3982,4964,3959,4017,3350,4947,3983,3995,3365,4020,3364,3313,2720,65208
43,209,210,1109,212,1042,914,5735,206,964,1047,5686,1110,5688,5732,36142,31742
58070,1904,1888,67,1889,67,66,2,1905,49,67,3,65,4,3,0,8094
1916,2754,2772,3853,2801,3905,3834,5445,2772,3845,3916,5452,3806,5481,5463,8034,63778
0,3,7,255,2,261,3,374,6,1,253,380,257,375,377,63495,2558
8973,5787,5679,3787,5718,3700,3814,2491,5710,3771,3816,2426,3825,2465,2414,1673,62988
345,952,943,2487,925,2529,2436,6763,966,2292,2497,6898,2491,6880,6777,19868,50564
752,1583,1563,3283,1642,3208,3134,6563,1573,3205,3297,6472,3214,6551,6553,13456,58180
2490,3092,3135,4036,3151,3994,3938,5113,3131,4041,3971,5053,3981,5069,5152,6702,64836
1245,2074,2101,3480,2064,3521,3498,6150,2122,3518,3436,6157,3469,6120,6198,10896,60924
286,744,749,2226,740,2271,2043,6828,726,2016,2280,6860,2253,6851,6810,22366,47456
3550,3828,3814,4097,3855,4044,4037,4507,3749,4079,4164,4451,4135,4492,4428,4819,65796
9123,5825,5826,3759,5807,3735,3724,2424,5785,3723,3756,2426,3818,2407,2384,1527,62846
585,1316,1218,2977,1279,2947,2814,6709,1321,2784,3003,6641,2911,6702,6714,16128,54934
1915,2644,2602,3907,2588,3846,3706,5613,2697,3687,3779,5590,3868,5576,5666,8365,63162
53702,2843,2838,165,2837,158,151,13,2841,154,159,5,168,4,11,0,12652
43167,4850,4847,549,4866,516,537,63,4852,546,533,51,528,70,65,9,23956
3019,3508,3427,4084,3390,4117,4141,4734,3516,3928,4072,4866,4113,4829,4742,5563,65536
9929,6012,6006,3646,5983,3680,3652,2184,6052,3582,3617,2248,3629,2225,2224,1380,61974
6402,4943,5042,3982,5028,4019,3897,3281,4909,4001,4039,3276,4030,3262,3247,2691,64854
11202,6192,6193,3477,6187,3577,3499,1977,6266,3503,3497,1974,3409,1968,2051,1077,60772
9166,5822,5852,3728,5825,3731,3678,2423,5810,3715,3716,2416,3767,2389,2411,1600,62676
8064,5490,5501,3970,5536,3851,3795,2723,5493,3850,3883,2679,3932,2714,2726,1842,63788
58,202,191,1074,205,1048,930,5737,215,933,1049,5723,1047,5737,5750,36150,31704
3427,3750,3734,4156,3771,4124,4110,4435,3704,4034,4207,4495,4165,4532,4389,5016,65750
1916,2737,2708,3920,2785,3845,3724,5514,2754,3709,3905,5500,3826,5577,5531,8098,63468
46598,4259,4195,425,4192,374,421,42,4270,356,360,43,417,40,53,4,20224
0,8,8,291,9,266,27,1290,10,23,265,1294,288,1295,1292,59683,6416
38477,5567,5529,826,5538,817,824,113,5593,788,800,111,791,120,139,16,29168
805,1536,1531,3154,1511,3181,3082,6552,1546,3021,3151,6608,3164,6588,6562,14057,57290
6289,4928,5008,3943,4941,4143,3943,3255,4939,3932,4065,3346,3999,3279,3266,2773,64862
276,815,836,2341,799,2379,2115,6906,825,2201,2332,6841,2368,6804,6916,21295,48794
2125,2863,2842,3987,2874,3998,3848,5304,2916,3825,3977,5306,3902,5338,5357,7587,64010
1922,2669,2693,3822,2677,3950,3787,5539,2655,3801,3948,5549,3852,5533,5525,8127,63588
4790,4452,4403,4129,4445,4087,3988,3873,4449,4033,4132,3779,4090,3821,3870,3708,65572
126,446,439,1687,421,1658,1532,6533,432,1480,1654,6578,1719,6560,6519,28265,40670
1209,2116,2148,3539,2094,3547,3460,6184,2079,3505,3530,6171,3630,6117,6147,10573,61232
107,413,387,1637,412,1644,1452,6515,422,1470,1660,6471,1603,6496,6524,28836,40028
2672,3309,3186,3953,3186,3957,4040,5083,3249,4004,4017,4996,4013,4996,5023,6365,65056
169,512,531,1840,525,1930,1739,6677,544,1721,1892,6714,1814,6708,6709,26024,43316
21,120,105,745,104,790,532,4798,104,548,805,4767,762,4766,4782,42300,24808
8859,5689,5711,3823,5675,3807,3698,2515,5690,3692,3770,2543,3858,2507,2516,1696,62884
31,195,187,1066,193,1000,836,5653,173,841,1028,5640,1082,5646,5631,36847,30848
13201,6514,6563,3197,6502,3257,3253,1643,6530,3293,3180,1652,3242,1591,1659,772,58622
14,68,65,520,63,511,289,3771,77,269,500,3788,513,3786,3780,48035,18558
138,498,481,1826,498,1847,1635,6573,539,1605,1823,6586,1768,6603,6614,27015,42136
6170,4978,5029,4093,5061,4022,4032,3168,5056,3958,3976,3293,3983,3325,3246,2659,65210
5070,4498,4535,4134,4550,4086,4023,3722,4538,4066,4061,3716,4079,3731,3762,3478,65590
24638,6872,6829,1984,6832,1947,1915,543,6899,1841,1923,574,1954,577,570,151,45016
194,600,589,1887,554,1968,1828,6744,587,1860,1946,6701,1935,6666,6731,25259,44284
6828,5184,5206,4088,5251,3899,3859,3060,5231,3877,3897,3064,3996,3109,3107,2393,64564
3597,3893,3804,4146,3771,4210,4034,4468,3910,4015,4160,4398,4162,4365,4485,4631,65870
11620,6362,6309,3490,6370,3431,3450,1823,6377,3413,3477,1807,3414,1868,1838,1000,60292
2955,3544,3526,4034,3516,4097,4016,4791,3505,4073,4126,4716,4083,4706,4752,5609,65574
2689,3321,3308,4079,3306,4008,3954,4916,3320,3880,4007,4977,4082,4975,4915,6312,64882
1870,2613,2609,3838,2600,3866,3729,5626,2651,3760,3819,5591,3809,5582,5664,8422,63246
5345,4650,4677,4015,4651,4050,4078,3617,4617,4003,4057,3719,4074,3693,3584,3219,65566
17413,6847,6885,2742,6861,2719,2676,1111,6842,2715,2700,1110,2771,1086,1106,465,53562
1362,2246,2254,3741,2271,3644,3459,6007,2219,3548,3688,5926,3751,5943,5980,10010,61684
73,347,321,1572,385,1390,1383,6354,349,1331,1452,6380,1506,6444,6356,30406,38284
2516,3119,3156,4014,3181,4080,3823,5082,3156,3853,4068,5089,3952,5114,5119,6727,64482
25459,6826,6823,1830,6834,1868,1855,505,6840,1864,1865,493,1805,504,519,159,44150
7891,5449,5544,3867,5492,3939,3915,2711,5461,3945,3875,2776,3907,2724,2723,1830,64188
15000,6812,6789,2968,6816,2929,3043,1324,6789,3014,2979,1330,2964,1357,1301,634,56472
9510,5973,5819,3677,5846,3774,3738,2311,5936,3618,3838,2277,3687,2304,2274,1467,62428
15809,6768,6776,2979,6813,2927,2840,1268,6764,2893,2968,1223,2946,1260,1264,551,55422
1913,2670,2724,3939,2771,3889,3707,5547,2665,3803,3941,5505,3897,5552,5542,7984,63662
21340,6955,7000,2277,6972,2248,2229,750,6961,2239,2214,785,2299,757,756,267,48910
5660,4813,4785,4068,4805,4051,3945,3549,4801,4005,4083,3461,4060,3481,3537,2945,65394
7342,5314,5360,3859,5379,3963,3836,2932,5277,3929,4019,2885,3877,2904,2895,2278,64194
4187,4152,4102,4147,4097,4006,4063,4195,4108,3982,4045,4226,4196,4221,4151,4171,65736
452,1104,1130,2819,1124,2742,2591,6812,1100,2626,2740,6803,2829,6797,6808,17572,53242
1569,2417,2374,3729,2382,3687,3673,5855,2411,3669,3701,5816,3727,5824,5849,9366,62456
7360,5270,5388,3969,5389,3934,3889,2873,5288,3980,3917,2900,3950,2901,2891,2150,64408
7968,5499,5552,3875,5572,3859,3796,2733,5555,3841,3823,2741,3799,2761,2789,1886,63832
3888,3976,3948,4223,4031,4013,3999,4296,3972,4014,4100,4253,4144,4336,4292,4564,65610
29098,6660,6640,1455,6608,1553,1503,330,6648,1454,1533,359,1499,327,318,64,39844
20,76,80,630,86,607,415,4375,81,410,608,4384,619,4390,4380,44888,21966
13083,6432,6507,3434,6507,3190,3132,1673,6465,3244,3157,1636,3401,1636,1706,846,58496
1895,2643,2666,3866,2675,3993,3780,5525,2676,3715,3969,5613,3824,5622,5558,8029,63620
10860,6101,6176,3604,6160,3607,3433,2011,6116,3486,3576,2033,3605,2017,2026,1238,60870
14886,6752,6823,3001,6824,3040,2961,1332,6763,3034,3030,1330,2989,1331,1343,610,56548
2025,2662,2690,3948,2703,3774,3720,5564,2688,3759,3761,5553,3909,5566,5590,8137,63366
34746,6023,6046,1057,6039,1100,1065,162,6054,1061,1062,189,1033,182,193,37,33392
4612,4416,4247,4151,4330,4097,4138,3936,4347,4042,4249,3863,4137,3946,3867,3671,65946
4433,4190,4193,4148,4158,4060,4088,4030,4170,4045,4045,4076,4203,4041,4010,4159,65590
1140,2035,1942,3433,1986,3461,3365,6238,1964,3316,3576,6194,3460,6238,6167,11534,60056
27,137,154,941,144,914,738,5349,139,722,902,5382,949,5372,5351,38828,28654
32488,6240,6303,1215,6300,1235,1263,234,6256,1306,1216,254,1202,251,250,36,36094
10,74,69,620,63,584,381,4293,73,397,579,4272,627,4266,4292,45449,21368
10,102,87,648,92,659,449,4542,95,440,671,4536,650,4541,4535,43992,22936
24069,6892,6852,1931,6822,2063,2019,603,6900,1988,2025,594,1953,564,611,163,45824
12359,6364,6428,3329,6437,3467,3314,1711,6423,3353,3417,1736,3261,1745,1770,935,59422
5318,4557,4542,4070,4571,4011,4149,3684,4507,4086,4090,3732,4091,3761,3634,3246,65720
1049,1910,1838,3523,1924,3361,3324,6320,1871,3264,3486,6308,3476,6394,6281,11720,59868
62389,897,888,16,888,12,20,1,896,12,13,0,17,0,0,0,3692
1621,2426,2368,3779,2385,3633,3542,5887,2418,3598,3658,5773,3770,5790,5879,9522,62046
2631,3179,3255,4002,3155,4125,4067,4930,3222,3997,3982,5076,4059,4976,4973,6420,65062
218,640,574,2129,629,1989,1990,6784,622,1948,2062,6760,2092,6815,6766,24031,45738
1772,2467,2499,3833,2507,3827,3593,5673,2522,3559,3780,5739,3770,5747,5728,9033,62396
9354,5909,5799,3635,5775,3830,3721,2389,5920,3632,3795,2368,3648,2344,2400,1530,62518
10152,5963,5997,3663,6031,3596,3633,2180,5964,3640,3629,2207,3628,2241,2181,1344,61826
1714,2529,2507,3829,2532,3862,3680,5683,2515,3672,3901,5669,3818,5694,5669,8775,62912
11254,6252,6335,3417,6299,3601,3403,1926,6264,3477,3553,1935,3441,1899,1938,1055,60620
15,94,91,641,98,672,436,4386,96,422,677,4397,632,4404,4388,44600,22292
4574,4341,4379,4145,4417,3950,3959,3977,4341,3993,3988,3981,4107,4019,3977,3901,65526
6647,5120,5232,3892,5101,4136,3952,3118,5091,4018,4034,3164,4052,3033,3089,2370,65002
25,135,130,879,151,876,719,5236,146,694,886,5256,847,5277,5247,39545,27892
86,346,298,1350,327,1359,1232,6363,337,1249,1397,6298,1330,6327,6354,31396,37048
4141,4106,4211,4216,4143,4069,4076,4087,4147,4118,3960,4150,4243,4082,4128,4172,65930
19951,6897,6954,2474,6975,2401,2413,862,6871,2478,2448,854,2479,875,836,281,50708
8037,5516,5504,3974,5548,3762,3847,2724,5531,3903,3791,2656,3915,2700,2739,1902,63860
3479,3919,3809,4085,3807,4130,4210,4390,3858,4064,4189,4426,4148,4424,4329,4782,66062
3211,3636,3554,4153,3589,4019,3998,4654,3650,3911,4040,4659,4104,4694,4668,5509,65238
7568,5419,5433,3941,5394,3961,3943,2761,5473,3890,3868,2828,3926,2789,2815,2040,64274
1245,2012,2034,3513,1973,3625,3488,6216,2020,3506,3556,6220,3566,6159,6224,10692,61106
13268,6482,6495,3246,6494,3236,3210,1651,6450,3234,3267,1640,3279,1639,1619,839,58386
28127,6727,6707,1568,6693,1585,1559,406,6746,1573,1552,372,1563,358,425,88,40966
975,1771,1746,3373,1838,3395,3250,6379,1807,3289,3451,6315,3245,6407,6415,12393,59220
1544,2425,2326,3711,2322,3712,3698,5879,2475,3666,3658,5812,3665,5808,5929,9419,62450
4636,4442,4358,4164,4449,4088,4055,3910,4444,4084,4177,3797,4071,3888,3912,3574,65978
2,6,8,288,7,290,35,1527,8,41,287,1523,287,1522,1529,58689,7434
1760,2644,2611,3865,2621,3827,3733,5605,2654,3691,3827,5614,3845,5624,5615,8513,63200
6105,5023,4999,3941,5008,4006,4061,3280,4941,3980,4097,3337,4014,3346,3198,2713,65272
36373,5832,5831,955,5833,953,947,151,5849,946,938,151,936,153,168,33,31536
23591,6962,6872,2082,6903,1985,2104,582,6988,2038,1990,558,2025,589,608,172,46428
26056,6773,6843,1785,6864,1807,1736,466,6800,1798,1801,474,1737,495,493,121,43406
5184,4647,4720,4011,4670,4156,4120,3548,4677,4078,4076,3663,4031,3613,3578,3277,65786
6028,4918,4862,3977,4941,4076,4054,3306,4955,3992,4118,3312,3861,3391,3343,2915,65152
8173,5640,5575,3850,5611,3916,3782,2631,5614,3754,3978,2594,3840,2630,2605,1856,63556
164,467,486,1819,470,1827,1699,6631,494,1639,1784,6710,1808,6694,6658,26699,42524
57427,2042,2040,73,2043,78,69,4,2043,70,80,1,69,4,5,1,8760
1552,2350,2316,3761,2357,3649,3604,5891,2320,3652,3720,5809,3750,5850,5861,9607,62146
230,681,707,2188,704,2318,1990,6762,708,1936,2288,6842,2164,6839,6789,22903,46842
2347,3023,2908,3883,2911,3894,3899,5373,2994,3863,3926,5294,3909,5297,5344,7184,64280
30039,6512,6531,1471,6566,1418,1362,321,6520,1398,1445,304,1428,339,329,66,38704
9738,5885,5980,3676,5959,3677,3729,2211,5956,3717,3585,2318,3626,2297,2282,1413,62344
19977,6970,6911,2395,6947,2483,2445,836,7014,2377,2475,845,2315,881,880,298,50596
2087,2764,2789,3841,2792,3936,3741,5559,2722,3856,3981,5469,3880,5472,5517,7643,63916
1047,1912,1957,3461,1949,3540,3384,6238,1924,3435,3520,6232,3457,6224,6250,11519,60302
4579,4246,4287,4249,4272,4171,4056,3910,4289,4079,4113,3928,4221,3913,3953,3783,65822
5373,4659,4654,4141,4695,4125,3904,3590,4727,3853,4098,3636,4032,3677,3658,3227,65206
2240,2962,2973,3915,3011,3954,3938,5245,2925,3912,4029,5282,3914,5320,5208,7221,64438
10142,6024,5953,3732,5986,3617,3643,2150,6091,3532,3583,2190,3632,2223,2217,1334,61748
492,1196,1171,2882,1183,2743,2672,6765,1159,2625,2792,6787,2907,6799,6728,17148,53706
19319,6973,6963,2571,6987,2457,2454,893,6983,2457,2471,880,2537,904,903,297,51344
12050,6409,6345,3350,6302,3442,3376,1834,6391,3325,3417,1821,3411,1778,1816,982,59718
32915,6235,6221,1195,6208,1189,1224,251,6220,1217,1191,244,1223,231,236,49,35526
4220,4339,4248,4117,4262,3956,4106,4103,4235,4097,4074,4021,4207,4035,3999,4030,66002
2495,3135,3126,4088,3108,4030,3836,5136,3215,3858,3932,5105,4026,5087,5216,6656,64592
7656,5556,5441,3926,5444,3833,3875,2826,5524,3821,3868,2765,3955,2768,2794,1997,64092
1791,2501,2546,3904,2556,3747,3668,5681,2597,3740,3661,5654,3798,5664,5777,8764,62902
621,1355,1331,2915,1269,2954,2884,6660,1310,2833,2937,6687,3022,6625,6615,16031,55114
14964,6769,6690,3080,6735,2937,2914,1451,6711,2941,3040,1345,3093,1390,1393,596,56344
24489,6842,6845,1969,6899,1969,1914,557,6839,1943,2026,531,1918,585,554,169,45248
2206,2880,2839,3995,2846,3913,3981,5333,2907,3941,3893,5332,3961,5339,5360,7323,64442
3236,3515,3504,4156,3478,4103,4005,4675,3536,3967,4056,4702,4161,4676,4696,5583,65202
4682,4385,4385,4029,4380,4217,4125,3820,4440,4051,4157,3894,3979,3889,3875,3741,65802
25578,6800,6833,1919,6827,1799,1815,504,6811,1879,1782,473,1914,467,515,133,44032
19797,6965,6932,2430,6899,2449,2429,920,6945,2421,2436,895,2483,862,900,286,50816
499,1130,1165,2675,1110,2818,2657,6846,1129,2719,2764,6819,2731,6764,6845,17378,53548
223,613,594,2153,618,2054,1992,6782,629,1942,2062,6813,2113,6837,6798,23826,45934
33,153,172,920,145,909,696,5299,164,701,871,5313,936,5286,5310,39141,28272
1094,1928,1957,3667,2009,3368,3340,6238,1917,3467,3431,6140,3626,6192,6227,11448,60314
6345,5092,5012,3914,4934,4066,4034,3262,5027,3974,4053,3242,4057,3164,3197,2676,65036
2400,3004,3030,3998,3044,4053,3847,5180,3037,3873,4034,5180,3951,5194,5213,7011,64358
21,87,108,669,98,713,480,4634,88,517,702,4618,678,4608,4635,43393,23632
10497,6031,6110,3668,6104,3547,3544,2151,6026,3721,3546,2053,3679,2047,2146,1179,61638
46694,4232,4253,372,4251,359,388,31,4233,406,356,34,373,32,32,3,20146
5970,4911,4924,4166,4931,3863,4007,3382,4844,4038,3937,3364,4226,3371,3315,2800,65324
26239,6795,6788,1711,6798,1880,1770,456,6817,1786,1868,433,1679,443,478,108,43258
61912,1014,1019,8,1019,11,14,0,1015,19,10,0,7,0,1,0,4170
2596,3216,3167,4066,3232,3935,3870,5126,3183,4002,4033,4945,4034,5010,5093,6541,64784
12471,6535,6469,3346,6493,3283,3275,1751,6569,3300,3273,1660,3288,1684,1785,867,59286
3,17,28,359,17,352,125,2506,34,106,324,2536,353,2525,2523,54241,12036
1678,2524,2573,3775,2510,3814,3849,5643,2571,3817,3704,5724,3791,5661,5690,8725,63312
7976,5516,5528,3802,5578,3874,3872,2730,5480,3910,3960,2704,3788,2754,2694,1883,63972
10653,6070,6111,3598,6086,3625,3495,2091,6108,3481,3562,2146,3585,2121,2129,1188,61184
12,69,72,626,70,652,387,4213,86,389,633,4214,611,4212,4230,45573,21240
4627,4236,4359,4153,4337,4062,4084,3935,4260,4130,4016,4012,4151,3990,3959,3738,65898
2572,3214,3249,3940,3269,4135,3936,5020,3254,3980,4115,5011,3880,5031,5060,6383,65010
1083,1915,1950,3423,1891,3552,3387,6257,1963,3399,3445,6280,3434,6221,6305,11544,60208
0,8,11,278,10,284,27,1330,10,34,281,1326,277,1325,1332,59516,6594
24,143,151,894,139,911,673,5223,151,693,891,5211,898,5199,5231,39617,27774
32557,6331,6269,1216,6299,1207,1263,222,6317,1213,1251,210,1200,240,208,46,35922
1845,2548,2572,3806,2654,3832,3757,5647,2533,3844,3929,5584,3739,5666,5632,8461,63344
925,1787,1745,3348,1790,3389,3277,6312,1794,3148,3427,6399,3296,6444,6319,12649,58900
1674,2447,2464,3702,2430,3810,3666,5789,2457,3625,3766,5847,3726,5813,5799,9034,62632
51845,3225,3230,205,3236,214,194,14,3230,204,215,9,194,15,19,0,14602
1242,2080,2074,3492,2060,3584,3553,6160,2052,3582,3598,6125,3534,6111,6132,10670,61272
2089,2814,2850,3876,2854,3933,3742,5482,2823,3829,3928,5431,3863,5435,5491,7609,63922
191,565,591,1924,571,1982,1842,6787,577,1887,1950,6768,1932,6748,6799,24935,44652
5347,4660,4545,4108,4600,3976,4070,3701,4627,4039,4064,3617,4086,3672,3668,3269,65542
1243,2018,2088,3465,2059,3562,3410,6131,2047,3493,3504,6118,3465,6089,6160,11197,60512
14979,6625,6689,3047,6712,3028,2993,1377,6619,3040,3057,1394,3030,1417,1371,671,56432
28,153,161,946,157,889,741,5267,165,745,873,5271,938,5267,5279,39169,28338
7807,5548,5547,3862,5522,3990,3846,2686,5593,3813,3920,2718,3842,2693,2731,1931,63970
627,1390,1337,3099,1367,3028,2952,6677,1378,2881,3070,6695,3081,6725,6665,15077,56178
4548,4292,4325,4154,4281,4099,4140,3908,4352,4029,3995,4052,4138,4008,3968,3760,65910
38405,5614,5593,800,5598,780,825,107,5635,810,764,101,774,106,128,9,29270
2833,3382,3401,3925,3352,4100,3902,4987,3305,4025,4128,4883,4051,4834,4910,6031,65112
5353,4704,4540,4114,4613,4020,4122,3640,4721,4071,4076,3527,4024,3600,3657,3267,65622
19692,6901,6876,2437,6857,2531,2533,882,6930,2491,2483,899,2427,880,911,319,51062
2991,3320,3508,4152,3478,4157,3845,4794,3376,4025,4071,4802,4126,4772,4850,5782,65146
94,365,350,1483,347,1467,1294,6251,345,1257,1484,6273,1506,6270,6231,31032,37474
14001,6639,6651,3119,6664,3205,3090,1476,6673,3095,3184,1483,3072,1496,1510,691,57542
7,69,64,562,71,531,329,4066,73,354,534,4036,551,4043,4070,46689,20036
10675,6124,6319,3573,6313,3489,3393,2045,6116,3570,3491,2063,3587,2057,2037,1197,61140
9296,5970,5956,3718,5918,3614,3729,2339,5966,3680,3580,2374,3760,2336,2335,1478,62684
15869,6725,6752,2921,6732,2946,2890,1301,6671,2947,2980,1271,2995,1251,1247,551,55466
16522,6732,6828,2953,6821,2842,2770,1164,6752,2860,2815,1170,2940,1163,1184,533,54624
2746,3276,3162,4012,3129,3896,3963,5120,3184,3918,3955,5051,4137,5018,5028,6454,64730
61651,1072,1068,22,1068,20,19,0,1073,15,19,0,21,0,1,0,4432
3761,3999,3953,4112,3958,3975,4139,4368,3882,4140,4097,4321,4224,4326,4251,4543,66024
8917,5826,5814,3738,5892,3734,3685,2454,5801,3706,3837,2421,3685,2499,2429,1611,62912
7195,5333,5297,3956,5350,3923,3969,2946,5357,4027,3952,2852,3879,2905,2970,2138,64712
17660,6832,6913,2659,6872,2765,2610,1085,6816,2649,2740,1127,2716,1086,1069,450,53198
14,67,60,629,81,612,376,4234,80,367,620,4236,595,4257,4247,45574,21204
25280,6848,6860,1890,6848,1857,1847,498,6845,1815,1848,542,1905,530,495,141,44290
8165,5581,5526,3841,5460,3855,3906,2682,5631,3824,3739,2709,3857,2643,2732,1898,63716
40075,5344,5299,735,5322,684,740,91,5356,694,695,92,700,115,103,4,27404
0,10,12,273,16,266,26,1185,15,25,265,1188,264,1192,1190,60122,5978
30,149,153,961,147,972,758,5295,175,706,940,5351,941,5345,5321,38805,28678
25308,6857,6831,1853,6806,1881,1936,497,6861,1921,1852,486,1874,461,501,124,44474
48754,3856,3855,302,3855,304,292,20,3854,293,306,18,304,18,18,0,17880
637,1356,1297,3100,1344,2982,2846,6672,1351,2885,3034,6574,3058,6621,6667,15625,55518
896,1778,1693,3277,1701,3319,3265,6401,1694,3104,3411,6477,3353,6485,6317,12878,58644
128,429,463,1652,461,1696,1516,6553,424,1613,1699,6490,1659,6488,6548,28230,40820
405,1004,973,2672,980,2606,2516,6845,966,2547,2651,6783,2703,6790,6807,18801,51906
8776,5805,5729,3738,5743,3784,3791,2505,5825,3752,3778,2468,3704,2482,2525,1644,63172
1478,2317,2319,3606,2336,3682,3670,5895,2297,3675,3719,5892,3609,5909,5875,9770,62146
578,1283,1245,2962,1282,2836,2816,6801,1265,2916,2891,6663,2943,6700,6783,16085,55118
576,1336,1346,2951,1352,2968,2834,6680,1283,2803,3027,6721,2998,6727,6627,15820,55290
3515,3764,3774,4132,3777,4128,4044,4441,3734,3988,4161,4507,4159,4510,4411,5004,65562
8284,5698,5747,3780,5698,3809,3817,2591,5689,3815,3769,2642,3838,2593,2582,1697,63700
23625,6887,6885,2002,6883,2066,2056,626,6852,2104,2099,576,2039,574,591,184,46400
1081,1857,1856,3462,1861,3392,3385,6304,1900,3340,3354,6348,3414,6353,6347,11795,59898
5105,4511,4514,4160,4490,4179,3995,3732,4544,4030,4122,3700,4151,3676,3765,3375,65594
68,252,270,1317,280,1306,1069,6043,292,1070,1276,6060,1267,6070,6083,33326,34794
4821,4435,4470,4203,4561,4013,4083,3770,4385,4159,4154,3729,4162,3820,3720,3564,65906
41,217,219,1114,211,1176,916,5798,201,951,1184,5765,1138,5757,5782,35579,32296
7228,5316,5295,3954,5312,4013,3915,2927,5318,3920,4028,2901,3935,2918,2929,2140,64516
4524,4170,4224,4142,4240,4088,4180,3952,4210,4120,4064,4066,4086,4082,3992,3909,65916
129,394,414,1715,408,1661,1458,6478,418,1429,1631,6527,1697,6521,6502,28667,40140
56,308,308,1438,323,1379,1230,6214,317,1236,1385,6208,1414,6223,6223,31787,36672
2122,2822,2830,3914,2828,3899,3762,5434,2831,3799,3888,5405,3907,5403,5443,7762,63726
389,1033,992,2571,956,2626,2546,6845,984,2576,2639,6774,2656,6738,6796,18928,51854
858,1657,1592,3321,1605,3112,3059,6555,1675,3095,3107,6454,3290,6467,6573,13629,57716
6226,5016,5032,3962,4944,4070,4130,3216,4981,4063,4017,3299,4085,3211,3181,2616,65400
12370,6331,6444,3385,6428,3419,3243,1729,6345,3287,3389,1798,3387,1782,1743,969,59240
3317,3655,3717,4154,3765,4055,4004,4539,3658,4050,4100,4555,4103,4603,4542,5232,65554
5008,4626,4549,4018,4600,4057,4146,3747,4553,4147,4181,3669,4040,3720,3674,3314,66020
42,224,196,1067,176,1055,896,5573,194,834,1065,5607,1117,5587,5543,36873,30864
4080,3941,4000,4074,3936,4203,4161,4175,4011,4100,4069,4295,4068,4231,4245,4460,65770
4754,4331,4367,4102,4286,4153,4122,3871,4412,4143,3991,3886,4102,3805,3952,3772,65788
12321,6337,6388,3436,6411,3298,3275,1790,6332,3284,3326,1832,3418,1855,1785,961,59326
5463,4612,4636,4108,4533,4176,3975,3609,4701,3939,3984,3669,4122,3566,3698,3258,65242
24117,6923,6954,1991,6945,1921,1963,559,6887,1973,1948,580,2036,571,523,158,45710
158,540,500,1831,500,1856,1683,6655,519,1579,1877,6719,1852,6719,6634,26427,42726
1721,2472,2462,3692,2394,3897,3567,5812,2491,3623,3810,5746,3741,5678,5831,9112,62406
35413,5980,5964,1002,5963,1009,1001,181,5969,999,1019,167,1014,166,170,32,32604
779,1557,1602,3176,1568,3211,3078,6509,1564,3048,3170,6584,3203,6550,6516,13934,57462
37533,5650,5702,867,5699,887,883,116,5666,924,868,127,854,124,132,17,30306
8139,5572,5490,3920,5575,3752,3840,2733,5539,3850,3870,2641,3868,2726,2700,1834,63766
232,680,692,2083,674,2257,2002,6843,687,1987,2232,6870,2094,6852,6850,23014,46792
690,1527,1493,3082,1473,3112,2901,6680,1499,2948,3120,6599,3130,6579,6652,14564,56644
51570,3278,3311,197,3314,214,203,8,3280,237,215,7,192,10,10,3,14916
130,430,426,1673,423,1668,1562,6531,421,1518,1674,6571,1685,6568,6522,28247,40752
7,51,60,478,46,505,230,3634,48,277,494,3596,495,3582,3631,48915,17634
40545,5261,5280,698,5298,640,669,88,5265,694,654,82,676,100,92,7,26860
10386,6129,6204,3565,6170,3558,3603,2064,6148,3621,3505,2121,3580,2087,2083,1225,61662
41560,5066,5067,668,5100,628,636,77,5064,661,663,53,637,86,75,8,25778
20,115,121,787,112,826,592,4997,140,619,792,4976,771,4967,5022,41192,26048
19489,6919,7028,2465,6996,2530,2386,888,6917,2483,2500,900,2499,868,886,295,51134
10113,6091,5980,3508,6014,3706,3706,2179,6105,3621,3726,2153,3460,2187,2193,1307,61956
12833,6440,6360,3283,6388,3430,3233,1739,6493,3254,3405,1638,3202,1666,1792,893,58810
858,1711,1658,3311,1667,3288,3236,6439,1723,3192,3285,6430,3290,6439,6451,13071,58548
159,509,564,1969,558,1909,1742,6758,542,1813,1870,6742,1942,6736,6791,25445,44000
6157,5019,4939,3972,4962,4012,4043,3328,4946,4010,4108,3281,4022,3304,3255,2691,65254
6748,5114,5016,3990,5069,3964,3986,3180,5062,3998,4069,3070,3989,3123,3128,2543,64742
39,183,200,1012,183,1040,830,5486,179,784,1027,5549,1033,5532,5482,37490,30134
783,1431,1448,3134,1445,3150,2953,6565,1456,2976,3122,6559,3112,6556,6590,14769,56426
324,824,822,2274,805,2330,2195,6931,770,2212,2367,6912,2345,6895,6877,21166,48966
55539,2456,2475,116,2477,94,91,7,2451,115,101,2,119,4,2,0,10716
54121,2749,2765,130,2766,148,148,7,2750,162,148,9,128,10,8,0,12238
13846,6532,6559,3191,6577,3211,3183,1482,6528,3102,3233,1590,3177,1608,1478,752,57736
9719,5846,5931,3774,5891,3710,3603,2279,5912,3641,3604,2326,3748,2286,2345,1434,62140
2110,2838,2827,4030,2866,3851,3872,5389,2831,3902,3897,5348,3998,5387,5382,7521,64192
2870,3404,3388,4105,3381,4112,3939,4862,3383,3927,4126,4858,4133,4851,4841,5869,65176
853,1686,1726,3312,1729,3300,3198,6370,1694,3150,3295,6458,3301,6461,6378,13138,58406
568,1190,1269,2850,1244,2877,2744,6700,1227,2729,2815,6794,2838,6769,6737,16698,54256
42599,4918,4899,604,4905,600,546,83,4911,547,613,63,605,69,76,11,24532
3688,3911,3866,4068,3900,4174,4066,4373,3936,4032,4183,4362,4009,4396,4398,4687,65772
3467,3683,3673,4144,3702,4144,3970,4493,3691,3874,4165,4579,4107,4608,4501,5248,65178
4476,4274,4315,4181,4407,4034,4192,3890,4285,4173,4115,3950,4078,4042,3901,3736,66202
27527,6682,6674,1709,6667,1663,1660,413,6698,1647,1640,418,1700,411,429,111,41718
4,49,47,482,53,441,266,3411,39,212,457,3463,486,3469,3401,49769,16754
418,986,1072,2689,1010,2626,2506,6853,1029,2585,2521,6860,2708,6798,6896,18492,52230
21813,7008,6942,2256,6972,2136,2302,689,6989,2254,2185,671,2245,701,670,216,48576
6,52,46,456,42,465,249,3429,52,230,461,3442,460,3438,3429,49792,16730
9159,5930,5880,3709,5846,3694,3672,2414,5888,3613,3702,2423,3785,2389,2372,1573,62602
2195,2943,2892,3977,2958,3864,3872,5314,2953,3807,3920,5328,3901,5394,5324,7407,64126
12,80,63,591,75,592,378,4116,63,364,621,4113,596,4125,4099,46161,20618
47291,4117,4112,347,4123,355,379,31,4112,380,371,25,341,36,26,3,19514
1953,2727,2801,3794,2728,3953,3819,5548,2701,3843,3906,5598,3893,5525,5522,7738,64020
176,592,605,1944,607,2013,1827,6773,576,1883,2031,6730,1958,6732,6757,24845,44738
817,1633,1608,3259,1597,3237,3129,6547,1567,3159,3292,6492,3336,6481,6481,13414,58106
48991,3826,3824,277,3824,270,281,27,3824,284,272,22,279,22,25,1,17622
596,1315,1310,2851,1321,2960,2831,6787,1223,2848,3063,6765,2932,6776,6695,15776,55356
48683,3823,3849,290,3848,341,307,28,3823,330,340,31,291,30,28,7,17996
308,854,875,2450,887,2529,2302,6897,845,2320,2550,6900,2447,6912,6888,20085,50278
14190,6605,6667,3001,6587,3230,3062,1500,6587,3079,3168,1545,3099,1465,1482,782,57218
434,1058,1059,2688,1065,2649,2503,6840,1050,2534,2663,6810,2690,6816,6832,18358,52294
230,726,678,2288,740,2179,2036,6830,710,2047,2257,6771,2242,6833,6814,22668,47234
59215,1635,1628,47,1629,58,51,0,1637,43,57,1,44,2,2,0,6928
13085,6511,6468,3257,6464,3309,3244,1656,6515,3234,3301,1623,3257,1619,1660,846,58596
18433,6944,6938,2594,6944,2590,2609,975,6993,2603,2547,975,2539,981,1024,360,52468
1356,2258,2218,3711,2250,3633,3631,5966,2258,3600,3665,5957,3679,5989,5966,9912,62012
819,1705,1702,3320,1657,3253,3277,6427,1662,3232,3251,6469,3408,6424,6384,13059,58680
5642,4763,4694,4100,4679,4051,4041,3564,4718,4014,4081,3522,4160,3507,3519,2994,65468
838,1761,1709,3380,1754,3290,3206,6442,1732,3182,3364,6414,3364,6459,6413,12741,58858
109,339,424,1480,387,1566,1349,6516,340,1467,1528,6483,1516,6446,6517,29582,39174
38274,5587,5557,829,5548,817,885,110,5586,842,809,123,839,114,109,20,29482
52662,3068,3077,158,3078,185,184,8,3069,193,185,8,156,9,9,0,13764
5054,4562,4616,4074,4621,4033,3967,3797,4517,4133,4083,3685,4114,3690,3752,3351,65744
23586,6908,6909,2107,6869,2026,2018,607,6889,2006,2005,620,2166,580,588,165,46322
13224,6514,6486,3280,6572,3233,3185,1628,6465,3209,3368,1576,3243,1662,1579,825,58394
61,225,233,1217,227,1199,1025,5941,233,1024,1185,5950,1215,5944,5949,34421,33616
1495,2242,2354,3812,2371,3690,3566,5911,2292,3727,3657,5862,3745,5879,5961,9485,62362
3474,3772,3863,4003,3823,4217,3997,4452,3819,3986,4130,4554,3996,4514,4499,4950,65608
744,1532,1505,3120,1548,3103,3007,6562,1499,3008,3179,6534,3110,6577,6529,14492,56828
50415,3514,3504,246,3508,245,271,19,3516,262,247,18,240,22,21,1,16166
23603,6935,6883,2016,6864,2050,2051,627,6932,2003,2034,623,2038,604,624,162,46338
11415,6118,6340,3486,6349,3486,3379,1910,6087,3536,3526,1975,3508,1984,1879,1071,60478
2457,3059,3099,4035,3119,3984,3738,5222,3016,3873,4047,5127,4058,5147,5179,6889,64314
242,759,721,2253,771,2193,1995,6869,740,2068,2262,6758,2222,6808,6850,22538,47332
27009,6756,6747,1697,6754,1718,1681,430,6767,1666,1714,436,1679,443,441,111,42276
63118,719,723,9,722,8,5,0,719,8,7,1,10,0,0,0,2944
607,1267,1300,2949,1324,2943,2815,6751,1279,2887,2955,6712,2913,6736,6763,15848,55296
7873,5496,5505,3923,5528,3909,3917,2657,5550,3858,3878,2725,3846,2748,2711,1925,64026
3841,4005,3935,4050,3900,4238,4103,4263,3982,3961,4226,4335,4108,4300,4240,4562,65710
38888,5523,5497,772,5500,791,786,109,5523,775,794,94,769,97,109,22,28700
26891,6756,6760,1727,6754,1686,1689,456,6749,1687,1687,462,1740,456,449,100,42434
12847,6423,6412,3383,6439,3246,3281,1685,6414,3250,3282,1705,3365,1732,1676,909,58824
2868,3490,3430,4062,3453,4034,4127,4748,3462,4009,4085,4806,4067,4829,4720,5859,65458
35112,6015,5988,991,5993,1046,1075,169,6021,1043,1045,174,980,179,175,43,33012
38505,5537,5561,804,5585,845,771,106,5540,802,866,99,777,123,109,19,29098
20304,7061,6968,2416,7019,2270,2417,803,7043,2341,2339,786,2383,837,785,277,50226
28223,6713,6683,1569,6613,1615,1629,355,6700,1549,1558,405,1652,335,342,108,40896
3166,3533,3504,4041,3501,4046,4068,4787,3482,4078,4094,4748,4095,4745,4736,5425,65604
3908,3912,3973,4131,4007,4143,3914,4335,3965,4056,4124,4254,4044,4288,4388,4607,65504
44463,4623,4635,455,4614,476,519,46,4622,521,456,56,477,35,45,6,22620
16,87,86,621,78,643,424,4353,80,438,642,4338,636,4330,4346,44931,21964
19,85,114,657,88,688,475,4475,98,482,649,4497,670,4471,4488,44093,22894
60,285,283,1259,267,1240,1055,5994,268,1066,1241,5981,1292,5965,5977,33816,34294
3110,3596,3561,4057,3588,4038,3954,4798,3597,4050,4064,4667,4029,4694,4799,5447,65496
9012,5766,5795,3923,5856,3701,3699,2402,5765,3784,3763,2346,3863,2407,2401,1566,62954
23482,6897,6931,2080,6967,2015,2021,601,6905,2072,2043,584,2036,620,609,186,46474
2187,2913,2975,4024,2986,3913,3796,5318,2963,3851,3874,5325,3963,5336,5368,7257,64252
3537,3706,3793,4245,3782,4218,4107,4316,3792,4095,4121,4415,4170,4404,4402,4946,65768
13435,6546,6653,3257,6634,3177,3128,1539,6580,3148,3124,1626,3242,1607,1573,780,58110
3819,3933,3940,4151,3952,4123,3972,4330,3880,3952,4188,4357,4192,4369,4277,4614,65540
8299,5600,5593,3912,5540,3824,3872,2617,5620,3831,3751,2651,3945,2598,2637,1759,63694
5603,4759,4674,4119,4637,4189,4029,3508,4736,3990,4175,3462,4179,3425,3485,3079,65386
18362,6835,6874,2659,6846,2674,2590,1013,6851,2635,2630,1007,2671,979,1029,394,52518
497,1195,1207,2756,1197,2785,2657,6767,1142,2639,2828,6797,2819,6787,6714,17262,53586
556,1286,1278,2898,1279,2953,2807,6688,1293,2751,2947,6736,2890,6737,6695,16255,54796
93,362,358,1545,375,1518,1293,6377,358,1339,1539,6327,1532,6344,6373,30316,38272
4357,4101,4177,4115,4150,4135,3954,4125,4131,4051,4078,4104,4112,4077,4155,4227,65470
143,513,484,1792,496,1787,1599,6601,509,1562,1803,6609,1784,6621,6597,27149,41918
9426,5899,5980,3604,5923,3760,3639,2329,5909,3674,3693,2375,3651,2318,2339,1530,62406
9100,5926,5832,3593,5771,3799,3755,2433,5911,3640,3753,2454,3669,2393,2418,1602,62742
2190,2884,2932,3844,2861,3962,3888,5348,2833,3892,3942,5392,3966,5321,5297,7497,64142
1556,2331,2394,3815,2419,3686,3508,5825,2345,3622,3697,5774,3776,5799,5839,9663,61960
7,62,45,468,53,465,285,3534,46,251,489,3551,476,3559,3518,49240,17338
1306,2230,2216,3620,2183,3697,3604,5953,2217,3555,3677,5988,3666,5955,5940,10242,61660
27825,6775,6725,1625,6703,1585,1630,382,6773,1575,1565,387,1649,365,380,105,41324
10589,6155,6172,3604,6046,3624,3604,2028,6216,3536,3437,2113,3669,1987,2089,1180,61420
332,985,942,2581,917,2477,2415,6939,960,2457,2477,6854,2631,6829,6914,19339,51250
7655,5433,5340,3921,5362,3955,3883,2830,5454,3812,3956,2808,3878,2830,2851,2081,64008
27879,6669,6654,1677,6681,1605,1667,370,6688,1640,1613,382,1631,409,389,95,41382
15365,6781,6867,2990,6870,2924,2977,1259,6822,3073,2886,1249,2946,1252,1300,488,56246
4312,4131,4146,4115,4089,4099,4040,4129,4124,4018,4049,4166,4179,4109,4122,4221,65574
41,232,225,1172,231,1141,950,5784,233,1005,1146,5722,1165,5728,5785,35489,32474
11,85,93,610,73,637,387,4287,78,417,624,4265,637,4245,4280,45320,21522
5600,4737,4674,3953,4632,4092,4059,3598,4681,4035,4106,3559,4051,3517,3542,3213,65330
2532,3118,3190,3959,3143,4052,3908,5135,3071,4024,4052,5091,4053,5044,5088,6589,64860
6617,5049,5049,4051,5045,4052,3982,3145,5057,4016,4040,3111,4047,3107,3153,2528,64902
3354,3687,3688,4073,3676,4123,3981,4583,3718,3934,4080,4631,4054,4619,4614,5234,65376
5822,4865,4825,4125,4839,4145,3982,3378,4951,3944,4073,3376,4025,3390,3464,2845,65308
12399,6351,6407,3385,6355,3315,3366,1781,6359,3423,3255,1780,3429,1728,1789,927,59512
9237,5762,5798,3702,5736,3839,3640,2476,5763,3711,3776,2441,3763,2379,2477,1549,62614
19342,6940,6931,2538,6984,2470,2447,909,6933,2477,2530,870,2492,923,902,361,51270
16938,6881,6835,2743,6842,2851,2789,1129,6866,2773,2873,1099,2751,1106,1114,459,54214
2965,3404,3456,4142,3436,4128,3979,4774,3389,3988,4123,4817,4177,4797,4759,5715,65336
71,294,284,1331,266,1363,1152,6182,291,1135,1348,6189,1352,6171,6179,32441,35824
107,457,453,1815,465,1771,1609,6677,461,1584,1779,6698,1799,6710,6681,26983,42152
54139,2775,2750,153,2749,122,155,7,2774,131,122,6,155,5,6,0,12196
27084,6807,6824,1628,6811,1692,1633,434,6777,1669,1709,415,1671,402,404,89,42178
6011,4911,4949,4117,5000,3972,3892,3374,4877,4032,4057,3272,4100,3323,3340,2822,65140
113,440,417,1650,412,1692,1461,6493,436,1417,1691,6514,1659,6509,6489,28656,40158
16158,6728,6868,2867,6837,2940,2859,1188,6773,2984,2864,1203,2853,1172,1233,522,55212
27402,6720,6701,1610,6718,1682,1681,442,6700,1680,1719,424,1613,441,422,94,41914
44750,4557,4589,470,4583,468,462,44,4563,485,456,53,470,47,50,2,22244
7851,5406,5537,3919,5489,4010,3734,2720,5472,3809,3896,2776,3901,2728,2786,2015,63726
171,606,575,1942,584,1970,1880,6774,582,1832,2003,6791,1957,6800,6750,24832,44758
5060,4414,4454,4232,4492,4027,4087,3705,4491,4039,3988,3793,4117,3831,3782,3537,65578
106,421,373,1634,408,1558,1490,6433,394,1373,1620,6502,1626,6537,6406,29168,39638
6319,5030,4913,3920,4892,4116,4051,3334,4993,3956,4132,3312,3978,3291,3297,2515,65222
30909,6495,6447,1368,6467,1279,1368,300,6459,1351,1335,269,1384,289,264,65,37794
5393,4763,4722,4163,4784,4011,4035,3535,4715,4014,4121,3515,4149,3577,3487,3065,65640
9866,6101,6000,3606,5989,3641,3585,2251,6050,3481,3681,2254,3668,2243,2200,1433,61816
14171,6615,6512,3141,6477,3147,3137,1562,6541,3061,3186,1535,3250,1500,1488,726,57350
4803,4383,4424,4150,4398,4220,3970,3851,4396,3994,4181,3868,4163,3842,3864,3542,65668
2720,3199,3243,4039,3232,4019,3841,5020,3229,3837,3978,5068,4020,5057,5050,6497,64510
7230,5375,5393,4002,5417,3939,3887,2839,5353,3839,3985,2905,4000,2929,2817,2139,64406
2215,2895,2870,3886,2915,3851,3811,5411,2896,3772,3895,5425,3840,5470,5412,7485,63932
2208,2850,2952,4021,2918,3941,3759,5307,2894,3850,3863,5318,4011,5284,5351,7522,63928
1036,1821,1834,3339,1825,3419,3323,6309,1755,3334,3476,6311,3414,6302,6243,12308,59362
30032,6554,6533,1474,6547,1386,1423,302,6539,1403,1415,301,1475,315,287,63,38780
1590,2429,2440,3821,2444,3754,3646,5785,2402,3709,3785,5733,3844,5737,5758,9172,62642
2630,3051,3091,4004,3115,3965,3827,5208,3086,3962,3954,5113,3945,5137,5243,6718,64490
10717,6116,6097,3570,6150,3503,3567,2082,6072,3544,3600,2086,3561,2139,2038,1207,61236
61636,1078,1077,13,1077,15,24,0,1078,23,15,0,13,0,0,0,4460
13980,6549,6589,3188,6602,3190,3148,1479,6577,3146,3175,1521,3147,1534,1507,717,57646
6629,5136,5103,4000,5101,4044,4013,3110,5188,3952,3990,3138,3950,3136,3162,2397,64988
2485,3143,3108,4061,3126,3999,3968,5089,3119,3876,4041,5146,4067,5164,5065,6592,64816
73,297,285,1454,316,1428,1294,6288,332,1326,1424,6244,1388,6275,6323,31302,37294
434,1128,1032,2731,1107,2667,2531,6826,1134,2527,2736,6734,2650,6809,6832,18171,52502
5385,4650,4697,4158,4700,4087,4021,3550,4624,4049,4116,3569,4181,3572,3524,3166,65568
426,1008,1033,2678,1015,2724,2517,6869,1073,2579,2641,6832,2631,6814,6934,18275,52444
6464,5103,5186,4110,5227,3965,4041,3101,5133,4181,3976,3044,4039,3085,3131,2263,65544
1428,2238,2327,3634,2317,3797,3556,5924,2327,3598,3698,5971,3555,5961,6013,9705,62070
0,23,18,316,20,321,60,2154,14,89,332,2120,323,2122,2145,55992,10206
3649,3733,3834,4057,3788,4194,4033,4399,3751,4084,4130,4449,4085,4403,4417,5043,65474
8,51,55,492,51,521,268,3581,51,256,517,3597,496,3593,3581,48931,17634
293,834,828,2324,815,2441,2305,6923,822,2303,2440,6919,2349,6906,6911,20636,49728
1011,1837,1817,3410,1823,3326,3264,6325,1875,3254,3294,6315,3366,6321,6363,12448,59108
14401,6681,6711,3002,6681,3090,3069,1468,6655,3101,3086,1466,3058,1436,1442,702,57116
3559,3841,3754,4173,3853,4044,4028,4468,3770,3993,4214,4416,4145,4515,4397,4879,65632
16638,6686,6777,2941,6775,2829,2778,1181,6718,2835,2795,1215,2911,1213,1213,544,54480
4111,4119,4095,4187,4148,4102,4104,4120,4112,4129,4162,4071,4141,4124,4113,4211,65960
664,1392,1416,3070,1375,3035,2968,6713,1414,2976,2972,6729,3089,6688,6735,14813,56516
22,134,123,768,137,786,603,4944,119,603,815,4933,769,4947,4929,41417,25816
15452,6766,6706,2936,6779,3016,3030,1275,6809,3000,3046,1245,2820,1318,1318,533,56094
287,785,778,2360,789,2335,2205,6851,821,2184,2310,6865,2313,6876,6887,21403,48748
213,679,675,2133,705,2137,2038,6838,677,2091,2169,6781,2105,6811,6836,23161,46804
26,122,121,881,145,865,647,5124,129,689,882,5081,850,5105,5131,40251,27108
1472,2255,2311,3648,2289,3726,3521,5946,2263,3597,3696,5926,3662,5904,5954,9879,61816
7047,5301,5238,3929,5279,3954,3967,2991,5308,3914,3988,2981,3881,3022,2998,2251,64632
18070,6947,6869,2634,6847,2745,2686,991,7011,2604,2659,995,2592,973,1055,371,52898
2961,3431,3358,4157,3439,4012,3989,4834,3423,3912,4101,4838,4084,4919,4826,5765,65224
6921,5196,5240,3967,5209,3994,3873,3043,5214,3925,3945,3035,3980,3004,3061,2442,64484
8961,5703,5629,3817,5702,3740,3830,2493,5757,3827,3759,2422,3690,2495,2547,1677,63068
1772,2654,2592,3828,2541,3882,3794,5631,2626,3737,3859,5626,3907,5575,5603,8422,63386
13166,6528,6410,3225,6401,3378,3254,1648,6581,3147,3316,1637,3181,1628,1701,848,58436
209,638,690,2075,650,2100,1986,6841,628,1991,2070,6888,2125,6848,6831,23479,46338
9034,5788,5637,3712,5700,3734,3776,2534,5703,3695,3882,2464,3734,2527,2449,1680,62806
21922,6898,6877,2256,6924,2252,2180,737,6923,2214,2274,682,2184,729,762,235,48286
1324,2037,2145,3550,2143,3641,3367,6097,2035,3501,3641,6071,3554,6069,6095,10779,60814
14169,6653,6599,3184,6616,3098,3188,1434,6653,3094,3115,1474,3167,1491,1434,680,57482
13275,6493,6504,3206,6529,3291,3293,1574,6489,3248,3320,1630,3185,1655,1570,787,58528
19010,6908,6928,2490,6929,2564,2566,917,6896,2526,2577,977,2501,978,905,377,51754
2756,3367,3320,4037,3342,3954,3896,4983,3347,3861,3996,4971,4035,4993,4963,6228,64822
1781,2666,2646,3859,2580,3835,3882,5562,2657,3688,3778,5736,3934,5670,5553,8222,63616
1887,2733,2664,3948,2705,3906,3915,5465,2743,3811,3937,5500,3897,5541,5475,7922,63966
2866,3462,3398,4133,3429,4033,4012,4860,3476,3976,4050,4832,4088,4863,4874,5697,65474
5558,4757,4760,4011,4789,4096,4022,3530,4726,3998,4156,3557,4013,3586,3499,2991,65520
82,335,316,1428,350,1416,1323,6303,334,1289,1451,6318,1395,6352,6302,31055,37524
5531,4638,4665,4044,4723,4118,4014,3582,4598,4041,4216,3582,4026,3640,3542,3089,65484
91,320,321,1454,308,1426,1266,6230,301,1251,1432,6246,1486,6233,6211,31473,37002
6,54,45,446,48,448,199,3302,48,207,457,3285,449,3288,3296,50471,15978
14,110,92,662,99,631,464,4384,104,456,644,4374,661,4381,4378,44595,22360
24099,6829,6819,2027,6824,2023,2027,592,6838,2046,2019,563,2013,568,601,161,45862
2949,3422,3348,4070,3382,4137,3927,4896,3421,3970,4172,4779,4037,4813,4895,5831,65166
3001,3519,3512,3964,3374,4159,4012,4810,3472,4018,4068,4797,4149,4659,4763,5772,65306
5012,4496,4521,4193,4637,3975,3991,3775,4514,4101,4073,3690,4059,3806,3793,3413,65716
1015,1844,1818,3558,1887,3221,3242,6347,1808,3252,3326,6311,3525,6380,6311,12204,59324
7799,5425,5533,3881,5487,3955,3776,2787,5447,3856,3887,2815,3905,2769,2809,1918,63964
12000,6405,6402,3336,6322,3484,3388,1789,6407,3327,3402,1847,3414,1767,1791,968,59796
3952,4027,4056,4101,4068,4128,4081,4226,4017,4099,4150,4237,4099,4249,4216,4343,65934
1648,2578,2566,3775,2567,3836,3685,5664,2591,3626,3824,5711,3761,5712,5677,8828,62884
96,338,324,1505,339,1462,1243,6301,333,1253,1482,6277,1495,6292,6296,31013,37436
12388,6385,6478,3380,6426,3440,3256,1696,6507,3289,3266,1756,3310,1704,1818,950,59256
6832,5224,5272,3959,5178,3942,4048,3008,5191,4032,3881,3072,4086,2978,2975,2371,64926
4610,4198,4250,4158,4266,4081,4043,3980,4190,4014,4105,4061,4150,4077,3972,3894,65602
42555,4942,4959,571,4957,563,592,51,4944,592,559,68,571,66,53,6,24672
5765,4998,4906,4064,4899,4105,3982,3349,4942,3936,4154,3303,4127,3296,3293,2930,65272
0,42,27,372,34,370,181,2920,29,163,390,2923,378,2930,2907,52383,14010
23,126,145,941,145,960,733,5241,169,705,917,5288,898,5288,5284,39186,28278
682,1436,1365,3028,1415,2968,2883,6692,1390,2840,3064,6664,3024,6714,6646,15238,55852
5372,4682,4728,4016,4655,4082,4037,3607,4604,4025,4087,3665,4167,3592,3529,3201,65538
4259,4246,4187,4215,4227,4161,4124,4014,4278,4108,4169,3971,4143,4011,4046,3890,66132
1442,2328,2341,3680,2313,3792,3621,5896,2244,3694,3848,5836,3792,5808,5812,9602,62320
1338,2117,2167,3539,2151,3651,3498,6037,2147,3471,3605,6114,3525,6098,6067,10524,61156
4793,4361,4385,4100,4407,4262,4023,3788,4376,3992,4269,3843,4063,3865,3803,3719,65552
0,15,13,282,16,287,38,1568,14,49,291,1555,280,1558,1567,58516,7620
25874,6795,6829,1833,6835,1821,1787,473,6791,1830,1831,464,1831,470,469,116,43676
61289,1149,1145,24,1145,36,28,0,1149,24,36,0,24,0,0,0,4812
2804,3272,3356,4146,3352,4146,3910,4872,3343,4005,4071,4861,4079,4857,4943,6032,65128
5,35,32,410,40,382,146,2873,47,158,378,2858,390,2866,2885,52544,13804
43659,4710,4760,535,4759,540,514,56,4712,570,537,50,534,49,58,6,23468
10643,6087,6075,3642,6060,3623,3583,2021,6175,3488,3520,2104,3569,2089,2109,1261,61216
7460,5326,5405,4062,5470,3900,3759,2829,5336,3870,3955,2797,3987,2862,2839,2192,64026
16849,6800,6869,2823,6912,2738,2817,1110,6831,2856,2750,1140,2749,1183,1141,481,54392
2396,3070,3125,3955,3112,3928,4038,5160,3061,4001,3924,5252,3977,5239,5151,6660,65032
978,1802,1783,3413,1797,3464,3249,6294,1859,3185,3421,6339,3342,6353,6351,12419,59086
841,1606,1576,3207,1610,3243,3022,6558,1594,3098,3289,6452,3185,6486,6546,13736,57592
154,496,526,1802,512,1827,1638,6537,512,1593,1797,6612,1800,6598,6553,27092,42034
861,1638,1688,3250,1683,3354,3137,6433,1689,3131,3298,6489,3204,6484,6484,13226,58230
533,1191,1191,2845,1223,2835,2718,6788,1182,2735,2876,6771,2822,6803,6779,16757,54212
49,211,204,1267,245,1198,1033,5941,233,1111,1217,5856,1204,5897,5963,34420,33724
18851,6920,6905,2624,6945,2610,2606,854,6991,2531,2579,914,2513,954,925,327,52008
1280,2189,2087,3572,2140,3633,3489,6118,2207,3480,3668,6025,3501,6078,6136,10446,61292
1956,2685,2724,3948,2773,3847,3809,5459,2700,3864,3881,5443,3884,5492,5474,8110,63656
1274,2024,1998,3639,2047,3454,3312,6184,2057,3344,3470,6126,3557,6175,6217,11171,60260
4338,4181,4267,4009,4198,4180,4159,3981,4210,4088,4082,4138,4049,4069,4010,4090,65868
1,14,15,290,14,282,54,1697,15,50,280,1702,290,1701,1698,57946,8206
3509,3767,3758,4182,3770,4134,4100,4425,3727,4050,4186,4466,4210,4478,4385,4902,65788
6254,5033,5007,4103,5044,3977,3989,3217,5018,3968,4029,3212,4081,3249,3202,2666,65086
11790,6363,6265,3390,6221,3327,3407,1973,6264,3335,3382,1947,3533,1903,1874,1075,59926
72,274,307,1362,302,1422,1189,6210,288,1225,1403,6207,1353,6202,6224,32009,36382
60674,1302,1296,32,1295,34,27,0,1303,20,32,1,32,0,1,0,5422
73,299,325,1383,316,1407,1169,6158,305,1197,1392,6156,1386,6147,6164,32172,36170
1303,2161,2204,3675,2193,3695,3585,5982,2203,3574,3642,6036,3644,6025,6024,10103,61802
10693,6064,6100,3586,6071,3614,3571,2064,6132,3541,3517,2130,3547,2101,2132,1186,61282
2504,3083,3093,4063,3159,3909,3867,5171,3038,3958,4020,5090,4042,5156,5126,6770,64600
3004,3487,3524,4156,3500,4101,4025,4724,3559,4005,4005,4781,4108,4757,4796,5517,65558
5763,4827,4803,4148,4866,4043,4087,3380,4932,4058,4001,3385,3980,3448,3485,2843,65588
3982,3960,4008,4233,4062,4115,4058,4178,3968,4098,4161,4186,4171,4240,4186,4443,65780
626,1359,1356,2967,1291,2909,2747,6745,1309,2752,2894,6737,3082,6672,6695,15908,55014
4329,4185,4174,4083,4194,4169,4131,4062,4155,4107,4219,4075,4093,4095,4032,3946,66012
36583,5812,5810,997,5819,904,916,137,5825,918,900,133,975,142,150,28,31272
4425,4240,4150,4154,4161,4030,4092,4083,4186,4049,4095,4036,4197,4047,4029,4075,65690
7026,5260,5261,4059,5274,3859,3836,3041,5266,3891,3866,2987,4040,3000,3047,2336,64414
3425,3684,3679,3968,3676,4215,4069,4577,3690,4137,4206,4504,3965,4501,4583,5170,65660
7232,5316,5313,3938,5347,3927,3889,2924,5317,3854,3960,2956,3903,2990,2925,2258,64302
13769,6578,6514,3175,6540,3199,3198,1551,6564,3156,3239,1529,3163,1555,1537,782,57852
23941,6990,6920,1966,6873,2005,1993,589,7000,1912,1948,600,2003,553,599,157,45856
13623,6663,6633,3264,6683,3106,3133,1493,6734,3078,3085,1518,3143,1568,1564,761,57876
649,1414,1375,2995,1363,3022,3043,6670,1389,2917,3035,6757,3032,6745,6645,14998,56362
2363,3010,3068,3938,3041,4056,3945,5189,2991,3932,4048,5260,3984,5233,5170,6821,64742
38171,5651,5678,780,5675,780,798,119,5655,826,773,118,779,115,123,8,29494
996,1907,1906,3589,1933,3479,3337,6195,1919,3366,3494,6165,3550,6192,6207,11814,59942
12,109,108,788,125,808,621,4940,119,588,815,4972,761,4989,4950,41344,25902
731,1485,1460,3127,1476,3079,3039,6635,1428,3044,3152,6605,3168,6621,6578,14421,56980
4061,4132,4015,4007,4020,4144,4068,4309,4086,4117,4195,4143,4048,4148,4263,4293,65880
6439,5057,5081,4015,5113,4023,3922,3212,5005,4018,4107,3140,4035,3172,3160,2550,65000
4371,4175,4155,4076,4262,4170,4097,4020,4233,4086,4219,4011,3911,4118,4078,4067,65794
71,303,289,1307,284,1336,1212,6235,265,1227,1369,6206,1350,6201,6197,32197,36220
19848,6936,6908,2399,6918,2502,2447,889,6924,2444,2524,864,2401,874,877,294,50798
2812,3395,3344,4035,3260,4140,4026,4861,3389,3947,4062,4889,4125,4805,4855,6104,65106
14336,6652,6643,3040,6699,3059,3120,1486,6629,3153,3138,1444,3007,1500,1463,680,57306
22072,7041,6984,2141,7022,2163,2155,713,7009,2162,2233,649,2135,687,681,202,48092
17334,6805,6867,2792,6850,2761,2734,1069,6839,2735,2710,1130,2775,1113,1103,432,53752
1313,2138,2077,3643,2179,3595,3608,5980,2191,3513,3644,6014,3488,6116,6033,10517,61340
28503,6748,6599,1549,6619,1550,1566,395,6706,1479,1612,333,1571,353,353,113,40478
6804,5187,5119,4085,5199,3894,3895,3091,5146,3852,4015,3066,4046,3146,3050,2454,64538
7807,5459,5455,3881,5470,3879,3840,2794,5450,3852,3903,2778,3875,2793,2785,2028,63906
3948,3921,3975,4167,4035,4128,4016,4274,3960,4137,4149,4207,4068,4267,4313,4484,65770
382,988,975,2624,964,2596,2451,6908,995,2492,2578,6854,2628,6843,6915,18856,51754
3503,3731,3803,4198,3866,4091,4002,4377,3808,4007,4077,4444,4058,4507,4454,5123,65432
5,50,52,444,50,410,226,3174,53,187,405,3215,443,3213,3177,50945,15512
5643,4752,4683,4199,4718,4103,3927,3488,4778,3856,4112,3490,4138,3525,3514,3123,65066
3195,3534,3642,4070,3639,4106,4019,4660,3520,4167,4117,4620,4087,4617,4646,5410,65630
21800,7016,6928,2138,6944,2282,2226,728,6945,2142,2369,724,2193,740,657,217,48400
35797,5903,5882,1012,5890,1041,977,151,5917,960,1035,147,990,155,165,27,32162
1082,1846,1863,3437,1854,3511,3231,6258,1905,3235,3443,6271,3387,6262,6317,12147,59286
3245,3591,3605,4191,3662,4075,4030,4604,3617,4074,4106,4574,4108,4631,4630,5306,65602
1141,2013,2057,3479,2031,3456,3429,6207,1994,3487,3449,6193,3524,6167,6188,11234,60590
2783,3250,3284,4017,3228,3974,4038,4976,3182,4012,3986,5036,4141,4980,4908,6254,65062
670,1406,1378,3055,1426,3021,2833,6776,1389,2873,3086,6708,3024,6756,6759,14889,56196
25379,6818,6856,1854,6865,1867,1826,498,6824,1849,1870,513,1839,522,504,165,44180
2218,2918,2893,3893,2849,4020,3762,5435,2877,3849,4017,5323,3978,5279,5394,7344,64098
1564,2386,2329,3760,2355,3701,3590,5926,2386,3705,3727,5754,3734,5780,5926,9426,62354
50429,3524,3519,263,3522,225,248,15,3523,242,229,16,261,19,14,0,16110
152,520,525,1752,483,1860,1652,6570,513,1631,1825,6596,1801,6554,6563,27052,42128
3012,3489,3561,4159,3637,3966,4012,4708,3527,4162,4004,4630,4045,4706,4746,5685,65526
12630,6370,6411,3352,6405,3428,3270,1690,6364,3254,3428,1747,3364,1741,1684,911,59032
12878,6572,6491,3267,6486,3267,3260,1679,6500,3204,3334,1654,3344,1649,1607,857,58778
3466,3667,3662,4103,3684,4065,4072,4529,3681,4024,4073,4572,4067,4594,4543,5247,65432
9252,5784,5805,3661,5750,3766,3784,2425,5791,3787,3704,2443,3709,2388,2432,1568,62800
27400,6703,6698,1690,6708,1657,1691,408,6713,1670,1657,424,1670,434,418,108,41902
15496,6773,6758,2884,6726,3069,3007,1282,6753,2983,3057,1291,2936,1259,1262,513,56030
15910,6836,6743,2911,6790,2927,2933,1227,6884,2862,2926,1205,2816,1252,1275,552,55382
240,677,673,2231,720,2152,2100,6828,661,2131,2215,6793,2200,6840,6812,22776,47264
1506,2218,2261,3541,2217,3699,3554,6005,2172,3617,3701,5985,3631,5941,5959,10042,61672
2093,2862,2842,3896,2905,3915,3847,5422,2895,3933,3945,5316,3800,5379,5455,7544,64192
52,237,235,1166,211,1197,1047,5949,229,1035,1181,5959,1198,5935,5941,34477,33602
4143,4221,4139,4062,4121,4114,4131,4124,4173,4047,4144,4126,4128,4108,4076,4192,65892
48946,3761,3783,330,3779,326,295,23,3762,312,321,28,333,24,24,2,17708
233,689,657,2128,679,2176,2046,6864,709,2029,2178,6849,2086,6871,6884,22971,46920
485,1046,1060,2788,1098,2747,2482,6830,1089,2570,2742,6756,2707,6794,6873,17982,52634
109,425,380,1662,402,1595,1449,6533,385,1496,1657,6441,1680,6463,6493,28879,40006
2224,2925,2845,3810,2881,3835,3833,5444,2844,3836,3952,5361,3855,5397,5363,7644,63850
2,17,24,331,19,327,81,2184,26,96,313,2176,327,2171,2193,55762,10462
1250,2075,2146,3564,2117,3555,3523,6038,2091,3502,3510,6130,3577,6101,6054,10816,61008
567,1338,1292,2939,1304,2902,2860,6792,1329,2893,2923,6713,2936,6725,6783,15753,55482
37632,5674,5690,900,5689,801,858,136,5666,873,808,137,909,136,128,12,30136
2389,3033,3029,4044,3033,3942,4000,5178,3036,3982,3943,5192,4037,5196,5181,6834,64808
2238,2984,2902,3940,2913,3847,4000,5263,2968,3797,3874,5384,3945,5395,5247,7352,64256
901,1690,1728,3308,1730,3306,3310,6384,1683,3262,3315,6470,3313,6472,6377,12800,58920
6,53,47,436,44,400,191,3228,35,184,415,3229,457,3226,3210,50888,15530
14,91,111,752,88,744,536,4804,122,527,690,4833,744,4810,4835,42348,24750
47547,4069,4071,349,4072,350,364,20,4076,358,344,28,341,29,27,4,19220
3756,3932,3907,4105,3878,4117,4094,4328,3959,3984,4061,4413,4107,4384,4355,4669,65702
304,761,794,2297,749,2310,2078,6810,719,2084,2307,6837,2384,6792,6768,22055,47852
5932,4835,4738,3999,4778,4156,4023,3429,4859,3971,4172,3384,3935,3424,3453,2961,65150
5571,4757,4752,4104,4660,4173,4044,3457,4753,3944,4085,3552,4200,3460,3453,3084,65382
9907,5932,5968,3704,5959,3740,3577,2220,5934,3622,3729,2211,3711,2202,2222,1411,61930
1078,1829,1791,3469,1855,3357,3390,6235,1874,3296,3376,6291,3360,6355,6280,12213,59444
20,129,125,832,147,789,664,5094,129,643,811,5111,810,5133,5094,40518,26818
11750,6329,6380,3439,6393,3323,3389,1880,6294,3436,3371,1884,3461,1897,1845,978,60146
2704,3257,3346,4057,3329,4062,3944,4943,3287,4032,4015,4944,4044,4927,4973,6185,65136
9449,5944,5862,3776,5956,3576,3646,2362,5906,3663,3708,2263,3720,2357,2324,1537,62372
13119,6477,6503,3205,6494,3283,3196,1685,6450,3248,3301,1659,3241,1650,1658,880,58494
306,902,907,2506,900,2558,2332,6891,910,2430,2543,6798,2505,6791,6899,19871,50634
411,978,1025,2638,1055,2622,2499,6753,993,2504,2637,6795,2593,6825,6768,18953,51688
19689,6916,6926,2457,6885,2465,2571,867,6927,2564,2413,884,2487,843,878,277,51218
34724,6073,6006,1092,6008,1072,1079,176,6079,1014,1068,174,1084,176,182,42,33376
11870,6337,6277,3478,6346,3417,3365,1856,6334,3380,3489,1781,3412,1850,1853,1004,59920
91,354,349,1531,344,1551,1338,6417,331,1380,1569,6370,1559,6365,6394,30106,38570
4579,4268,4241,4195,4363,4073,4145,3929,4308,4195,4155,3852,4033,3974,3969,3770,66040
13154,6537,6418,3325,6475,3195,3276,1647,6518,3183,3271,1621,3287,1678,1628,836,58518
318,756,768,2422,835,2245,2081,6796,798,2080,2270,6809,2313,6876,6838,21844,48048
10519,6114,6145,3543,6065,3734,3462,2099,6181,3459,3587,2133,3556,2053,2166,1233,61218
6326,5125,5014,3940,4982,4059,3946,3264,5106,3848,4046,3251,3991,3219,3245,2687,64830
6057,5010,4890,4069,4922,3983,4021,3366,4937,3949,4088,3318,4110,3350,3293,2686,65276
