Pattern 1,Pattern 2,Pattern 3,Pattern 4,Pattern 5,Pattern 6,Pattern 7,Pattern 8,Pattern 9,Pattern 10,Pattern 11,Pattern 12,Pattern 13,Pattern 14,Pattern 15,Pattern 16,Points_8_Async
727,413,421,191,418,258,200,117,425,204,243,121,182,118,129,58,3902
87,156,127,225,127,217,194,396,135,175,238,386,246,386,375,755,4507
2388,376,368,49,365,48,60,13,371,57,50,8,57,5,8,2,1954
4,16,16,88,18,74,28,286,20,31,72,283,82,285,290,2632,4280
224,220,233,288,242,282,249,267,249,249,262,280,250,289,296,345,4499
935,405,405,216,399,224,184,96,422,174,201,106,205,100,113,40,3648
172,204,204,240,203,256,238,328,189,231,270,335,256,334,313,452,4522
1018,438,436,178,432,196,186,80,444,184,186,80,176,76,86,29,3577
90,147,134,226,150,217,200,389,144,195,236,381,213,397,386,720,4530
0,3,7,75,4,71,8,175,8,11,63,176,73,173,180,3198,4244
360,322,313,247,306,257,260,220,310,255,262,216,266,209,208,214,4380
3,34,20,116,23,103,57,394,16,71,124,366,131,369,376,2022,4350
1681,426,433,115,427,124,123,23,425,121,119,32,122,26,22,6,2788
248,248,258,263,251,272,241,275,258,249,255,277,260,270,285,315,4467
45,93,97,200,88,213,161,425,89,174,208,416,213,407,421,975,4515
317,279,279,245,277,275,234,260,283,261,269,233,243,231,264,275,4403
2184,398,383,64,379,75,80,15,397,67,72,13,69,9,14,6,2188
2563,348,333,48,333,43,52,7,346,37,45,7,50,7,5,1,1751
145,200,191,231,188,256,236,355,187,244,266,338,247,335,342,464,4560
1192,431,427,171,427,166,171,68,430,161,167,74,172,74,67,27,3365
327,311,298,278,296,258,269,210,309,254,258,212,282,210,208,245,4421
1412,438,447,136,434,174,135,34,452,125,147,53,135,40,48,15,3073
3,20,20,67,18,80,19,276,17,26,81,269,72,267,273,2717,4267
3,14,11,86,18,95,48,294,15,27,101,312,78,319,295,2509,4297
677,364,386,238,378,234,206,149,370,229,220,148,240,140,155,91,3983
2076,395,404,71,401,72,89,21,390,101,74,18,79,15,16,3,2339
254,260,251,279,283,266,245,273,261,266,297,243,246,275,274,252,4482
210,214,216,297,209,259,267,277,237,245,229,301,281,294,300,389,4527
2785,294,283,48,284,48,41,5,295,31,48,4,46,5,6,2,1512
965,437,450,176,439,188,178,89,427,177,187,103,197,92,79,41,3615
306,267,272,286,271,256,247,251,278,265,244,238,276,237,262,269,4431
157,212,194,255,199,235,224,348,208,230,244,324,254,329,344,468,4522
2525,335,363,41,355,44,51,3,337,72,34,10,47,2,5,1,1823
587,360,343,253,359,231,241,168,349,249,258,143,248,159,157,120,4128
1626,449,410,118,412,127,133,40,444,104,134,30,121,32,35,10,2836
67,109,98,212,109,199,184,406,90,180,229,399,220,410,387,926,4522
1035,437,442,185,434,195,169,76,437,164,187,86,193,78,76,31,3523
791,399,367,222,377,229,215,129,393,195,245,117,218,127,123,78,3844
516,330,332,218,333,262,224,209,318,232,275,203,229,204,197,143,4165
214,220,197,261,207,244,260,311,209,240,265,308,262,318,300,409,4511
1607,440,443,128,439,115,115,31,437,109,114,40,135,36,28,8,2842
3,13,7,79,18,59,21,229,13,16,70,228,68,239,229,2933,4259
6,19,24,95,18,111,44,325,23,41,101,333,97,327,329,2332,4304
2158,399,390,78,389,66,74,14,400,62,64,17,78,16,15,5,2203
536,362,373,226,377,235,240,167,339,242,262,176,245,180,144,121,4171
263,251,246,279,243,236,263,280,231,247,253,291,302,288,260,292,4472
76,142,138,217,141,215,189,397,123,183,237,399,233,402,378,755,4521
31,61,69,152,54,201,124,412,68,128,179,416,160,401,419,1350,4446
281,260,249,258,275,241,257,267,251,237,276,276,241,302,258,296,4438
436,299,319,279,319,261,225,219,315,259,245,205,263,205,235,141,4273
30,54,67,193,70,155,105,408,50,109,162,417,194,420,404,1387,4409
98,118,111,253,128,238,203,365,146,187,227,374,208,391,393,785,4517
529,342,348,268,344,235,236,177,359,249,214,170,255,166,194,139,4181
3291,209,214,13,214,14,13,0,211,16,12,2,11,2,2,1,963
381,295,308,290,310,280,248,193,299,247,278,207,284,209,197,199,4339
64,124,131,225,107,208,180,402,113,164,195,425,260,401,391,835,4505
171,190,209,267,187,291,218,320,209,228,250,329,270,307,339,440,4500
122,185,164,259,189,209,231,361,179,214,240,357,240,382,355,538,4548
337,303,294,233,283,266,245,258,297,239,261,255,250,244,252,208,4372
8,35,25,122,32,102,49,362,26,58,118,343,124,350,353,2118,4324
84,130,123,231,126,231,200,397,122,194,242,396,236,399,389,725,4535
852,415,397,191,381,211,212,127,420,202,190,119,202,103,132,71,3787
2178,383,392,76,388,72,72,12,384,78,67,15,79,11,13,5,2197
1945,403,429,84,431,101,63,22,396,93,110,18,89,20,15,6,2436
522,342,359,217,359,279,225,174,346,233,275,183,213,183,178,137,4161
996,416,432,186,423,198,204,79,412,209,193,90,199,81,75,32,3642
110,178,183,229,169,236,207,365,157,212,243,365,264,351,344,612,4534
1205,450,446,156,449,167,169,49,445,153,175,61,158,64,44,34,3342
376,318,308,290,321,235,252,219,319,275,247,186,276,199,220,184,4376
427,332,327,258,333,243,242,200,325,239,256,198,259,204,193,189,4279
1,10,9,86,10,71,28,242,11,23,71,246,84,247,243,2843,4275
2520,338,350,58,353,51,35,5,338,47,54,5,55,8,5,3,1787
3581,149,153,10,153,3,3,1,148,7,4,1,11,1,0,0,654
194,214,211,257,226,262,248,294,230,239,261,300,226,315,310,438,4518
2,9,11,73,5,70,14,210,6,14,67,212,82,206,207,3037,4251
348,302,290,249,286,279,251,225,312,222,265,242,243,238,235,238,4350
625,372,372,227,378,225,225,162,366,237,237,150,227,156,156,110,4062
1,8,10,65,7,80,11,210,8,15,77,208,68,205,210,3042,4250
1541,453,446,122,431,130,131,37,449,121,119,40,141,25,33,6,2936
423,308,319,260,318,276,243,201,328,243,255,212,241,211,221,166,4288
278,261,267,258,256,263,257,273,263,264,250,272,267,261,275,260,4468
1067,439,439,202,445,169,171,69,442,171,172,69,193,75,72,30,3500
157,214,213,253,206,261,230,321,216,227,252,323,258,316,323,455,4525
365,305,285,250,273,270,231,252,289,212,274,251,278,239,236,215,4303
3658,133,134,6,134,8,2,0,133,3,8,0,6,0,0,0,572
2017,406,396,80,398,91,83,26,397,76,102,23,87,25,17,1,2367
0,1,1,63,1,63,0,4,1,0,63,4,63,4,4,3953,4225
2704,317,318,35,318,46,36,4,316,37,47,4,36,4,3,0,1594
356,299,294,284,293,258,221,240,303,245,253,211,281,210,244,233,4335
816,394,394,209,403,219,195,124,382,207,240,112,212,121,112,85,3811
1070,434,446,159,435,193,182,77,431,191,185,80,173,69,74,26,3528
66,113,128,209,124,216,188,382,108,178,217,407,218,403,377,891,4525
221,255,289,265,283,253,251,259,251,267,251,277,275,271,255,302,4522
1797,419,427,108,419,118,89,26,430,94,99,29,105,21,37,7,2611
564,384,372,251,357,235,242,152,375,220,229,162,275,147,143,117,4123
123,150,165,253,169,254,215,355,159,213,249,372,240,376,364,568,4530
379,327,303,254,307,249,235,223,329,203,251,231,248,235,225,226,4284
15,31,40,143,44,138,99,413,45,104,128,417,125,421,427,1635,4413
257,233,247,309,257,248,227,267,249,250,242,258,283,268,283,347,4445
494,372,353,259,343,225,255,178,370,233,217,181,271,171,176,127,4219
665,397,392,210,379,233,224,150,407,227,210,142,213,129,160,87,4011
73,112,135,227,119,238,192,385,116,191,218,409,239,393,389,789,4535
347,296,305,277,289,275,242,223,303,253,252,221,286,205,230,221,4373
314,292,276,271,294,233,248,254,283,239,260,247,262,265,245,242,4398
372,308,276,266,265,286,263,234,314,252,269,213,271,202,240,194,4368
2312,388,373,53,379,66,67,6,391,54,69,4,44,10,9,0,2034
246,267,259,284,253,262,254,254,267,219,256,281,290,275,254,304,4452
1,6,11,80,8,77,13,201,12,12,68,207,77,204,207,3041,4249
62,121,136,237,135,235,187,383,126,194,229,391,233,390,388,778,4544
203,234,228,249,241,256,232,301,217,233,286,294,253,307,284,407,4487
558,360,378,228,362,249,246,158,360,249,233,173,244,157,158,112,4162
560,377,353,217,353,251,269,158,372,230,256,173,222,173,153,108,4164
167,190,183,277,192,237,239,329,182,237,254,324,276,333,321,484,4534
2,12,8,58,8,49,5,134,4,7,57,128,66,128,126,3433,4235
8,22,28,107,28,99,62,351,22,62,99,357,107,357,351,2165,4341
1656,435,420,121,426,126,117,33,449,113,118,22,101,28,47,13,2799
75,111,121,232,129,209,187,394,115,191,213,400,220,408,398,822,4528
583,371,351,234,359,260,224,164,372,211,267,157,225,165,165,117,4077
1,8,13,67,9,69,8,195,13,10,60,198,66,194,200,3114,4242
746,405,421,196,430,201,221,126,387,244,228,119,205,128,108,60,3944
322,291,270,267,271,263,267,249,291,253,264,242,266,243,249,217,4423
362,295,293,286,310,264,229,230,323,238,253,219,241,236,258,188,4330
446,317,296,262,298,284,266,187,333,231,270,201,244,203,203,184,4276
34,70,81,182,70,171,135,422,79,128,151,440,184,429,431,1218,4454
26,61,72,169,79,200,141,426,66,169,202,409,157,416,431,1201,4509
2114,411,414,64,414,67,70,13,408,71,70,15,67,15,10,2,2252
788,423,425,217,424,207,226,95,430,216,199,107,211,106,102,49,3879
3552,158,160,6,160,7,4,0,158,6,7,0,6,0,0,1,683
20,50,43,152,51,123,102,398,40,97,141,396,154,404,388,1666,4404
29,53,61,153,51,178,128,392,70,104,151,424,146,414,409,1462,4428
330,259,290,256,284,265,232,247,254,240,264,270,267,264,242,261,4367
130,177,181,240,182,227,229,358,161,233,244,358,255,359,342,549,4557
8,28,23,126,28,101,56,360,29,66,105,345,120,350,361,2119,4339
157,189,183,262,176,257,239,332,206,234,233,331,252,324,349,501,4541
888,412,433,202,414,228,194,88,437,193,184,110,196,91,113,42,3724
192,214,211,274,209,258,216,309,223,201,247,321,267,319,318,446,4450
472,339,319,246,323,271,224,210,338,217,276,197,243,201,209,140,4194
112,143,165,236,153,274,234,350,153,216,252,390,238,378,360,571,4563
155,181,186,226,177,251,213,351,170,217,253,352,246,343,340,564,4500
393,315,294,258,304,257,241,236,310,238,272,218,253,228,231,177,4311
173,196,204,246,188,292,208,321,197,209,275,328,261,312,322,493,4469
149,198,208,263,208,227,225,337,197,219,228,353,264,353,336,460,4520
32,63,82,191,88,169,124,412,73,149,165,406,175,412,422,1262,4466
0,1,1,63,1,63,0,16,1,0,63,16,63,16,16,3905,4225
159,220,202,270,226,259,240,311,210,207,293,326,256,350,301,395,4513
1387,436,449,157,452,135,133,47,435,146,139,47,155,50,46,11,3117
366,312,278,275,295,275,258,219,324,228,280,215,246,232,231,191,4345
45,92,89,207,91,182,156,421,107,168,169,406,190,408,436,1058,4504
15,41,35,123,36,104,68,409,40,75,106,396,123,397,408,1849,4353
166,184,211,254,212,253,236,316,180,257,258,322,257,323,312,484,4552
286,258,273,264,257,293,228,257,273,251,262,249,265,233,272,304,4418
994,434,422,196,433,181,187,82,436,165,190,92,183,103,84,43,3583
183,224,220,264,225,271,250,297,241,228,259,315,242,320,314,372,4520
1909,427,428,84,418,89,84,25,426,81,80,29,95,19,24,7,2481
21,66,55,145,59,134,116,429,55,129,149,405,152,409,418,1483,4449
132,183,169,245,168,241,244,350,183,234,240,346,246,345,350,549,4571
101,134,147,240,159,237,207,356,148,206,235,370,214,382,370,719,4537
272,272,268,253,274,262,230,277,267,239,273,264,252,270,272,280,4422
24,74,66,146,61,170,132,420,60,118,179,426,165,421,406,1357,4451
4,23,20,90,17,95,48,329,19,47,96,327,97,324,325,2364,4316
350,303,294,297,313,225,261,216,303,249,244,219,278,238,216,219,4385
422,316,313,258,300,256,266,209,317,257,242,215,270,202,210,172,4326
1848,423,422,115,425,90,85,24,423,87,93,21,112,24,24,9,2549
198,244,227,242,236,267,244,311,218,240,302,298,259,307,285,347,4511
86,113,118,244,124,229,213,358,140,196,208,380,211,386,385,834,4548
796,424,415,225,414,191,207,115,422,206,192,107,228,106,113,64,3842
144,201,205,250,212,243,229,335,195,245,256,323,249,330,329,479,4555
1564,427,432,145,431,122,126,33,429,118,119,46,144,45,35,9,2905
1472,443,425,143,423,131,135,53,445,123,127,47,143,45,55,15,3011
4065,39,39,1,39,0,1,0,39,1,0,0,1,0,0,0,162
736,382,391,207,380,243,202,138,382,207,232,142,218,131,138,96,3898
0,5,3,65,5,57,11,104,3,7,61,106,65,108,102,3523,4243
756,399,392,237,403,203,228,115,413,213,200,123,212,134,129,68,3910
395,322,315,272,315,256,236,216,330,235,248,210,264,210,224,177,4301
63,113,124,221,114,232,165,401,131,186,204,391,213,381,419,867,4513
2462,361,366,48,363,46,45,7,362,47,42,10,50,7,8,1,1855
323,279,262,275,272,272,233,267,291,264,270,219,253,229,279,237,4399
2170,384,393,81,389,83,64,10,394,71,69,12,75,8,20,2,2190
2,7,11,59,4,67,8,142,6,4,61,150,67,143,141,3353,4235
2513,349,353,51,352,41,49,6,345,53,44,6,56,5,2,0,1814
2,14,13,85,14,87,31,280,14,25,88,285,84,286,280,2637,4279
1108,448,448,175,449,160,171,71,448,165,161,77,174,78,71,21,3453
51,82,92,196,100,212,169,400,90,168,212,411,180,419,408,1035,4511
0,8,6,56,5,58,5,118,3,8,62,113,62,112,113,3496,4238
239,209,223,250,223,273,236,301,218,239,264,312,241,312,310,375,4461
1757,430,444,119,452,90,86,24,424,102,104,22,117,30,18,6,2656
513,362,355,224,357,253,245,173,366,229,251,182,218,184,177,136,4186
192,207,224,277,228,242,235,310,207,249,246,313,273,317,310,395,4517
190,206,213,235,202,294,238,319,205,236,284,328,247,317,318,393,4509
500,352,358,263,355,238,245,168,358,244,229,175,260,172,174,134,4214
148,194,182,248,171,240,219,361,193,222,230,346,260,335,360,516,4518
44,83,79,195,87,173,170,421,84,157,180,430,186,438,422,1076,4508
276,254,243,281,253,245,232,283,242,243,267,261,283,271,271,320,4424
166,190,190,265,214,224,221,343,179,237,259,327,252,351,332,475,4517
14,43,50,146,41,137,95,398,55,114,116,386,143,377,410,1700,4420
400,323,316,234,303,284,280,193,329,256,265,210,241,197,199,195,4361
124,162,153,235,160,246,248,356,165,224,250,371,225,378,359,569,4573
409,318,325,248,329,268,245,203,299,251,291,204,263,208,184,180,4312
537,355,352,223,345,277,248,167,373,228,252,184,212,177,185,110,4164
3717,119,122,2,121,5,5,0,119,7,4,1,3,0,0,0,520
3,4,6,70,7,70,7,148,8,11,67,146,65,147,152,3314,4240
104,176,163,265,174,233,218,369,174,225,246,349,256,360,367,546,4564
199,229,246,243,243,271,253,297,234,267,263,300,241,297,302,340,4546
1266,458,441,160,439,142,163,62,463,157,135,51,157,49,67,15,3279
80,105,126,237,121,215,183,374,112,186,203,392,235,387,381,888,4514
0,4,3,62,4,60,2,55,3,0,62,56,62,57,54,3741,4227
318,288,292,250,291,283,237,252,282,255,288,238,257,237,246,211,4399
3427,182,181,14,182,10,11,0,182,9,11,1,13,2,0,0,818
67,102,96,211,108,191,162,416,101,167,204,405,200,417,415,963,4487
48,116,115,223,123,212,174,405,104,182,232,396,227,404,393,871,4533
0,1,2,63,2,63,1,50,3,0,61,52,61,52,52,3762,4226
555,352,383,232,371,262,211,170,346,244,256,168,250,156,164,105,4125
52,96,99,180,76,198,144,416,84,158,187,405,215,382,404,1129,4475
258,266,251,263,252,262,251,277,248,250,281,263,280,264,259,300,4468
1109,447,447,145,436,186,181,71,442,169,180,83,161,72,66,30,3466
165,204,215,244,193,267,237,332,195,243,254,337,275,315,323,426,4540
3994,57,58,0,58,0,0,0,57,1,0,0,0,0,0,0,232
712,400,403,230,410,212,228,114,409,211,210,134,214,141,123,74,3952
689,402,413,237,413,218,208,125,406,217,214,127,233,127,129,67,3961
677,384,386,251,409,218,208,132,389,213,236,129,223,152,137,81,3969
754,414,403,207,398,208,211,141,404,212,213,129,222,124,131,54,3894
1,9,9,63,11,60,6,154,10,11,61,149,60,151,155,3315,4241
512,347,330,253,323,257,239,185,347,214,250,193,260,186,185,144,4166
374,309,316,249,305,261,268,212,312,253,247,234,257,223,215,190,4372
549,353,344,262,322,242,245,175,344,233,229,178,293,156,166,134,4154
3979,60,60,1,60,1,1,0,60,1,1,0,1,0,0,0,248
20,63,42,160,42,148,110,423,58,102,153,410,165,410,418,1501,4417
761,430,391,216,397,221,215,124,421,190,236,110,219,116,115,63,3869
202,250,243,247,227,256,249,302,234,244,256,300,279,284,286,366,4516
71,150,128,242,128,194,182,421,141,199,203,382,251,382,412,739,4535
2141,403,409,73,403,76,59,11,410,60,63,16,72,10,18,1,2203
230,227,235,267,261,263,262,272,245,267,271,275,223,301,290,336,4524
281,252,269,267,261,251,242,269,260,253,235,275,267,267,277,299,4439
182,226,227,259,202,273,257,301,230,240,244,319,280,294,305,386,4540
452,308,304,253,312,280,231,215,323,244,273,198,230,206,230,166,4248
33,71,80,211,93,222,150,396,92,146,214,409,177,422,417,1092,4488
0,18,16,74,13,88,38,301,10,29,93,308,85,305,293,2554,4292
20,57,52,164,51,141,102,426,55,117,142,406,167,405,424,1496,4424
3594,150,155,4,155,1,3,0,150,8,1,0,4,0,0,0,642
350,301,299,282,299,257,239,223,304,222,254,238,279,238,226,214,4336
40,87,98,186,81,215,170,394,84,180,201,395,206,378,391,1119,4535
264,283,267,250,275,254,237,272,284,235,261,258,241,266,273,305,4433
2081,403,410,77,412,63,76,19,397,86,71,16,81,18,13,2,2306
1254,441,420,165,429,173,166,58,448,157,175,46,149,55,65,24,3294
242,257,234,234,230,277,250,292,257,205,273,314,238,310,292,320,4438
0,6,6,60,3,69,6,145,3,5,69,146,66,143,142,3356,4236
4117,27,27,0,27,0,0,0,27,0,0,0,0,0,0,0,108
414,320,332,258,319,259,246,203,322,259,244,202,269,189,205,184,4316
210,240,258,261,264,280,248,283,234,269,292,280,261,286,277,282,4532
268,260,263,270,269,274,218,273,267,238,273,256,257,262,280,297,4413
2421,361,366,50,366,50,55,9,360,62,51,7,51,7,8,1,1921
347,273,278,272,289,260,245,233,274,243,270,240,260,251,234,256,4366
1978,406,412,77,409,99,88,21,405,97,97,18,81,15,20,2,2432
1,10,5,62,9,50,3,103,4,1,60,100,64,104,97,3552,4228
640,387,384,253,395,211,225,138,388,219,221,141,241,152,139,91,4029
14,57,53,169,50,154,118,415,60,115,148,414,169,411,418,1460,4444
0,6,8,62,6,67,11,169,8,8,63,174,62,172,171,3238,4244
158,217,200,255,224,245,230,328,204,243,282,298,244,322,315,460,4540
47,99,90,175,82,210,164,430,98,181,203,404,184,396,429,1033,4523
1749,443,450,84,442,108,103,25,445,108,98,27,90,19,27,7,2687
48,93,92,174,81,219,156,421,99,162,202,414,179,403,427,1055,4495
435,357,355,245,337,243,233,208,339,234,243,205,281,187,190,133,4257
962,433,412,199,411,203,203,86,430,184,205,84,203,83,83,44,3650
397,321,322,233,322,240,235,227,305,226,256,237,249,237,211,207,4289
183,233,197,235,201,280,241,324,231,226,286,303,233,307,322,423,4509
652,379,404,238,408,213,206,144,392,233,204,142,221,146,157,86,4012
1882,423,420,98,421,98,91,19,425,85,97,22,95,23,21,5,2519
2959,274,271,30,270,24,28,4,272,24,25,5,33,4,2,0,1318
343,303,262,272,266,281,253,249,314,223,274,238,257,242,260,188,4358
97,139,149,211,142,264,231,365,143,230,253,376,214,369,369,673,4589
85,151,145,196,138,257,219,389,137,204,264,398,217,391,375,659,4563
744,399,400,216,396,233,221,108,413,187,215,143,206,139,122,83,3889
163,176,175,231,177,263,238,335,169,232,272,340,236,342,328,548,4532
684,400,391,227,376,229,232,139,399,223,215,139,243,124,138,66,3996
5,22,25,99,23,89,50,350,20,45,89,358,103,356,348,2243,4315
1006,420,415,190,405,196,180,101,408,176,198,100,212,90,89,39,3575
338,280,273,258,279,266,245,247,280,234,272,251,252,257,247,246,4366
510,368,331,245,342,246,212,200,356,210,269,165,246,176,188,161,4137
401,306,306,279,315,257,231,214,315,228,257,217,261,226,223,189,4283
3343,203,204,12,205,13,7,0,203,7,14,1,11,2,0,0,896
186,198,199,226,200,286,257,320,195,261,290,317,228,318,317,427,4557
17,57,55,165,58,150,111,408,64,111,146,406,155,409,415,1498,4430
416,319,309,266,307,265,221,205,312,191,270,225,275,223,198,223,4221
589,369,373,234,355,240,232,168,365,242,226,162,256,144,164,106,4110
535,346,355,246,340,233,229,184,354,236,210,186,253,171,192,155,4155
3956,68,63,1,63,0,5,0,68,0,0,0,1,0,0,0,274
2373,379,370,52,372,52,60,8,378,52,55,7,51,9,7,0,1964
6,16,20,90,13,105,37,309,14,45,100,305,99,298,307,2461,4301
325,295,277,236,292,262,236,260,276,240,296,238,240,253,241,258,4376
292,273,268,275,272,277,240,241,276,227,278,249,268,253,244,292,4400
73,134,125,211,126,233,185,382,130,165,238,393,214,394,378,844,4502
296,253,268,278,259,270,236,259,275,246,239,264,265,255,281,281,4411
514,368,348,246,357,229,264,177,345,255,261,166,260,175,154,106,4230
0,5,9,63,6,65,4,167,11,9,56,166,60,163,173,3268,4238
268,250,268,273,268,260,251,258,268,242,242,285,255,285,276,276,4450
74,119,137,224,130,207,199,384,122,181,197,420,228,413,387,803,4531
345,302,321,249,313,278,281,201,307,272,265,229,252,221,206,183,4433
609,373,386,227,377,252,214,153,381,228,235,152,228,143,161,106,4058
189,199,242,256,238,273,236,301,228,255,240,325,231,321,330,361,4527
179,216,220,277,214,270,236,302,214,219,266,323,285,317,300,387,4501
564,368,347,259,364,227,237,164,379,227,233,153,231,170,175,127,4125
232,221,205,286,218,239,224,307,216,209,257,306,278,319,302,406,4426
14,52,39,139,48,132,112,431,38,117,155,413,144,422,417,1552,4440
266,284,268,258,277,262,292,243,278,265,277,254,255,263,237,246,4516
15,36,30,101,28,124,88,377,34,90,124,369,105,367,375,1962,4388
178,218,216,259,210,255,218,312,210,205,257,323,273,317,304,470,4470
33,71,61,181,65,178,129,403,74,105,179,417,174,421,406,1328,4426
144,206,195,261,204,265,278,307,209,258,271,316,249,325,310,427,4617
281,253,251,281,271,262,229,261,248,234,287,254,266,274,256,317,4407
85,134,125,222,126,211,221,394,128,215,218,391,227,392,388,748,4576
1081,446,441,174,429,160,186,80,429,173,165,88,203,76,63,31,3503
11,35,46,130,47,145,93,389,45,97,136,396,119,397,399,1740,4404
104,162,147,244,153,230,220,369,160,188,238,386,240,392,367,625,4529
130,179,157,226,155,224,227,378,169,215,232,368,238,366,368,593,4537
199,209,208,266,196,250,261,301,210,257,237,304,277,292,302,456,4544
713,401,385,223,386,223,218,136,403,206,222,132,220,133,138,86,3936
31,63,64,187,72,175,130,407,68,130,178,408,174,416,412,1310,4454
525,346,348,266,346,252,221,185,346,233,250,175,268,173,185,106,4154
973,435,428,200,431,179,197,88,428,211,189,67,204,70,81,44,3660
31,107,106,205,111,167,173,435,83,173,196,434,224,439,411,930,4540
1120,433,430,160,411,182,182,82,433,171,163,90,179,71,82,36,3458
357,311,299,273,314,237,262,224,300,260,263,214,269,229,213,200,4390
263,258,268,284,255,257,239,277,248,263,254,263,307,250,267,272,4464
191,196,205,244,216,240,219,341,164,245,283,324,265,335,309,448,4498
869,435,429,199,422,188,209,102,431,202,185,103,210,96,98,47,3767
281,284,276,280,273,259,237,255,276,221,264,263,291,260,247,258,4402
1255,428,447,147,452,162,149,62,429,163,166,67,141,72,63,22,3282
292,268,268,267,274,292,273,241,267,261,299,253,262,259,240,209,4467
220,257,230,247,235,277,223,316,242,228,297,284,257,289,301,322,4456
107,173,156,236,177,226,232,366,179,240,241,341,209,362,372,608,4590
516,357,339,236,331,258,254,193,347,253,260,176,254,168,183,100,4216
14,30,32,104,27,116,71,368,28,62,113,379,111,374,366,2030,4344
1820,437,438,94,442,88,103,18,437,106,92,16,90,20,18,6,2614
159,213,207,240,207,259,215,339,193,226,279,322,260,322,319,465,4507
109,148,148,261,134,252,219,354,169,192,217,381,254,367,375,645,4527
1473,443,453,157,464,113,114,36,445,120,122,40,144,51,38,12,2986
2097,392,401,86,403,73,74,17,396,89,71,11,80,13,21,1,2291
0,3,8,71,5,70,14,153,9,11,61,161,68,158,159,3274,4250
194,209,192,248,194,274,243,326,201,248,284,304,254,306,318,430,4522
87,131,124,219,129,214,188,395,123,181,227,395,222,400,387,803,4507
2095,395,399,75,404,78,75,19,387,87,91,11,78,16,11,4,2292
532,341,375,223,354,261,223,179,337,252,244,184,248,163,175,134,4168
947,425,429,182,433,202,186,99,421,204,210,85,182,89,95,36,3668
1606,424,438,122,425,143,113,32,444,113,110,46,115,33,52,9,2845
1,9,15,67,10,70,13,200,12,17,62,202,69,197,203,3078,4254
2,8,8,62,7,69,16,192,7,18,69,190,64,189,191,3133,4257
10,34,38,103,27,131,80,373,25,73,129,384,123,373,364,1958,4368
847,406,426,211,429,209,206,93,423,216,195,103,191,106,110,54,3800
2615,332,337,39,334,44,41,5,332,43,41,8,42,5,5,2,1694
156,193,204,252,195,265,219,331,211,224,238,337,243,328,349,480,4512
0,1,1,63,1,63,0,3,1,0,63,3,63,3,3,3957,4225
471,328,336,233,331,248,234,208,314,242,257,208,252,203,194,166,4230
127,160,179,249,188,251,236,337,158,240,262,352,242,361,335,548,4574
463,339,347,277,352,245,234,182,347,253,242,171,264,176,190,143,4249
1005,424,424,200,423,193,174,85,428,175,188,84,197,83,89,53,3569
679,376,374,254,379,226,224,134,385,217,222,139,240,144,143,89,3987
1,17,16,88,16,99,51,284,15,38,101,296,90,296,282,2535,4313
55,90,99,221,107,206,171,397,100,161,204,416,203,424,407,964,4502
544,330,368,254,352,237,216,177,333,239,218,192,267,176,180,142,4136
334,245,288,260,287,296,245,228,267,258,273,258,239,257,250,240,4394
1,11,13,84,12,81,21,271,10,25,81,269,86,268,270,2722,4270
1,8,10,58,5,68,11,196,6,10,65,199,65,194,194,3135,4245
2572,338,333,53,338,42,47,5,337,41,48,6,49,11,4,1,1741
405,315,337,242,343,268,224,208,312,250,277,204,239,210,205,186,4294
240,226,231,273,229,263,269,275,235,255,252,294,266,292,284,341,4509
3,10,15,92,14,95,39,295,20,30,84,309,83,308,305,2523,4291
1,8,9,61,8,61,6,146,8,2,60,151,62,150,146,3346,4232
1502,452,448,130,451,131,134,30,453,125,133,35,126,38,31,6,2982
744,416,415,238,432,225,178,111,418,185,240,103,219,120,113,68,3844
445,341,328,261,332,253,226,199,343,215,255,197,255,201,201,173,4221
49,109,97,212,95,194,189,413,97,167,204,423,226,421,401,928,4532
541,372,332,243,343,259,242,172,363,207,279,167,241,178,163,123,4133
0,6,4,58,5,60,5,106,3,5,64,104,60,105,103,3537,4235
0,4,8,58,1,66,2,93,4,5,59,94,65,87,93,3586,4232
2159,404,415,64,412,61,64,10,404,71,58,14,67,11,10,1,2201
0,1,1,63,3,63,0,29,3,0,63,29,59,31,31,3849,4225
880,428,406,175,410,207,188,133,408,195,231,104,191,108,113,48,3728
19,60,59,143,49,155,100,407,61,97,144,409,152,399,408,1563,4403
253,251,245,306,252,234,239,270,252,242,240,261,298,268,271,343,4453
20,55,56,169,68,177,127,434,56,145,188,417,156,429,435,1293,4477
156,187,158,248,180,219,216,364,174,219,254,332,239,354,351,574,4504
77,117,101,225,116,214,158,402,128,159,218,385,199,400,413,913,4465
178,200,209,263,208,228,243,324,206,240,221,336,258,335,330,446,4530
34,94,100,197,89,170,163,432,87,168,166,433,215,422,425,1030,4522
919,430,443,186,440,201,181,91,432,192,196,93,187,90,93,51,3679
0,13,11,62,11,54,11,161,10,9,57,161,65,161,158,3281,4245
144,180,185,225,174,238,217,372,168,242,239,352,248,341,360,540,4540
1054,422,432,172,439,189,180,79,426,191,192,78,161,85,83,42,3542
165,196,192,273,185,255,228,322,205,218,239,328,271,321,331,496,4506
36,64,71,158,67,175,152,427,70,137,165,449,156,445,433,1220,4478
63,125,117,216,111,197,187,410,116,190,200,399,231,393,401,869,4539
31,69,59,182,75,175,148,411,64,162,196,387,171,403,406,1286,4504
227,234,232,266,244,247,227,304,228,254,265,275,260,287,298,377,4479
225,254,230,264,252,238,247,300,240,238,274,285,256,307,286,329,4485
1316,440,443,155,444,140,151,62,427,174,154,42,167,43,49,18,3234
61,103,90,201,103,194,161,411,95,168,215,391,196,404,403,1029,4493
114,160,189,264,192,226,225,343,167,236,222,361,254,364,350,558,4572
0,9,6,69,8,78,9,232,4,13,85,225,72,227,227,2961,4247
83,130,127,240,133,216,227,371,139,206,213,389,225,395,380,751,4575
159,198,173,264,188,256,225,345,190,226,279,319,257,334,337,475,4517
324,311,276,266,279,256,275,237,300,232,270,245,274,248,226,206,4408
18,45,39,156,48,158,113,400,50,95,162,412,142,421,405,1561,4415
177,203,188,235,182,242,237,335,195,238,244,319,249,313,327,541,4523
78,142,159,212,144,229,227,369,142,216,214,397,227,382,369,718,4590
480,326,336,269,341,234,222,197,319,243,246,186,271,191,190,174,4210
84,118,124,238,131,233,184,391,127,198,231,383,222,390,400,771,4523
4075,37,37,1,37,0,0,0,37,0,0,0,1,0,0,0,150
212,224,239,258,229,269,228,286,248,221,235,308,244,298,310,416,4462
1,4,7,61,3,64,1,127,6,5,58,126,63,122,129,3448,4230
2048,406,409,68,402,84,94,13,406,88,77,22,75,15,13,5,2359
500,329,336,237,334,270,228,200,328,259,269,176,240,174,199,146,4212
304,250,252,288,250,271,231,262,262,233,257,262,278,260,274,291,4385
378,283,286,267,286,284,252,223,285,245,282,233,265,233,225,198,4344
208,236,225,253,233,256,230,300,217,223,283,296,264,304,281,416,4470
1674,420,439,115,448,116,107,28,427,128,118,26,99,35,35,10,2786
361,330,324,241,324,248,249,218,315,244,263,217,256,217,203,215,4357
442,343,322,254,316,250,223,225,330,238,257,189,273,183,212,168,4244
178,222,206,254,195,255,264,314,219,257,247,305,268,294,311,436,4568
1281,462,444,124,429,155,188,56,450,170,152,56,151,41,44,22,3302
911,403,427,201,411,210,169,110,388,188,209,115,232,99,95,57,3671
3664,134,133,4,133,4,6,0,134,5,4,0,4,0,0,0,572
647,400,384,236,384,216,238,138,398,226,218,134,238,134,136,98,4042
1249,431,453,143,442,167,150,70,418,181,169,61,167,50,57,17,3307
0,3,4,61,3,62,1,70,4,2,60,70,61,69,71,3684,4228
7,26,24,101,31,105,70,352,27,65,111,355,93,362,353,2143,4353
23,58,48,167,46,139,113,418,45,112,150,409,182,407,405,1503,4427
1402,428,431,163,431,158,140,41,442,140,144,44,149,44,55,13,3103
346,322,322,268,325,264,253,204,321,234,268,223,266,226,203,180,4366
1,17,11,87,20,80,32,267,15,37,91,256,80,265,265,2701,4293
2858,291,293,26,293,31,34,4,293,37,29,3,24,3,6,0,1438
14,45,40,135,35,130,77,401,31,77,139,396,154,391,387,1773,4365
369,301,332,244,318,268,235,221,309,262,246,225,250,211,229,205,4353
220,215,226,246,212,264,243,303,210,245,255,312,265,298,298,413,4493
1002,417,432,203,435,188,189,78,426,204,182,78,191,81,87,32,3616
447,335,350,244,349,265,241,183,334,245,265,194,246,193,182,152,4264
1,10,9,57,8,77,21,234,8,13,78,241,60,240,232,2936,4258
1227,429,440,181,440,164,154,55,429,155,164,65,181,65,55,21,3307
3296,210,218,14,218,12,6,0,212,13,10,1,12,1,2,0,948
8,27,15,121,27,93,86,381,26,74,106,381,110,393,380,1997,4377
403,344,320,265,330,255,236,213,335,235,274,190,264,200,204,157,4293
968,434,428,204,413,190,187,93,438,180,171,94,215,79,97,34,3624
587,375,361,272,386,216,240,147,383,235,233,138,239,163,155,95,4113
3,21,19,75,11,83,38,293,14,32,82,297,90,289,286,2592,4292
21,39,41,144,49,137,106,399,49,84,135,423,126,431,409,1632,4394
728,389,382,224,409,219,185,149,381,205,254,122,205,149,141,83,3887
157,215,204,238,196,278,217,339,221,216,264,329,240,321,345,445,4501
202,210,224,229,218,262,271,302,194,244,272,343,251,337,286,380,4538
3134,233,244,25,244,15,19,2,232,31,16,1,26,1,1,1,1141
399,299,293,272,300,254,256,219,293,243,267,226,271,233,213,187,4325
487,339,336,256,341,257,240,181,333,229,268,189,257,194,175,143,4207
11,19,27,98,21,111,51,348,29,54,95,353,94,347,358,2209,4319
804,405,403,199,403,229,219,111,403,203,231,125,201,125,109,55,3843
454,335,317,260,335,218,245,214,325,248,246,193,252,211,204,168,4264
572,343,364,220,353,265,232,166,345,230,252,189,229,178,168,119,4115
16,32,35,142,38,129,95,407,35,107,129,398,136,401,410,1715,4411
128,172,177,255,196,230,209,357,160,233,261,338,248,357,345,559,4539
501,353,344,250,352,251,223,189,348,233,264,170,247,178,184,138,4180
446,310,322,267,318,244,245,215,318,268,232,204,263,200,223,150,4292
246,253,246,276,248,258,250,283,251,234,262,292,276,294,281,275,4463
5,38,35,129,39,111,81,391,33,78,120,391,130,395,386,1863,4379
1021,428,437,182,441,191,150,92,421,164,202,87,185,91,85,48,3518
158,196,190,247,205,242,217,363,183,244,270,330,245,345,350,440,4528
384,335,311,234,307,286,254,219,336,224,281,225,237,221,220,151,4319
11,29,34,144,39,147,97,390,40,87,141,405,128,410,401,1722,4398
0,4,2,63,5,61,1,74,3,0,65,73,61,76,73,3664,4226
393,290,305,291,321,252,218,224,316,245,242,212,249,228,250,189,4295
90,144,150,208,132,230,216,381,133,207,223,396,237,378,370,730,4558
210,242,223,274,235,232,252,311,225,266,261,278,279,290,294,353,4533
146,180,197,264,197,258,203,337,188,196,250,361,256,361,345,486,4478
1152,453,436,182,443,165,165,65,448,164,177,49,180,56,60,30,3402
94,149,119,250,135,200,207,389,129,188,236,378,254,394,369,734,4526
769,402,402,220,399,224,227,107,421,211,202,123,204,120,126,68,3894
56,93,89,200,98,205,163,408,83,161,224,406,201,415,398,1025,4493
10,43,42,126,39,123,111,422,45,99,118,433,127,430,424,1633,4425
139,175,191,247,194,226,218,354,168,245,236,343,251,346,347,545,4549
0,10,8,82,11,79,23,259,12,22,80,258,77,261,261,2782,4270
1506,432,421,123,424,155,146,36,434,124,156,47,118,50,38,15,2989
1384,451,452,140,447,137,146,45,449,146,134,46,147,41,43,17,3133
435,334,318,265,318,252,239,209,331,238,255,194,268,194,206,169,4267
3197,227,229,17,231,20,13,3,227,17,22,1,15,3,3,0,1058
35,96,87,186,89,188,151,431,91,171,195,402,189,404,426,1084,4512
485,349,335,242,329,256,254,181,347,227,252,194,250,188,179,157,4221
0,17,15,83,21,91,36,295,16,31,98,298,78,304,294,2548,4292
467,344,341,243,321,270,237,195,344,229,250,200,263,180,195,146,4224
146,197,188,279,190,259,238,331,201,241,257,319,273,321,335,450,4558
2282,383,371,57,372,72,73,9,386,59,70,11,53,12,12,3,2075
48,92,83,196,92,191,166,407,92,149,200,415,187,424,407,1076,4492
37,114,105,206,100,213,178,426,90,213,232,382,235,377,402,915,4579
1649,445,457,112,448,91,123,29,441,129,86,35,125,26,25,4,2828
204,248,256,264,254,251,237,297,228,238,269,304,286,302,277,310,4496
1668,445,439,110,431,110,119,30,442,110,105,33,121,25,27,10,2786
534,348,356,249,354,267,211,174,366,219,247,174,233,172,192,129,4121
166,214,217,276,231,252,246,309,216,248,264,310,260,324,311,381,4553
969,418,414,202,424,192,201,92,434,214,186,75,176,85,108,35,3671
154,188,173,262,194,249,231,349,194,244,264,321,235,342,355,470,4546
2,19,26,94,17,98,51,301,19,38,89,321,103,312,301,2434,4312
1072,448,434,177,434,163,194,72,445,171,166,81,180,81,69,38,3518
123,172,169,220,178,248,188,375,152,198,277,362,231,371,355,606,4488
919,414,422,214,418,200,173,105,411,184,199,102,221,98,102,43,3663
0,8,9,65,10,65,7,165,7,7,67,166,65,167,164,3253,4239
124,162,171,261,168,257,219,341,187,233,229,336,239,333,366,599,4553
1071,453,451,194,458,151,168,69,452,166,159,69,188,76,68,32,3488
2655,324,333,29,332,48,34,7,323,44,48,6,31,5,6,0,1648
167,186,187,250,189,220,205,363,168,221,240,348,266,350,345,520,4484
2662,313,320,57,320,39,36,5,314,40,38,8,56,8,6,3,1639
15,41,47,137,43,134,98,406,44,108,127,402,138,398,409,1678,4416
393,301,304,271,288,270,244,212,302,244,253,215,286,199,213,230,4320
0,1,1,65,2,64,0,53,2,0,64,53,63,54,54,3749,4225
426,331,313,257,307,262,241,210,323,231,264,202,271,196,202,189,4271
312,294,293,250,288,253,247,250,284,239,258,257,265,252,240,243,4399
22,70,72,184,73,145,137,413,58,140,158,412,195,413,401,1332,4480
1569,457,453,121,453,107,117,35,451,117,113,31,127,31,29,14,2890
229,243,254,244,230,274,228,301,223,236,270,304,288,280,281,340,4460
2,14,10,77,11,77,19,244,7,24,85,235,83,236,237,2864,4266
2475,357,352,60,355,43,49,7,360,46,43,5,54,8,10,1,1845
63,138,125,221,110,219,197,419,116,200,226,403,258,388,397,745,4559
137,181,177,252,203,231,224,345,180,219,258,346,227,372,344,529,4531
3318,209,211,12,211,7,11,1,208,12,8,2,13,2,0,0,930
839,407,402,230,413,213,214,95,419,208,212,96,207,107,107,56,3808
273,242,246,293,249,255,276,253,264,257,236,276,268,279,275,283,4485
27,66,63,146,65,153,125,401,60,112,161,411,150,413,395,1477,4435
163,213,199,246,189,268,235,338,208,234,263,325,261,315,333,435,4531
6,39,43,112,39,125,71,374,32,88,128,361,123,357,367,1960,4378
234,234,237,282,242,273,233,271,239,214,273,293,272,298,276,354,4438
188,202,196,258,201,218,245,330,199,243,226,326,256,331,327,479,4525
190,222,218,264,215,265,231,309,225,214,259,322,264,319,312,396,4480
50,117,115,195,104,207,165,402,105,145,208,420,218,409,390,975,4485
537,346,364,251,365,250,226,158,351,224,246,178,245,179,163,142,4138
256,243,249,273,246,269,242,266,252,238,257,276,267,273,275,343,4449
619,394,375,229,389,221,220,157,384,225,245,133,225,147,147,115,4051
0,10,15,73,7,69,22,229,10,17,61,239,81,231,229,2932,4264
566,363,342,243,358,215,269,169,360,260,234,157,230,173,166,120,4188
57,104,99,202,102,212,165,406,102,166,217,400,201,403,404,985,4499
0,1,2,64,4,67,1,57,5,2,65,57,58,59,61,3722,4228
3888,82,79,2,79,2,5,0,82,2,2,0,2,0,0,0,344
1893,431,414,89,413,94,99,22,433,80,91,24,88,23,24,7,2511
1270,426,424,171,419,174,148,60,430,140,165,66,172,61,64,35,3243
4205,5,5,0,5,0,0,0,5,0,0,0,0,0,0,0,20
3855,91,89,1,89,0,2,2,89,2,2,0,3,0,0,0,374
36,80,86,186,77,192,170,404,90,140,173,440,185,431,414,1121,4499
1788,433,432,107,438,93,96,25,427,99,105,21,107,27,19,8,2632
1327,442,444,141,446,158,154,47,441,144,161,59,140,61,46,14,3196
39,93,99,215,92,182,170,415,97,179,171,412,218,405,419,1019,4535
597,374,371,238,380,234,250,145,368,237,249,155,235,164,139,89,4115
3979,60,60,2,60,1,0,0,60,0,1,0,2,0,0,0,246
420,314,313,276,324,228,250,208,311,242,242,215,268,226,205,183,4297
2,13,12,77,15,59,20,262,10,18,65,263,77,266,259,2807,4261
588,358,340,258,356,237,231,176,364,240,247,149,236,165,182,98,4108
504,337,348,261,345,265,220,175,335,219,264,187,266,184,173,142,4160
807,418,411,220,398,204,202,119,408,192,201,122,243,109,109,62,3812
9,42,40,138,44,131,88,379,39,82,138,383,137,387,376,1812,4386
244,252,232,263,234,249,258,292,236,246,267,284,277,286,276,329,4485
357,306,326,219,306,280,237,242,288,275,278,224,257,204,224,202,4380
2,8,7,68,8,63,14,191,9,12,63,192,66,193,192,3137,4249
280,269,255,261,254,265,227,279,259,219,274,273,272,272,269,297,4391
45,86,109,190,82,208,152,408,96,164,171,419,207,392,418,1078,4496
1851,432,428,92,426,99,103,16,435,97,94,18,91,16,19,8,2574
124,160,150,234,155,248,227,366,163,224,250,359,226,364,369,606,4552
126,171,177,266,182,255,213,334,171,211,260,342,261,347,334,575,4523
726,402,404,220,403,225,220,124,407,222,219,124,216,123,129,61,3941
231,243,231,270,248,263,257,281,251,253,272,273,245,290,289,328,4504
0,7,2,67,6,59,7,164,2,10,68,156,68,160,159,3290,4242
326,269,291,281,277,302,234,227,282,240,275,243,282,229,240,227,4373
359,299,291,247,278,282,233,251,291,242,277,234,268,221,243,209,4341
415,300,308,273,307,247,244,206,298,241,248,217,276,216,204,225,4295
852,412,411,212,409,206,195,109,412,188,204,115,214,113,109,64,3756
291,247,244,294,266,265,244,249,267,234,267,256,252,278,269,302,4412
4201,6,6,0,6,0,0,0,6,0,0,0,0,0,0,0,24
15,33,39,142,51,148,98,393,50,101,143,396,113,408,410,1685,4409
43,83,68,200,79,179,149,418,82,145,191,407,190,418,417,1156,4476
262,258,251,280,250,263,243,269,251,246,269,259,288,258,262,316,4452
278,292,300,262,296,280,261,241,286,274,282,236,272,232,235,198,4482
286,254,256,283,257,270,231,265,259,239,266,259,277,260,270,293,4409
119,170,205,242,183,274,239,336,183,261,239,349,251,327,349,498,4606
244,266,261,251,254,270,249,269,242,241,287,272,282,265,245,327,4471
28,58,59,152,64,131,98,411,51,101,143,409,154,414,404,1548,4396
546,372,345,253,371,218,260,169,357,247,259,155,242,181,154,96,4186
266,252,243,251,250,252,263,274,246,239,265,289,250,296,268,321,4461
819,432,422,215,431,181,226,99,431,219,191,96,207,105,98,53,3851
7,26,25,94,29,95,54,334,24,41,101,346,92,350,332,2275,4313
3121,247,244,21,242,20,22,0,247,17,18,2,23,0,0,1,1143
94,136,132,233,146,252,214,385,140,208,262,387,215,401,389,631,4553
0,7,9,59,4,64,2,107,6,3,60,108,65,103,106,3522,4230
146,208,195,255,188,275,247,335,211,252,265,317,259,310,338,424,4578
643,381,372,243,384,233,217,148,384,221,242,135,228,147,151,96,4020
199,208,213,251,229,263,240,301,211,241,276,305,232,321,304,431,4507
494,318,348,280,361,237,241,171,313,266,255,176,272,189,166,138,4238
1,16,13,83,11,87,35,298,10,27,91,303,91,301,292,2566,4286
17,47,41,169,52,148,117,412,53,113,153,410,152,421,418,1502,4438
1778,427,428,103,423,105,105,27,426,103,101,30,109,25,26,9,2655
3923,73,73,2,73,3,0,0,73,0,3,0,2,0,0,0,302
1064,435,420,183,423,187,198,77,431,188,194,72,184,75,73,21,3547
1099,426,434,190,436,184,159,70,433,153,179,84,181,86,77,34,3438
280,260,271,243,250,293,231,266,259,240,273,268,265,247,265,314,4416
200,196,216,244,192,262,217,336,184,232,250,341,280,317,324,434,4474
1935,418,428,95,429,82,83,14,429,84,72,23,83,24,25,1,2457
473,332,359,238,344,257,249,181,336,268,238,189,249,174,185,153,4269
352,302,303,211,278,282,246,243,283,235,276,255,255,230,224,250,4354
344,293,272,232,265,285,262,257,271,263,300,235,261,228,235,222,4406
12,38,33,148,32,132,104,417,41,110,128,406,146,405,420,1653,4427
52,107,91,223,102,195,192,398,110,178,203,396,209,407,401,961,4543
3,12,11,72,13,77,20,225,13,20,78,224,69,226,226,2936,4262
290,300,274,283,282,267,261,238,307,254,268,219,268,227,245,242,4450
678,395,376,228,358,244,211,147,393,195,228,144,248,126,145,109,3953
823,418,424,213,439,197,197,99,419,208,211,94,197,109,100,77,3807
491,357,342,249,351,242,256,175,369,244,239,172,228,181,187,142,4234
278,275,257,266,261,269,243,278,283,251,265,252,254,256,286,251,4441
340,277,254,271,255,256,266,261,275,256,259,248,272,249,259,227,4407
836,406,387,219,398,195,212,119,396,190,216,122,218,133,109,69,3791
192,208,191,266,211,218,230,337,202,219,244,331,252,351,331,442,4482
458,332,328,270,326,251,241,185,321,219,260,203,283,201,174,173,4227
2,19,13,90,17,91,43,318,14,42,100,313,91,317,313,2442,4308
1672,424,422,133,427,115,112,26,430,99,114,37,122,42,32,18,2764
368,299,301,263,309,254,247,224,286,244,275,229,268,237,211,210,4348
442,329,315,238,316,246,254,220,307,265,269,195,259,196,198,176,4302
328,290,301,259,281,269,271,228,283,264,256,246,286,226,221,216,4432
28,51,54,153,52,145,107,414,47,107,147,417,159,415,410,1519,4411
274,235,256,254,253,271,231,279,237,251,266,280,255,277,281,325,4433
2602,342,321,42,322,46,60,4,341,36,48,7,42,8,3,1,1719
1765,422,438,97,435,115,95,25,423,100,111,36,99,33,26,5,2655
293,277,277,236,265,288,236,271,276,251,277,256,249,244,270,259,4419
2122,408,398,65,398,69,89,12,407,77,70,14,66,14,11,5,2269
56,96,106,214,115,210,153,401,114,158,201,406,187,415,419,974,4480
2319,374,381,58,377,57,58,12,373,64,54,13,63,9,11,2,2028
3580,155,152,7,152,4,6,0,155,3,4,0,7,0,0,0,654
3,16,13,83,17,88,36,305,14,41,94,297,81,301,303,2533,4299
2781,290,309,42,312,34,32,0,293,47,34,4,36,7,3,1,1523
70,118,118,218,111,210,195,396,111,184,210,407,232,400,389,856,4534
19,77,76,152,75,168,131,416,54,129,190,417,176,416,393,1336,4466
989,439,428,177,425,214,184,90,450,194,200,69,169,66,101,30,3614
1748,432,421,116,423,111,99,33,428,99,117,22,118,24,29,5,2675
328,286,306,260,297,270,242,234,284,248,263,248,271,239,232,217,4387
3,11,12,57,11,70,9,192,11,13,69,189,58,188,192,3140,4244
8,21,24,96,26,89,37,317,20,36,92,321,95,323,316,2404,4290
3309,207,212,11,212,18,6,1,206,12,19,0,12,0,0,0,934
1424,445,454,157,467,112,122,46,445,136,125,41,144,54,46,7,3059
131,181,162,258,163,222,212,371,171,221,233,343,267,344,361,585,4527
7,18,14,88,18,85,53,322,21,46,86,325,81,329,325,2407,4317
842,414,399,208,417,210,205,109,410,200,232,99,194,117,105,64,3788
160,188,189,231,185,276,260,334,197,258,263,337,226,333,343,445,4583
84,134,128,211,123,235,159,426,126,174,238,405,224,400,418,740,4474
143,176,165,226,168,232,195,379,167,206,244,357,232,360,370,605,4483
308,298,293,252,279,267,258,255,290,268,261,240,274,226,247,209,4443
385,287,303,252,293,302,257,201,306,258,273,216,243,206,220,223,4355
90,124,145,206,130,220,195,382,120,188,209,410,225,395,378,808,4518
1045,452,439,159,428,178,182,94,437,182,182,81,185,70,79,32,3544
2335,370,375,70,370,52,59,10,371,61,46,13,74,8,11,0,2010
2274,377,376,52,376,76,65,16,369,71,84,9,60,9,8,3,2087
91,130,135,244,125,233,202,383,122,174,231,416,262,406,375,696,4510
237,235,239,257,227,244,225,311,240,241,227,299,264,287,316,376,4454
814,384,419,209,421,215,212,101,389,214,212,134,202,136,106,57,3837
45,83,86,186,97,186,155,416,86,160,194,414,172,425,419,1101,4495
124,168,160,249,164,268,221,352,158,220,282,345,255,349,342,568,4542
967,437,418,210,427,184,205,78,439,181,191,83,199,92,80,34,3644
588,389,377,234,378,236,248,151,401,260,225,127,221,128,163,99,4145
3371,199,194,10,194,11,11,3,197,9,13,0,12,0,1,0,874
2016,416,419,76,421,89,76,11,419,75,88,15,71,17,14,2,2360
1880,420,417,94,414,94,99,25,416,96,95,25,101,22,21,6,2540
34,82,85,195,81,205,146,413,92,151,191,411,189,407,423,1120,4488
2793,311,317,27,315,29,23,4,310,29,28,4,30,2,3,0,1484
1044,418,438,169,439,201,169,87,409,202,211,74,177,75,78,34,3552
1652,437,440,107,438,118,119,30,443,119,110,33,103,31,36,9,2811
4098,31,30,0,30,2,1,0,31,0,2,0,0,0,0,0,128
52,91,100,174,92,214,174,412,92,184,205,411,181,403,413,1027,4531
275,272,261,251,257,283,252,257,274,218,277,280,253,276,259,280,4420
2538,341,354,53,356,36,35,8,337,50,42,6,55,8,4,2,1772
8,18,16,90,21,83,38,320,23,43,83,313,80,318,325,2446,4298
1472,443,451,141,452,132,132,30,456,123,120,47,127,48,43,8,3008
617,378,367,254,371,232,209,159,367,214,247,143,261,147,148,111,4031
468,331,331,254,343,243,239,197,322,241,264,195,251,207,188,151,4237
811,405,430,210,410,230,183,109,418,205,197,112,217,92,122,74,3802
90,146,153,233,149,236,204,386,147,218,231,379,236,375,387,655,4557
330,293,306,252,311,269,246,230,295,248,272,241,245,246,232,209,4389
1042,435,451,177,446,186,167,74,432,170,184,87,185,82,71,36,3520
212,232,223,240,197,280,260,315,235,250,251,316,263,290,318,343,4523
1115,433,441,181,440,171,168,67,439,165,164,78,176,77,73,37,3443
225,227,221,285,215,246,246,307,220,253,247,294,298,288,300,353,4499
407,303,315,276,308,267,235,209,315,240,248,216,271,209,221,185,4293
367,314,286,242,318,263,256,224,309,232,300,220,215,252,219,208,4346
16,46,42,150,52,149,104,399,43,102,162,397,143,407,396,1617,4415
440,325,323,229,294,285,256,205,320,240,261,219,263,190,200,175,4281
340,277,302,263,283,296,250,224,293,248,261,251,266,232,240,199,4383
84,147,117,231,135,209,181,403,126,174,248,380,234,398,382,776,4496
236,239,237,227,220,279,254,292,245,230,256,314,238,297,298,363,4473
80,159,144,236,151,220,190,391,162,196,224,370,226,377,394,705,4531
702,397,375,248,387,211,241,120,395,212,225,127,238,139,118,90,3976
1134,440,429,179,425,162,180,72,427,163,171,78,196,74,59,36,3434
58,94,103,214,105,196,173,410,91,175,201,417,215,419,407,947,4515
1316,461,449,139,457,143,163,42,468,144,144,49,124,57,49,20,3216
45,82,102,172,85,212,181,405,88,178,189,428,183,411,411,1053,4539
4000,55,56,0,56,1,0,0,55,1,1,0,0,0,0,0,226
1471,422,407,166,418,141,152,40,430,141,144,36,147,47,48,15,3047
43,82,84,199,84,162,155,418,84,147,160,428,197,428,420,1134,4484
155,159,171,243,170,264,191,360,160,213,262,350,243,349,361,574,4474
18,37,33,123,50,103,84,394,38,84,119,390,105,407,395,1845,4375
1171,445,430,176,429,171,178,62,457,159,158,66,165,65,74,19,3391
0,6,7,68,7,75,16,209,8,15,73,211,66,211,211,3042,4256
987,431,447,186,448,191,176,78,435,179,188,91,181,92,82,33,3593
122,176,176,252,176,236,193,373,173,229,239,337,255,337,370,581,4525
189,196,218,272,228,255,243,301,223,245,238,321,235,331,328,402,4524
1455,438,449,149,449,122,118,48,437,127,123,50,150,50,47,13,3015
336,287,267,254,258,278,268,250,300,247,256,251,250,242,263,218,4404
3700,121,127,6,127,2,3,0,121,8,2,1,6,1,0,0,536
558,358,357,216,345,286,242,165,360,237,272,169,226,157,167,110,4146
348,311,286,249,262,269,239,256,293,233,263,237,291,213,238,237,4349
0,1,4,67,2,67,4,77,5,3,61,81,65,79,81,3628,4232
8,35,47,134,37,142,102,399,39,100,128,413,140,403,403,1695,4419
0,5,2,63,6,59,5,128,3,5,65,125,61,129,126,3443,4235
280,263,274,279,271,266,238,254,267,235,259,268,278,265,258,270,4418
36,93,82,218,101,198,177,408,95,164,215,410,197,429,410,992,4530
297,279,264,268,294,239,255,258,268,259,280,239,249,269,247,260,4442
1774,411,425,103,434,116,111,20,411,122,125,23,94,32,20,4,2684
93,147,138,240,160,235,211,379,146,202,258,379,219,401,378,639,4545
893,397,432,201,428,213,179,96,397,209,209,101,205,97,96,72,3720
1113,456,447,178,445,156,158,80,445,162,165,67,191,65,69,28,3432
336,289,267,271,264,246,260,251,286,242,246,247,277,244,248,251,4391
13,40,42,119,40,141,97,392,31,110,148,381,130,379,383,1779,4419
78,139,137,208,138,217,173,398,137,168,220,401,209,402,396,804,4488
296,267,247,260,255,268,284,250,272,253,271,261,247,269,255,270,4466
2853,297,295,32,296,28,31,1,298,27,28,3,30,4,2,0,1430
330,274,298,273,298,254,219,250,280,242,248,251,267,251,256,234,4356
2,16,13,91,14,84,38,307,16,33,85,309,90,310,307,2510,4294
1615,434,433,115,430,119,131,36,430,131,120,35,122,32,32,10,2872
2458,346,348,43,348,64,56,12,345,57,65,13,44,13,11,2,1880
1440,439,451,134,450,144,141,33,455,137,127,49,119,48,49,9,3063
3,16,26,95,15,94,50,322,22,42,77,340,100,329,328,2366,4314
84,125,106,249,132,234,210,382,138,198,247,375,210,401,395,739,4549
4046,44,43,1,43,1,1,0,45,0,0,0,0,0,1,0,180
1107,436,437,183,436,181,168,68,433,164,183,73,187,72,65,32,3450
10,32,40,147,36,141,112,380,40,95,129,405,143,401,388,1726,4422
60,120,122,236,128,236,210,389,132,199,230,402,218,408,401,734,4574
0,1,1,63,1,63,0,2,1,0,63,2,63,2,2,3961,4225
234,257,257,268,267,256,254,273,261,262,262,265,254,275,277,303,4507
217,256,250,273,244,257,249,277,260,245,247,275,275,269,281,350,4502
60,130,118,229,120,226,199,378,125,175,233,390,232,392,373,845,4539
2247,383,379,84,383,54,80,2,392,71,49,7,71,11,11,1,2129
199,215,215,259,210,292,221,294,215,217,287,298,264,293,294,452,4464
1064,423,428,184,420,188,183,79,434,175,169,92,181,84,90,31,3519
348,305,287,282,294,267,242,230,323,235,256,219,257,226,248,206,4354
14,34,29,129,25,114,92,373,38,78,106,382,129,378,377,1927,4381
314,299,280,270,276,255,240,257,291,234,259,244,282,240,249,235,4385
43,51,55,145,60,156,125,409,57,145,155,393,134,398,415,1484,4452
263,258,268,257,275,269,255,257,263,256,271,266,245,273,262,287,4473
10,37,36,111,28,110,68,377,34,77,105,367,122,359,374,2010,4360
535,338,362,230,353,253,227,182,331,241,251,192,246,183,175,126,4158
1035,433,441,171,411,206,174,85,430,163,179,104,204,74,82,33,3527
43,77,75,199,73,202,154,440,81,163,196,429,197,427,444,1025,4499
92,138,131,245,133,231,201,402,146,209,225,387,235,389,410,651,4543
476,330,320,248,310,265,264,188,340,248,245,194,248,184,198,167,4261
159,190,187,272,184,243,228,334,183,228,247,331,282,328,327,502,4522
28,74,75,196,72,196,136,421,73,141,194,417,200,414,420,1168,4474
622,375,351,258,361,236,213,160,371,206,250,143,252,153,156,118,4022
144,208,201,252,214,266,279,306,211,245,276,333,236,346,309,399,4605
325,268,266,274,277,252,246,248,271,249,260,243,260,254,251,281,4395
431,315,344,229,319,268,279,185,327,275,231,218,242,193,197,172,4348
42,74,80,184,79,197,155,407,80,147,190,421,179,420,413,1157,4485
2141,395,392,73,385,73,82,17,394,78,67,18,81,11,16,2,2244
734,391,387,230,393,200,219,140,374,221,223,134,241,140,123,75,3931
117,156,155,259,159,245,236,355,161,211,244,379,250,383,360,555,4555
694,385,392,221,389,232,194,146,384,200,230,147,225,144,145,97,3925
728,427,409,230,407,210,223,118,427,218,208,105,232,103,118,62,3938
333,288,280,269,288,275,239,231,281,221,290,241,268,249,224,248,4352
32,63,57,168,65,164,114,425,56,108,179,425,167,433,418,1351,4415
274,260,259,298,272,260,246,241,276,232,257,254,269,267,257,303,4429
3832,97,96,1,96,1,2,0,97,1,1,0,1,0,0,0,396
1112,429,424,189,437,183,176,64,436,169,189,66,169,79,71,32,3458
454,336,343,233,324,250,229,209,323,219,244,226,265,207,196,167,4219
693,387,377,240,378,244,201,145,363,210,269,126,263,127,121,81,3943
20,45,46,153,51,165,119,407,55,112,160,415,138,420,417,1502,4436
16,39,38,129,34,127,92,400,32,87,130,404,140,400,393,1764,4388
47,97,99,185,95,182,184,408,95,183,180,411,191,407,406,1055,4545
1234,447,420,163,427,162,146,77,434,125,182,71,169,78,64,26,3262
1003,441,450,197,444,199,178,64,453,180,181,71,191,65,76,32,3580
566,358,379,247,376,221,227,166,345,246,231,168,263,165,153,114,4132
1932,409,416,89,420,99,83,21,409,94,103,17,85,21,21,6,2470
163,192,195,239,188,279,222,327,203,228,261,324,235,317,338,514,4512
2653,323,339,40,333,42,34,1,324,43,35,8,45,2,2,1,1649
1,9,18,80,9,89,33,276,17,38,72,280,81,271,284,2667,4295
35,90,78,175,81,162,157,443,71,171,184,417,191,420,424,1126,4518
167,200,222,248,203,262,221,319,198,210,245,352,269,333,317,459,4489
3647,138,136,4,136,4,8,0,138,6,4,0,4,0,0,0,592
133,190,188,252,171,269,244,337,198,225,244,354,261,337,345,477,4561
2803,302,295,39,294,39,31,5,301,26,39,3,41,2,4,1,1479
100,169,185,222,168,260,221,362,158,218,254,381,250,364,351,562,4564
1228,440,444,155,446,162,169,54,446,162,158,65,147,67,60,22,3328
198,218,221,258,236,270,223,312,230,241,273,297,231,312,324,381,4491
405,310,323,295,329,245,250,188,327,245,234,206,272,212,205,179,4315
899,423,400,191,407,194,228,103,409,202,215,106,198,113,89,48,3756
411,339,349,245,358,270,257,186,347,277,271,176,228,185,194,132,4348
309,275,273,264,274,256,254,246,285,234,247,264,253,265,256,270,4404
31,78,74,166,71,156,130,412,72,121,159,417,175,414,406,1343,4445
0,2,1,63,2,61,0,8,1,0,63,7,63,8,7,3939,4225
675,407,405,230,393,213,233,137,383,253,225,115,266,103,113,74,4036
1397,454,449,128,440,160,152,37,452,139,153,45,139,36,35,9,3119
612,362,362,269,363,236,222,148,363,214,236,156,267,157,149,109,4049
3,19,14,87,17,62,37,277,16,26,68,283,87,286,274,2669,4285
937,424,436,198,432,214,177,83,435,178,199,94,191,90,94,43,3643
313,288,281,256,264,278,266,247,306,255,243,251,255,234,265,223,4433
368,300,287,288,297,255,229,219,314,196,251,239,264,249,233,236,4282
2232,386,391,46,389,73,74,12,384,76,73,15,50,13,10,1,2143
3065,261,257,23,258,15,23,1,261,19,16,1,22,2,1,0,1202
15,51,47,151,54,169,119,404,48,100,179,419,147,426,401,1495,4429
840,400,418,188,402,227,213,104,406,201,205,134,198,118,110,61,3799
28,60,66,167,67,167,152,439,59,167,169,430,167,431,438,1218,4516
82,145,142,235,141,228,209,386,138,209,234,383,243,382,379,689,4561
439,332,319,235,318,255,253,211,323,250,263,201,245,200,202,179,4289
2433,357,348,65,355,53,56,6,365,45,52,8,50,15,14,3,1893
2218,401,385,64,383,58,72,19,392,66,65,9,75,7,10,1,2145
0,9,11,77,6,76,34,263,8,30,72,269,83,264,262,2761,4289
417,305,311,289,332,233,235,217,301,266,258,192,272,213,213,171,4309
100,133,135,239,146,229,211,367,138,184,235,396,223,407,372,710,4520
84,117,116,184,94,233,169,420,105,178,223,410,218,388,408,878,4488
1227,458,446,155,448,163,145,68,444,148,179,53,167,55,54,15,3291
213,241,247,269,250,245,241,306,246,261,243,292,261,295,311,304,4514
517,363,355,254,360,250,235,171,363,238,255,160,249,165,171,119,4181
1496,435,440,131,436,137,136,41,429,139,139,43,141,39,35,8,3004
83,129,134,243,142,228,191,380,136,184,229,392,228,400,387,739,4517
148,197,221,242,232,252,242,323,198,257,262,332,230,343,324,422,4576
382,294,326,275,320,253,234,203,308,246,233,223,267,217,217,227,4323
217,253,252,247,257,246,251,280,251,242,253,288,244,293,278,373,4501
9,32,32,116,34,118,74,393,35,84,117,383,111,385,396,1906,4374
316,299,274,248,290,283,290,225,298,263,300,227,233,243,224,212,4462
166,198,183,292,198,242,240,314,209,239,246,300,266,315,325,492,4538
828,394,433,198,424,232,210,90,410,220,207,119,191,110,106,53,3827
1158,436,436,182,442,151,160,77,437,168,156,69,175,75,78,25,3395
260,239,245,284,249,259,232,273,252,233,250,278,267,282,286,336,4430
178,210,225,264,224,278,251,298,221,262,266,302,254,301,309,382,4560
109,175,184,253,162,239,216,373,151,232,241,366,299,344,349,532,4564
51,104,89,218,103,192,199,423,94,202,216,405,214,419,413,883,4575
57,91,73,201,85,150,151,446,86,173,167,406,194,418,441,1086,4492
100,146,139,226,148,225,209,378,127,200,253,380,236,389,359,710,4534
1344,464,440,134,435,161,152,51,457,134,163,45,146,40,44,15,3167
1388,436,431,152,425,144,161,44,441,144,133,56,153,50,49,18,3142
2,18,16,99,17,100,39,323,21,46,98,314,95,315,326,2396,4308
2840,294,294,20,290,41,41,2,297,36,34,7,21,3,5,0,1462
1977,414,417,87,415,89,80,19,414,86,87,16,89,14,19,2,2414
325,282,296,275,307,260,235,236,301,244,252,241,245,252,255,219,4379
2657,325,322,48,321,39,43,4,327,39,36,5,47,4,6,2,1650
3,20,25,99,20,93,43,354,20,43,88,359,104,354,354,2246,4308
112,157,147,235,140,230,202,391,151,214,229,369,248,362,385,653,4529
53,107,93,195,99,191,166,423,103,167,201,408,193,414,419,993,4505
1,12,6,80,15,78,26,269,11,21,88,268,72,277,268,2733,4271
381,308,283,286,301,253,245,221,308,222,271,219,268,237,221,201,4311
1152,417,432,193,435,178,161,62,428,168,170,70,179,73,73,34,3402
566,371,356,231,353,246,249,167,369,226,245,175,236,172,165,98,4134
698,413,401,233,405,209,220,133,407,227,219,114,235,118,127,66,3974
319,288,265,265,260,285,271,247,298,266,270,229,260,224,257,221,4443
13,29,33,99,31,115,68,364,29,76,113,360,101,358,364,2072,4356
4,16,12,94,18,74,32,286,12,23,84,291,92,297,282,2608,4276
1037,437,429,188,416,178,182,90,432,176,170,88,206,75,85,36,3546
358,310,288,259,278,299,242,228,313,230,286,218,266,208,231,211,4339
357,318,293,260,307,228,234,249,312,239,248,219,252,233,243,233,4341
573,359,350,256,367,230,235,167,356,245,250,148,242,165,164,118,4132
958,438,418,219,433,174,204,78,449,176,178,86,193,101,89,31,3647
7,19,19,69,21,69,22,292,19,29,71,285,67,287,292,2657,4269
2333,369,386,62,387,59,46,7,371,62,58,8,59,9,9,0,2000
737,401,407,202,396,233,209,125,389,206,234,134,225,123,113,91,3903
100,147,133,234,139,226,216,381,139,207,240,376,236,382,373,696,4548
131,203,186,254,187,234,236,357,189,232,249,344,267,345,343,468,4562
227,228,227,250,210,275,248,288,219,236,267,299,276,282,279,414,4482
765,373,415,222,405,224,207,119,364,236,223,132,241,122,110,67,3903
150,178,189,269,192,243,251,308,192,221,232,349,252,352,322,525,4547
240,235,243,256,223,268,226,299,230,236,253,297,281,277,294,367,4447
43,116,117,200,109,216,209,412,110,200,214,422,214,414,406,823,4591
2427,347,364,58,354,64,48,6,350,51,51,20,65,10,9,1,1897
191,190,192,247,203,230,259,325,178,243,253,343,248,354,313,456,4536
0,4,3,62,3,60,3,70,2,1,62,71,64,71,68,3681,4229
2774,304,317,38,316,27,25,5,299,40,31,3,44,2,0,0,1516
12,32,37,127,41,143,90,424,36,112,143,407,119,411,428,1663,4415
1136,430,416,177,426,169,173,84,428,169,181,74,169,84,82,27,3431
98,165,136,225,143,230,224,374,154,205,248,364,229,371,363,696,4556
251,247,261,278,248,273,249,269,257,248,250,284,281,271,279,279,4471
4185,10,10,0,10,0,0,0,10,0,0,0,0,0,0,0,40
391,323,325,254,337,257,256,193,328,240,264,211,237,223,198,188,4330
2380,374,373,50,376,46,53,13,370,57,53,8,51,11,9,1,1955
96,133,131,211,121,237,188,404,133,198,227,392,221,382,404,747,4515
475,329,338,270,338,254,224,195,316,246,267,182,283,182,182,144,4220
639,376,381,245,388,213,216,151,379,222,217,150,235,157,154,102,4024
4,13,11,86,17,77,31,268,16,30,80,267,77,273,271,2704,4282
2049,411,401,73,398,88,87,15,407,71,89,21,80,18,11,6,2334
301,279,285,270,274,253,261,254,284,275,237,246,276,235,259,236,4460
248,261,270,268,260,270,237,288,261,263,260,271,278,261,288,241,4477
3,14,17,88,15,81,25,293,14,32,79,289,90,287,293,2605,4279
1048,427,423,164,413,198,183,95,422,188,193,86,179,76,90,40,3548
318,276,286,258,294,286,211,249,282,236,288,234,244,242,255,266,4354
2018,412,408,88,409,79,83,16,413,79,79,16,86,17,17,5,2369
1673,425,440,113,443,115,102,33,417,121,126,29,118,32,25,13,2775
90,163,173,245,157,224,190,389,162,208,209,381,262,365,388,619,4533
7,29,40,113,39,117,70,363,30,70,115,374,113,373,364,2008,4358
10,24,26,109,23,108,51,339,22,45,107,347,114,344,337,2219,4311
1121,452,444,161,435,166,182,70,435,173,174,71,187,62,53,39,3459
706,390,384,243,393,207,227,130,390,220,216,131,234,140,130,84,3966
276,255,268,276,272,276,237,259,267,240,268,269,260,273,271,258,4426
1831,415,410,109,414,94,112,27,414,110,99,24,106,28,26,6,2616
885,412,422,196,409,206,194,110,402,205,203,109,219,96,100,57,3739
168,193,190,266,188,263,223,321,191,208,263,333,270,331,319,498,4488
299,301,290,256,295,247,258,230,300,227,253,250,252,255,229,283,4411
448,344,341,238,331,279,235,193,343,220,270,205,249,195,192,142,4232
1,2,2,61,2,63,0,25,3,0,62,25,60,25,26,3868,4224
2348,358,356,73,360,66,65,8,362,61,66,10,65,14,12,1,2003
322,308,278,240,286,278,255,232,300,226,294,231,240,239,224,272,4384
669,388,393,232,395,214,220,143,387,226,217,142,231,144,142,82,4002
116,135,143,215,143,224,208,387,130,211,229,392,220,392,382,698,4528
1442,437,447,145,447,144,137,32,449,141,132,38,133,38,44,19,3061
210,208,228,247,229,288,228,305,225,244,272,309,229,310,322,371,4487
0,4,4,69,7,65,6,174,6,11,66,169,64,172,176,3232,4242
571,344,340,240,336,250,224,178,330,213,260,185,258,181,164,151,4091
633,348,363,240,361,232,203,164,331,210,247,172,259,170,147,145,4005
472,335,315,249,311,247,257,198,348,231,230,204,240,200,211,177,4241
175,194,205,291,231,262,233,303,215,247,267,300,244,326,324,408,4530
15,49,56,162,49,145,110,399,49,91,138,425,169,418,399,1551,4411
159,196,215,278,204,279,231,305,217,228,247,327,268,316,326,429,4525
19,56,46,165,54,170,136,426,65,128,169,424,148,432,435,1352,4470
15,40,40,117,37,140,92,401,35,98,142,395,125,392,396,1760,4400
310,299,275,264,291,259,257,249,281,238,293,244,266,260,231,208,4410
372,270,286,258,295,260,221,240,298,236,241,241,221,250,268,268,4310
530,370,381,270,388,215,226,159,381,236,211,160,252,167,170,109,4157
302,292,285,270,281,251,229,251,288,212,251,261,278,257,247,270,4364
2378,355,367,60,372,57,61,6,357,73,60,6,53,11,8,1,1981
2319,375,375,55,371,74,56,11,371,58,74,9,63,5,7,2,2020
191,207,225,256,204,266,260,294,222,236,230,336,262,315,309,412,4530
1041,426,453,172,448,189,157,84,421,181,189,87,182,82,79,34,3522
781,412,422,197,431,205,204,123,403,233,223,104,197,113,114,63,3881
1958,404,414,92,419,86,95,16,410,105,85,16,81,21,22,1,2467
916,411,415,195,424,202,186,107,399,194,223,103,198,112,95,45,3689
983,436,402,217,424,194,192,80,444,167,208,71,187,93,88,39,3601
802,392,433,229,417,212,186,111,399,221,189,117,238,101,118,60,3830
3256,211,211,20,211,19,20,2,210,21,20,1,21,1,1,0,1010
3301,215,211,16,210,7,14,1,215,10,6,1,17,0,1,0,948
133,183,188,242,181,263,224,341,201,230,238,340,231,333,359,538,4546
1761,424,410,113,413,123,103,31,424,95,126,25,110,28,31,8,2662
2067,394,390,80,387,91,82,21,396,74,86,25,81,22,23,6,2314
104,172,178,230,175,236,230,361,169,220,236,377,236,374,358,569,4571
192,244,241,244,232,256,235,318,242,248,249,302,255,293,316,358,4516
1664,445,426,125,434,121,106,30,442,94,132,23,120,31,27,5,2761
3419,190,184,10,184,7,15,0,190,9,7,0,10,0,0,0,830
207,230,218,281,229,251,242,300,228,226,264,304,272,315,298,360,4486
6,14,20,93,18,93,51,325,15,57,90,325,94,323,326,2375,4327
1866,433,411,75,407,104,108,32,419,91,114,27,93,23,18,4,2558
69,101,112,225,114,214,185,387,109,204,208,379,215,381,395,927,4545
11,30,34,109,35,118,75,384,31,81,118,382,107,383,385,1942,4370
1,12,9,83,15,78,19,279,12,24,84,271,77,277,279,2705,4267
3814,97,100,6,100,1,0,0,97,3,1,0,6,0,0,0,414
402,323,311,272,317,289,234,196,326,221,292,197,263,203,199,180,4278
54,96,103,192,94,224,175,388,101,159,210,411,196,402,393,1027,4505
5,24,20,107,31,86,66,338,21,63,100,337,99,348,335,2245,4349
11,44,46,120,36,127,107,384,42,101,119,392,132,382,382,1800,4422
532,368,336,247,346,257,226,185,351,218,284,161,254,171,168,121,4137
7,26,21,88,23,107,37,316,23,45,112,303,89,305,313,2410,4300
2638,332,340,36,338,40,35,4,334,42,36,5,36,3,6,0,1664
602,375,381,245,375,226,231,152,376,236,219,153,250,147,153,104,4090
0,2,3,66,3,61,0,55,4,2,59,54,64,54,57,3741,4227
158,169,167,272,185,258,214,349,183,231,262,330,240,348,363,496,4512
90,122,123,236,143,235,202,380,130,206,247,377,208,397,388,741,4543
267,262,272,284,273,271,228,247,264,218,270,267,281,268,249,304,4404
2530,352,340,49,341,46,52,7,350,41,49,6,50,7,5,0,1788
197,188,211,282,223,249,249,304,206,267,243,309,252,321,322,402,4544
1006,438,426,189,426,196,150,99,431,150,203,87,196,87,92,49,3519
1050,424,438,191,443,174,179,77,439,194,164,76,171,81,92,32,3548
352,306,296,265,310,260,241,230,296,244,284,217,261,231,220,212,4358
57,123,122,186,120,195,205,397,112,178,204,423,199,421,386,897,4551
722,384,383,248,398,213,234,118,385,227,227,124,232,139,119,72,3964
305,306,278,277,291,228,249,251,295,233,252,239,275,252,240,254,4402
235,247,259,252,249,269,237,292,253,264,253,277,256,267,298,317,4491
74,153,152,214,121,233,206,385,154,199,201,391,244,360,386,752,4556
512,335,361,227,349,261,250,168,336,248,248,196,238,184,169,143,4211
2119,397,409,82,410,71,71,5,403,73,66,15,75,16,11,2,2250
1,11,9,61,9,61,18,206,7,14,65,208,65,208,202,3080,4256
371,304,296,253,314,264,227,236,308,233,278,222,231,240,240,208,4314
304,279,265,271,273,254,268,250,264,252,277,252,278,260,235,243,4441
566,355,348,233,367,230,241,170,349,235,255,169,220,188,164,135,4135
0,11,10,69,9,65,8,195,9,10,66,192,72,191,193,3125,4243
1014,412,425,195,412,219,184,74,430,179,188,92,190,79,92,40,3574
4,19,16,86,18,83,41,304,19,41,85,301,84,303,304,2517,4303
216,235,227,264,232,259,236,300,225,237,274,291,269,296,290,374,4482
423,325,324,266,321,242,238,205,311,229,253,213,283,210,191,191,4269
35,57,62,160,65,171,118,403,72,122,159,404,142,407,418,1430,4430
861,367,390,235,390,213,205,114,378,218,202,124,224,124,125,55,3787
734,408,418,211,399,218,210,127,404,202,203,145,234,126,123,63,3903
546,353,354,253,357,243,232,166,361,224,238,175,242,178,174,129,4135
3789,107,103,2,103,3,5,0,107,1,3,0,2,0,0,0,442
52,104,82,225,89,199,173,421,108,172,202,400,214,407,425,952,4518
2295,387,374,68,376,63,53,12,386,42,66,10,67,12,11,3,2025
611,381,371,230,366,230,235,157,381,221,225,161,235,156,157,108,4070
179,206,187,248,196,274,250,324,200,228,289,327,245,336,318,418,4524
44,88,108,210,111,207,175,409,97,197,201,407,198,410,418,945,4553
238,245,250,267,262,265,247,268,255,235,267,285,245,297,278,321,4469
3,22,27,110,31,123,67,340,30,53,119,359,98,363,348,2132,4342
3649,137,135,7,135,1,9,0,137,7,1,0,7,0,0,0,592
390,322,315,291,316,258,261,195,335,251,246,198,277,199,208,163,4347
467,334,324,243,318,246,252,198,337,223,237,217,246,211,201,171,4233
272,266,242,267,250,250,265,267,259,221,265,287,266,295,260,293,4439
569,356,371,242,371,271,223,153,362,240,265,151,236,151,159,105,4119
2968,277,280,24,281,21,18,3,276,22,23,2,24,3,2,1,1297
144,169,193,277,181,268,216,326,186,222,239,344,272,332,343,513,4519
94,155,151,231,161,242,224,362,165,218,242,364,211,374,372,659,4573
667,398,378,216,390,229,242,140,385,236,254,126,217,138,127,82,4036
241,258,252,256,254,253,263,284,244,272,269,269,268,271,270,301,4519
3846,93,92,2,92,1,2,0,93,1,1,0,2,0,0,0,382
826,411,408,205,400,202,200,129,392,209,213,117,232,109,110,62,3808
