Pattern 1,Pattern 2,Pattern 3,Pattern 4,Pattern 5,Pattern 6,Pattern 7,Pattern 8,Pattern 9,Pattern 10,Pattern 11,Pattern 12,Pattern 13,Pattern 14,Pattern 15,Pattern 16,Contact_surface_8_Async
90,81,78,57,81,63,65,68,75,68,72,62,60,65,62,42,467
21,33,32,60,29,74,55,90,43,47,61,97,53,94,100,200,905
142,87,78,60,79,73,53,59,76,61,85,42,70,43,48,33,402
822,61,58,5,59,5,5,0,61,2,6,0,4,1,0,0,11
68,61,73,57,60,71,65,69,64,66,55,80,67,67,72,94,601
175,112,108,52,100,55,56,36,103,55,56,33,69,25,27,27,291
64,73,66,66,77,75,53,76,72,64,87,58,56,69,75,58,536
67,71,69,67,69,59,49,74,63,62,67,59,75,59,66,113,618
90,76,77,66,74,67,64,66,80,67,60,64,65,61,70,42,474
48,39,45,72,48,60,57,74,42,49,60,88,66,91,77,173,805
122,94,96,65,95,60,58,51,99,67,54,44,61,43,56,24,362
311,122,117,41,122,30,44,17,118,44,39,12,40,17,13,2,138
254,116,105,51,113,48,49,21,116,39,56,20,43,28,21,9,207
207,114,114,43,116,54,54,27,115,55,55,26,40,28,28,13,231
2,8,9,45,11,38,13,87,12,19,36,82,39,84,91,513,1449
142,84,82,71,79,65,56,50,87,53,59,51,71,48,53,38,411
218,102,107,57,106,55,55,24,107,54,49,30,53,29,29,14,247
96,78,75,66,68,59,55,70,73,56,57,66,78,59,65,68,526
163,100,104,57,109,69,43,33,101,45,73,35,51,40,34,32,331
40,45,37,71,42,57,57,91,39,52,68,88,72,93,85,152,795
6,20,17,60,17,52,30,99,28,34,44,92,52,92,107,339,1172
436,113,111,23,107,40,30,5,117,23,32,10,23,6,9,4,97
982,27,26,0,26,0,1,0,27,0,0,0,0,0,0,0,0
274,105,113,45,112,49,41,21,102,46,51,24,49,23,18,16,215
70,60,54,73,67,73,59,67,65,57,81,63,55,76,72,97,613
4,7,7,31,10,34,6,74,9,10,35,70,26,73,76,617,1590
285,115,115,39,109,52,29,28,104,36,57,21,56,15,17,11,205
134,78,80,71,76,69,57,45,86,52,57,52,67,48,53,64,458
641,90,84,19,85,12,14,4,90,10,13,2,18,3,4,0,44
23,31,33,54,29,61,47,97,32,41,56,105,57,101,98,224,963
180,102,95,71,95,65,56,28,102,49,65,28,71,28,28,26,300
9,21,17,46,20,54,28,108,19,33,59,99,45,102,106,323,1163
14,21,18,50,19,60,27,100,21,32,61,92,49,93,100,332,1159
49,68,52,65,53,73,69,79,61,59,81,73,71,74,72,90,623
118,81,85,68,81,80,56,42,91,47,66,55,62,51,52,54,446
36,57,50,76,57,64,57,83,52,53,76,80,74,87,78,109,691
70,75,73,72,68,73,45,74,69,53,74,64,83,59,68,69,554
10,18,16,40,13,37,25,98,17,22,35,99,44,96,97,422,1312
81,72,70,78,67,76,55,66,78,53,67,66,75,63,72,50,515
0,3,4,31,3,32,5,38,4,2,30,42,31,41,39,784,1790
87,84,88,60,89,65,46,65,79,61,71,54,64,55,60,61,486
14,24,23,46,22,52,29,101,18,24,57,105,53,104,95,322,1153
1007,20,20,1,20,0,0,0,20,0,0,0,1,0,0,0,1
6,9,15,43,11,45,27,96,15,20,35,109,41,105,102,410,1314
27,28,32,51,32,62,37,95,32,41,58,95,47,95,99,258,1009
283,110,109,62,111,47,42,12,115,36,44,17,55,19,17,10,189
2,12,12,33,17,27,11,96,9,19,35,88,31,93,93,511,1455
468,106,108,17,109,36,27,5,108,24,35,10,14,11,7,4,92
284,106,109,38,103,62,45,23,106,50,56,21,44,15,23,4,190
327,114,120,40,122,42,40,6,116,37,42,15,36,17,8,7,140
91,78,80,72,82,64,64,56,82,63,62,59,66,61,60,49,466
0,4,4,27,2,29,2,35,2,3,29,34,31,32,33,822,1836
70,52,45,61,41,76,55,85,52,47,72,86,65,82,85,115,705
390,111,116,40,117,31,27,9,112,31,31,10,38,11,10,5,120
25,36,37,61,34,73,45,96,39,45,67,97,61,94,99,180,877
152,90,74,71,76,50,51,60,74,47,68,48,85,50,44,49,437
109,73,77,64,69,70,70,52,78,66,57,60,67,52,57,68,486
0,2,2,30,2,32,0,10,2,0,32,10,30,10,10,917,1936
18,34,33,52,24,81,54,93,37,38,69,108,58,99,96,195,916
103,83,78,76,85,66,65,47,80,53,76,54,72,61,44,46,443
178,87,81,65,85,70,66,38,91,60,70,38,57,42,42,19,329
222,108,114,52,110,56,41,30,113,50,47,27,51,23,35,10,238
42,53,48,74,57,73,58,70,61,56,74,67,57,76,78,145,720
473,110,114,25,116,25,21,5,110,28,27,2,23,4,5,1,68
165,93,102,64,105,58,57,33,96,61,58,38,58,41,36,24,315
230,106,105,53,102,56,46,31,105,47,54,29,57,26,30,12,250
31,53,39,61,49,51,55,91,43,50,71,82,61,92,81,179,826
0,1,1,31,1,31,0,3,1,0,31,3,31,3,3,949,1972
783,69,65,6,65,5,10,0,69,6,5,0,6,0,0,0,11
3,12,14,49,18,38,17,95,16,21,38,93,41,97,99,438,1343
268,111,98,53,99,54,52,19,112,37,54,21,51,22,20,18,224
301,114,115,47,122,38,39,14,111,38,48,16,43,23,11,9,170
127,87,99,71,99,64,53,41,94,59,57,47,64,47,48,32,375
932,36,37,1,37,2,2,0,37,3,1,0,0,0,1,0,3
472,116,110,21,112,27,29,3,119,22,26,4,16,6,6,0,64
842,54,56,3,55,6,4,0,54,5,5,1,4,0,0,0,10
3,18,14,41,12,43,18,104,8,18,51,100,53,98,94,414,1318
11,22,17,39,16,40,30,100,16,33,45,92,46,91,94,397,1256
109,71,79,77,81,59,55,55,75,60,57,58,71,60,59,63,490
189,113,108,61,111,46,52,32,107,52,55,27,64,30,26,16,260
0,1,1,31,1,32,0,24,1,1,32,23,31,23,24,864,1885
12,28,26,55,27,44,30,100,27,33,46,95,55,96,99,316,1122
6,9,16,35,9,53,26,87,16,17,39,103,35,96,94,448,1357
3,19,13,54,13,41,18,92,16,19,44,85,57,85,89,441,1331
148,91,92,58,102,66,57,32,98,50,69,40,41,50,39,56,390
2,8,8,28,8,41,9,77,8,4,41,82,28,82,77,586,1559
77,63,66,72,65,80,49,69,62,61,80,60,74,59,68,84,577
44,47,49,64,46,67,53,82,43,49,68,88,71,85,78,155,778
56,71,72,82,88,52,64,66,67,72,72,59,70,75,62,61,522
110,93,92,60,82,74,67,53,91,76,66,43,72,33,51,26,368
1,10,8,33,9,33,5,78,10,9,34,72,32,73,78,604,1575
152,80,81,84,84,49,46,50,77,54,55,43,84,46,47,57,436
215,105,112,54,110,57,60,20,113,63,47,24,48,22,28,11,219
194,101,99,50,97,56,61,34,102,56,53,37,51,35,35,28,302
244,114,104,34,106,59,49,30,106,43,69,26,40,28,22,15,237
211,100,105,75,107,32,53,30,96,59,38,29,77,31,26,20,267
609,93,93,13,91,23,18,0,95,15,19,3,13,1,2,1,42
269,116,107,42,113,49,51,20,117,43,54,19,35,25,21,8,191
78,67,76,70,68,78,61,58,73,60,64,68,72,60,64,72,536
150,89,96,75,97,53,56,37,88,59,55,41,75,42,36,40,365
271,110,120,44,116,43,45,20,107,50,42,25,51,21,17,7,187
997,23,23,0,23,0,0,0,23,0,0,0,0,0,0,0,0
0,6,4,32,7,30,3,58,7,4,32,55,28,58,59,706,1703
128,90,84,67,88,54,58,58,84,63,64,47,69,51,52,32,399
83,82,77,56,73,61,55,71,77,60,62,61,65,57,66,83,543
94,83,80,72,84,64,58,56,94,54,57,57,57,61,67,51,468
53,49,62,72,63,76,55,69,58,58,68,79,62,80,78,107,659
49,56,52,70,60,58,59,76,51,47,71,84,67,92,71,126,708
623,88,91,18,91,20,11,2,90,15,18,1,16,1,4,0,44
64,65,64,61,69,63,57,71,68,48,65,79,53,84,74,104,637
0,2,4,31,1,32,0,31,3,0,28,33,33,30,32,829,1846
294,106,117,48,110,50,43,15,110,50,39,19,51,12,19,6,171
895,46,46,1,46,2,2,0,46,2,2,0,1,0,0,0,3
19,30,33,50,25,50,45,105,25,52,47,101,63,93,100,251,1006
14,26,27,52,23,42,37,108,22,42,42,104,60,100,104,286,1086
14,26,31,60,27,55,42,104,29,42,48,109,61,105,107,229,995
0,5,4,32,4,27,5,40,3,4,29,40,34,40,38,784,1787
30,48,41,57,39,56,51,105,44,49,58,100,63,98,101,149,819
879,48,48,4,48,2,3,0,48,3,2,0,4,0,0,0,6
36,54,45,68,48,67,51,95,53,56,71,81,66,84,94,120,730
214,112,109,48,106,48,57,30,103,54,54,30,60,27,21,16,245
118,85,79,75,79,51,49,63,78,58,58,48,82,48,56,62,472
106,71,81,77,75,64,59,56,68,61,61,64,86,58,53,49,473
265,121,109,44,110,49,35,28,112,31,59,20,52,21,19,14,218
8,16,15,38,18,42,15,102,17,26,44,90,34,93,103,428,1323
62,68,80,68,83,64,72,57,68,74,67,67,65,70,57,67,517
0,6,5,34,6,33,6,62,6,6,34,61,33,62,62,673,1660
799,62,69,8,69,1,1,0,62,7,1,1,8,1,0,0,11
258,102,104,56,101,48,54,22,107,53,40,25,54,22,27,16,227
222,115,111,51,111,51,59,20,118,52,48,23,48,23,23,14,216
182,118,107,51,107,48,49,39,106,40,60,37,63,37,27,18,287
13,20,25,59,23,46,24,102,20,32,44,99,61,97,102,322,1149
92,85,69,69,74,58,53,70,79,56,69,51,70,56,64,74,522
18,45,35,60,37,57,36,113,41,54,63,85,62,87,109,187,889
273,98,106,46,106,57,47,20,103,49,52,26,41,26,25,14,223
179,99,93,59,97,58,53,35,101,50,60,32,53,36,37,47,349
187,99,100,61,105,65,47,33,106,50,63,31,49,36,40,17,293
58,53,61,54,53,87,62,73,55,54,77,89,60,81,75,97,651
126,82,76,64,78,60,71,56,81,65,63,56,63,58,55,35,420
12,13,24,41,9,64,28,94,15,27,47,106,54,91,96,368,1226
26,29,30,82,39,45,51,89,33,54,50,87,69,96,93,216,920
50,56,55,71,59,66,54,85,49,61,77,77,74,81,78,96,657
3,5,5,39,10,31,11,62,9,9,32,64,30,69,66,644,1615
40,51,52,67,55,61,54,86,49,56,66,85,66,88,84,129,731
90,79,74,76,78,64,62,60,80,63,67,54,71,58,61,52,476
28,47,43,71,47,62,49,88,47,51,66,82,67,86,88,167,811
48,66,67,68,69,60,60,82,62,69,66,74,70,76,78,74,590
302,125,121,40,113,47,48,8,128,37,36,15,45,7,11,6,137
1037,13,13,0,13,0,0,0,13,0,0,0,0,0,0,0,0
297,121,115,44,112,39,40,20,117,34,40,20,51,17,16,6,172
173,104,104,60,108,56,51,34,96,54,68,31,64,35,26,25,300
35,67,68,59,68,57,69,84,57,74,67,80,69,80,74,81,606
362,113,116,38,109,38,36,11,116,31,28,19,42,12,14,4,137
45,60,51,72,50,69,48,83,54,35,74,87,79,86,77,119,718
10,22,25,44,23,41,30,105,19,28,42,110,49,108,102,331,1175
159,78,84,65,86,65,50,48,83,57,62,47,58,49,53,45,412
10,14,12,57,20,46,20,96,17,28,51,86,46,94,99,393,1261
915,43,39,1,39,1,5,0,43,1,1,0,1,0,0,0,2
476,112,105,23,107,24,30,7,112,25,26,5,21,7,7,2,77
84,77,79,66,82,57,50,64,69,57,68,59,71,62,56,88,548
134,94,87,66,84,62,65,42,94,55,59,45,69,42,42,49,397
10,15,18,49,16,53,13,107,15,27,51,96,51,94,107,367,1240
244,117,106,49,105,47,48,30,115,47,48,20,52,19,28,14,223
176,95,87,60,87,62,68,38,94,60,63,38,61,38,37,25,324
9,24,20,44,26,46,28,102,21,32,55,94,41,100,99,348,1184
81,55,51,69,52,73,54,75,56,52,73,73,67,74,76,108,655
59,51,62,70,63,79,63,67,59,64,72,77,61,78,75,89,616
111,104,88,59,88,55,72,52,91,60,68,48,72,48,39,34,382
86,89,85,58,77,63,66,62,85,66,59,58,70,50,58,57,467
272,102,99,45,101,55,45,28,105,43,54,27,40,29,31,13,238
23,37,38,62,39,66,32,97,42,42,62,88,56,89,102,214,927
323,120,110,38,115,42,35,20,118,37,49,8,35,13,18,8,157
6,9,6,37,7,36,14,84,5,14,41,81,40,82,80,547,1498
342,115,112,34,110,50,34,15,112,35,51,11,39,9,12,8,150
6,12,11,39,14,28,15,94,8,21,35,87,40,90,90,499,1430
229,95,101,63,106,49,39,33,97,47,52,31,56,36,35,20,285
298,112,111,48,113,47,42,15,115,40,46,16,43,18,18,7,173
2,5,5,27,5,31,5,50,4,3,32,52,28,52,49,739,1740
85,89,94,66,91,60,60,55,82,69,64,51,76,48,48,51,437
289,104,115,52,112,45,46,13,110,46,36,24,49,21,19,8,184
562,105,103,16,100,19,16,4,106,15,15,3,18,0,5,2,50
34,48,53,64,47,60,43,89,47,47,55,90,71,84,88,169,814
827,60,62,2,62,4,2,0,60,4,4,0,2,0,0,0,6
60,53,52,61,55,75,63,77,58,54,73,85,53,88,82,100,663
269,109,110,52,117,47,37,22,106,41,57,19,48,26,19,10,208
99,88,80,59,89,75,58,54,89,57,83,47,49,56,55,51,447
0,8,10,39,8,32,8,71,8,10,30,71,41,69,71,613,1579
302,116,110,41,108,46,42,19,116,34,44,21,43,19,19,9,183
13,28,31,62,30,56,41,107,27,45,56,106,64,105,106,212,967
85,83,88,54,74,74,74,53,89,67,54,65,62,51,59,57,464
0,2,1,31,4,30,0,20,3,1,32,18,27,21,21,878,1896
2,6,5,28,5,29,2,55,4,5,31,51,30,51,53,732,1733
280,115,116,45,116,39,46,22,113,54,41,15,47,15,20,5,168
61,52,54,62,53,71,65,80,45,61,77,86,70,85,73,94,652
391,101,107,33,106,43,29,15,105,29,38,21,30,20,19,2,151
279,115,116,36,112,47,53,18,113,50,45,22,42,18,16,7,173
22,46,46,73,45,65,46,99,45,55,65,90,75,89,98,130,775
24,23,18,63,24,54,38,88,32,29,51,92,48,98,97,310,1103
415,111,119,30,119,33,32,3,117,36,27,7,24,7,9,0,83
1023,16,16,0,16,1,0,0,16,0,1,0,0,0,0,0,1
2,6,4,31,7,31,5,61,3,3,37,61,31,64,58,685,1679
39,53,68,58,58,69,59,84,52,72,60,86,69,76,83,103,663
198,99,107,61,108,54,42,30,102,46,52,34,57,35,33,31,306
29,40,37,70,44,63,59,92,38,60,72,88,65,95,90,147,794
20,37,33,54,31,57,51,105,29,53,63,99,64,97,97,199,915
1013,19,19,0,19,0,0,0,19,0,0,0,0,0,0,0,0
113,90,91,71,98,62,49,51,82,62,77,39,72,46,43,43,406
22,26,30,47,25,60,45,95,35,32,46,112,43,107,104,260,1036
85,64,74,67,63,76,51,69,68,53,61,77,74,66,73,68,560
27,46,51,66,47,61,52,88,39,59,64,86,77,82,81,163,797
360,115,118,33,117,34,28,18,116,37,32,12,33,11,19,6,138
26,41,39,72,44,67,45,99,41,52,72,90,67,95,99,140,802
0,5,5,29,4,29,2,62,4,4,29,60,31,59,61,705,1711
5,13,12,39,13,37,23,83,16,10,35,95,35,96,86,491,1415
1,5,4,35,9,29,2,50,8,5,31,46,27,51,53,733,1727
126,86,81,65,84,64,56,48,89,53,64,46,59,49,51,68,456
74,69,65,76,56,69,58,67,72,54,57,67,82,58,70,95,594
12,32,32,38,23,66,45,103,33,43,56,105,46,96,104,255,1021
869,48,52,3,52,2,3,0,49,7,1,0,2,0,1,0,5
398,108,118,33,119,32,32,6,109,35,32,13,31,14,7,2,108
32,43,39,65,34,55,49,106,36,57,57,94,77,89,99,157,829
797,69,65,5,66,2,6,0,69,2,3,0,4,1,0,0,8
66,68,62,62,61,68,58,72,63,53,72,71,68,70,67,108,631
30,39,42,85,46,60,49,78,43,44,60,86,77,90,82,178,833
140,79,79,67,78,74,58,46,80,56,72,48,67,47,47,51,430
3,10,12,46,12,48,22,94,14,25,44,93,42,93,98,433,1334
240,99,97,60,103,51,57,23,103,52,53,26,50,32,27,16,247
100,86,72,66,73,71,57,62,80,55,78,50,71,51,56,61,484
100,79,86,66,80,73,61,57,79,68,67,57,72,51,57,36,433
99,88,77,70,84,64,60,54,91,50,68,53,60,60,57,54,463
4,13,12,35,11,40,15,89,12,13,40,90,37,89,88,501,1434
357,106,109,53,108,30,36,15,109,41,26,13,51,12,18,5,148
81,63,58,68,68,68,62,69,61,60,80,66,60,76,67,82,580
56,57,42,60,45,64,64,88,59,50,65,87,55,90,90,117,711
88,76,68,45,65,75,65,66,73,53,75,70,51,67,63,89,567
111,77,84,62,81,79,49,58,75,57,78,57,67,54,56,44,456
54,59,62,83,66,63,65,67,66,57,60,78,72,82,74,81,602
63,67,65,82,68,71,43,73,69,47,72,67,77,70,75,80,596
0,7,6,32,6,30,5,62,5,2,32,64,34,64,60,680,1674
3,6,5,41,12,33,9,76,9,5,37,79,31,86,79,578,1547
17,31,35,46,26,61,41,97,28,35,55,107,58,98,94,260,1026
254,120,101,61,103,39,52,26,113,40,48,19,66,21,19,7,206
206,122,106,50,113,46,41,36,112,34,63,27,53,34,26,20,269
7,22,18,49,21,46,30,112,20,39,51,99,48,102,110,315,1150
673,88,87,13,87,6,12,1,88,10,6,2,13,2,1,0,25
9,12,17,56,17,59,39,99,14,33,57,110,54,110,101,302,1137
338,100,100,55,101,41,50,12,103,46,39,16,51,17,15,5,163
170,108,102,50,98,54,53,47,96,58,62,36,66,32,35,22,310
0,2,3,34,2,33,2,35,3,2,31,36,34,35,36,801,1810
21,30,30,53,26,54,43,98,25,43,55,98,62,94,93,264,1023
53,41,36,66,34,69,55,91,42,52,66,89,67,87,92,149,791
31,38,46,61,53,67,57,84,41,57,71,92,51,99,87,154,795
30,36,32,70,36,68,48,84,32,36,76,92,70,96,80,203,900
316,106,105,49,108,44,35,21,105,40,48,15,47,18,20,12,192
35,38,45,68,48,66,49,85,45,60,62,81,58,84,92,173,815
12,31,28,55,34,61,41,92,29,37,69,93,51,99,90,267,1026
104,79,72,78,75,65,59,60,79,56,68,56,75,59,60,44,466
46,46,44,54,45,74,48,90,42,52,79,84,57,85,86,157,791
18,45,37,70,45,64,57,93,50,54,67,88,57,96,98,150,804
485,100,104,34,106,31,21,3,104,21,29,7,28,9,7,0,87
71,54,55,72,53,60,66,75,54,57,58,85,74,83,75,97,644
9,12,16,43,12,40,15,92,18,18,30,93,41,89,98,463,1375
802,59,66,6,66,3,6,0,59,13,3,0,6,0,0,0,9
65,62,62,70,55,76,56,75,66,55,65,76,73,69,79,85,611
65,59,78,53,71,74,57,68,56,59,70,85,63,78,65,88,602
170,97,94,55,94,56,64,45,94,70,59,36,58,36,42,19,311
9,22,25,45,23,58,34,94,25,36,53,95,44,93,97,336,1151
263,112,116,52,113,48,51,14,119,50,38,19,48,16,21,9,181
196,119,111,50,117,52,50,31,116,52,61,21,47,27,28,11,234
28,43,48,69,49,65,47,85,42,48,67,89,69,90,84,166,815
201,97,100,52,99,63,57,34,97,60,62,34,53,33,34,13,276
118,79,82,60,72,71,71,54,80,73,60,55,69,45,55,45,429
33,43,41,78,53,67,38,89,49,43,73,82,60,94,95,151,801
60,58,56,76,66,68,55,71,66,57,70,67,58,77,79,105,640
622,98,92,10,92,14,18,2,99,11,13,3,9,3,3,0,34
524,106,105,19,106,21,15,8,104,15,24,7,20,8,6,1,73
201,94,110,52,104,70,55,22,99,55,59,38,53,32,27,18,272
169,86,86,56,82,68,57,42,86,51,64,48,60,44,42,48,396
133,88,91,61,90,61,52,58,89,67,59,46,61,45,59,29,387
1,7,6,31,6,29,1,55,5,8,31,47,33,47,53,729,1722
466,110,104,21,101,38,29,7,112,21,33,9,22,6,9,1,90
3,7,9,36,11,34,8,76,9,10,34,76,32,78,78,588,1552
790,67,68,3,68,4,7,0,67,8,4,0,3,0,0,0,7
76,62,65,80,71,63,54,63,59,60,72,60,77,66,60,101,597
290,116,113,41,117,42,41,21,113,40,49,19,40,23,18,6,179
55,55,58,75,54,65,60,79,61,61,55,81,73,77,85,95,646
29,37,32,65,32,55,54,107,32,59,60,97,70,97,102,161,850
231,105,100,54,106,54,64,21,103,58,62,22,50,28,19,12,224
245,122,121,47,115,33,57,24,112,62,37,18,63,12,14,7,172
449,119,116,24,116,22,26,8,115,27,26,4,28,4,4,1,72
0,2,4,36,6,31,5,42,7,3,28,46,29,48,47,755,1755
159,93,103,70,100,50,55,41,87,69,53,37,79,34,35,24,321
30,31,36,50,30,65,45,92,33,41,57,101,54,95,94,235,965
41,50,56,83,57,65,53,78,56,54,60,83,76,84,84,109,689
58,66,61,68,68,54,46,86,57,49,70,78,70,85,77,96,649
34,39,38,70,50,64,49,91,40,53,75,86,57,98,92,153,806
672,81,82,12,82,19,13,0,81,12,19,2,12,2,0,0,35
467,114,109,24,109,30,29,2,115,18,29,8,23,8,3,1,76
172,102,91,62,96,68,55,35,106,44,69,35,53,40,39,22,319
1,4,4,36,3,33,4,56,6,3,30,57,35,56,58,703,1700
371,115,111,38,104,42,31,13,119,23,31,17,41,10,17,6,145
186,104,95,50,97,65,58,38,107,54,64,33,45,35,41,17,293
498,100,109,30,111,24,16,4,105,23,21,6,23,8,9,2,80
10,34,22,46,27,50,40,105,24,32,65,101,51,106,95,281,1075
188,111,101,65,102,53,46,38,108,47,57,27,67,28,35,16,281
15,41,37,72,36,62,33,109,36,46,66,92,78,91,104,171,877
156,94,95,68,91,55,51,49,89,61,56,40,77,36,44,27,351
12,18,21,36,15,53,27,86,17,13,48,103,43,97,85,415,1291
7,19,15,38,16,43,25,107,15,30,48,98,41,99,103,385,1262
210,113,117,39,109,58,53,30,108,54,55,33,52,25,25,8,231
1029,15,15,0,15,0,0,0,15,0,0,0,0,0,0,0,0
113,80,86,77,84,57,51,57,85,67,50,47,74,45,62,54,448
103,70,87,70,84,64,49,58,71,63,60,61,72,58,59,60,489
2,14,14,28,8,35,7,85,7,11,36,81,41,75,78,567,1523
5,20,20,58,24,61,38,108,24,41,61,105,50,109,112,253,1055
129,98,81,68,85,64,61,50,100,54,66,40,62,44,52,35,386
311,116,111,38,114,46,52,13,121,50,44,10,30,13,18,2,137
474,104,106,34,110,20,22,9,103,29,25,4,31,8,8,2,88
642,88,94,13,93,12,11,2,88,18,11,1,14,0,2,0,30
64,67,76,61,78,71,51,75,64,63,76,72,62,74,72,63,554
87,88,66,81,74,51,68,63,89,60,58,49,72,57,64,62,488
62,64,77,72,77,72,59,60,67,59,69,73,69,73,63,73,556
101,80,88,71,83,78,55,53,88,63,65,53,68,48,61,34,424
274,118,111,44,111,40,52,21,116,47,42,19,46,19,19,10,184
4,17,16,64,19,47,35,94,26,34,41,94,52,97,103,346,1182
221,97,96,56,95,64,51,31,101,50,59,31,53,30,35,19,281
223,104,101,51,104,66,55,21,111,40,62,33,41,36,28,13,254
320,118,125,31,120,42,36,15,114,44,41,14,40,9,11,9,144
846,58,55,4,55,2,4,0,58,1,2,0,4,0,0,0,6
105,84,72,64,68,59,55,65,77,48,62,60,75,56,58,81,531
69,52,58,60,53,71,56,73,50,54,68,81,67,76,71,130,694
963,31,31,1,31,0,0,0,31,0,0,0,1,0,0,0,1
944,35,34,0,34,2,2,0,35,1,2,0,0,0,0,0,2
76,74,91,63,89,67,60,56,79,69,60,64,60,62,61,58,484
89,84,72,61,71,77,68,55,86,59,74,52,60,51,57,73,497
81,78,71,70,80,56,56,69,69,54,74,64,70,73,60,64,529
23,25,30,57,29,66,38,93,26,37,64,99,57,98,94,253,1012
9,15,20,52,16,42,31,104,18,28,35,112,53,108,107,339,1200
221,96,111,54,106,62,47,25,99,55,54,32,56,27,28,16,257
489,109,110,24,113,23,22,4,109,25,26,2,21,5,4,3,68
117,80,96,60,99,67,49,55,74,74,76,46,63,49,49,35,402
37,48,45,63,48,53,48,98,41,53,63,90,67,93,91,151,797
300,117,101,50,106,40,49,20,119,38,43,15,43,20,22,6,177
64,69,76,67,75,73,48,69,66,54,75,70,71,69,66,77,571
161,95,99,60,96,76,50,39,99,59,69,34,59,31,43,19,317
217,115,113,48,114,50,45,27,112,38,54,32,50,33,24,17,251
114,92,79,66,75,57,78,51,91,63,54,53,71,49,50,46,419
73,65,65,72,68,61,66,70,66,70,63,66,68,69,71,76,560
41,43,44,59,47,72,49,90,47,50,71,90,52,93,94,147,788
144,97,91,75,95,57,52,42,100,45,58,43,68,47,45,30,366
63,72,65,64,68,63,58,80,67,69,71,62,66,65,75,81,576
19,30,20,55,25,44,36,105,24,30,55,101,56,106,99,284,1084
1,17,11,38,16,35,15,96,9,15,48,90,41,95,88,474,1398
46,63,62,55,54,79,68,72,58,59,76,80,68,72,67,110,650
157,96,97,66,80,74,56,37,103,47,50,47,76,30,44,29,349
26,35,36,56,31,73,39,99,35,38,68,101,61,96,99,196,916
0,8,4,34,10,29,10,63,7,7,36,62,29,68,62,660,1639
142,71,82,68,77,73,70,42,81,73,58,50,63,45,52,42,404
60,52,60,65,60,72,51,79,52,60,72,78,65,78,79,106,663
142,91,93,70,88,58,61,45,90,66,54,42,76,37,44,32,361
0,3,3,29,2,29,0,11,2,0,29,11,31,10,10,919,1939
2,11,11,29,12,36,12,75,12,13,36,74,27,75,76,588,1540
1,3,7,32,6,39,7,59,7,5,34,65,29,64,63,668,1654
83,61,62,53,61,70,62,75,54,59,76,79,61,78,68,87,604
45,43,49,62,42,71,41,93,41,50,66,90,71,83,91,151,794
105,96,79,67,82,62,64,56,92,56,69,47,68,50,52,44,426
30,37,40,54,40,62,46,95,39,42,60,102,52,102,97,191,892
260,107,118,41,108,67,44,15,109,42,55,28,49,18,17,11,206
351,112,107,36,112,42,35,17,106,33,53,14,37,19,11,4,153
38,41,44,64,42,55,47,102,43,56,51,96,64,94,104,148,809
160,91,91,52,81,74,64,43,92,55,63,52,61,42,44,24,354
64,82,76,64,76,63,57,73,73,62,72,62,73,62,64,66,529
54,68,71,71,70,57,59,70,66,56,58,76,74,75,68,96,611
238,118,112,51,122,39,47,25,113,48,54,18,46,28,20,10,206
84,81,81,44,68,84,58,71,79,67,73,62,59,49,69,60,501
263,116,111,43,109,43,43,29,111,49,46,18,50,16,24,18,214
0,7,8,34,10,45,14,78,10,9,44,84,29,86,81,550,1505
142,85,88,60,86,76,58,46,88,63,71,44,59,42,49,32,378
333,106,105,46,110,50,34,15,109,36,52,12,38,17,18,8,171
14,20,24,48,24,46,31,102,19,41,47,96,49,96,101,331,1152
10,25,21,53,19,47,32,92,24,27,46,93,56,91,91,362,1192
15,28,30,47,22,50,40,111,22,48,48,105,61,97,105,260,1041
939,36,36,0,36,3,0,0,36,0,3,0,0,0,0,0,3
4,19,13,59,26,46,21,97,19,28,59,84,46,97,97,374,1228
54,73,62,65,64,67,49,82,63,53,79,67,73,69,72,97,626
309,108,110,45,112,38,41,19,107,41,41,21,44,23,18,12,189
103,73,73,63,68,67,53,64,75,52,60,65,66,60,66,81,545
72,60,65,65,55,78,78,66,56,80,72,69,79,59,62,73,549
104,91,94,67,92,76,49,45,88,51,77,46,72,44,42,51,425
10,16,11,40,17,34,15,99,10,14,46,95,40,101,93,448,1364
72,70,71,57,75,79,68,67,66,80,87,56,57,60,63,61,508
160,80,80,63,82,77,54,42,87,51,72,45,54,47,49,46,408
632,94,90,14,93,14,14,1,94,11,17,0,11,3,1,0,33
172,96,95,59,100,63,49,39,104,51,60,36,46,41,47,31,339
532,102,100,25,102,25,16,5,100,18,29,1,25,3,3,3,70
111,83,81,71,89,65,52,58,76,67,80,41,70,49,51,45,432
123,88,89,59,82,67,65,50,89,70,59,46,65,39,51,47,405
81,66,50,75,62,55,66,79,65,63,68,66,64,78,78,73,578
0,1,1,31,1,31,0,1,1,0,31,1,31,1,1,957,1980
956,31,32,1,32,1,1,0,31,2,1,0,1,0,0,0,2
81,71,69,71,66,71,63,62,74,63,65,60,71,57,65,80,543
243,106,110,54,108,52,45,25,107,47,49,27,55,25,26,10,228
15,24,22,49,18,58,32,111,20,36,58,105,57,101,107,276,1087
5,12,13,34,8,41,10,93,12,14,36,90,39,85,93,504,1444
14,25,29,53,33,55,41,105,33,48,51,102,41,106,113,240,1006
675,89,89,8,89,12,9,0,90,9,11,0,7,0,1,0,20
443,107,111,33,112,25,26,9,110,32,23,7,29,8,12,2,95
66,68,70,75,70,92,52,59,75,52,85,61,68,61,66,69,545
493,103,96,32,97,30,26,6,108,16,26,9,26,10,11,0,93
337,118,107,43,105,48,41,11,121,24,43,17,42,15,14,3,151
354,116,118,26,113,41,29,21,105,36,47,16,42,11,10,4,144
277,124,122,48,126,34,39,17,121,43,41,11,47,15,14,10,162
71,64,69,56,71,89,55,68,69,70,86,58,49,60,73,81,561
59,63,72,79,70,73,40,73,74,51,60,71,70,69,84,81,600
39,48,45,74,50,68,50,86,43,45,78,88,74,93,81,127,749
6,13,16,39,14,37,37,92,16,27,32,105,38,103,95,419,1306
2,11,12,38,10,37,16,92,12,19,34,90,39,88,93,496,1429
551,100,105,23,109,12,15,4,96,22,20,2,23,6,0,1,53
4,6,8,30,5,38,9,70,10,5,31,76,29,73,74,621,1599
212,110,105,42,104,62,50,37,100,55,71,27,53,26,27,8,247
1,7,3,27,10,29,3,49,7,3,36,45,20,52,49,748,1747
327,117,121,32,118,46,39,12,121,41,39,14,31,11,16,4,135
67,71,66,75,76,57,51,75,73,49,65,72,63,82,77,70,576
105,75,76,75,85,59,55,49,83,45,60,60,58,69,57,78,517
72,65,70,81,61,65,69,68,69,72,52,70,86,61,72,56,525
1,2,2,33,4,31,1,35,4,4,31,32,29,34,37,809,1818
78,70,65,76,60,63,59,70,65,54,63,70,86,65,65,80,574
312,118,110,44,114,43,43,15,118,38,47,12,40,16,15,4,153
74,58,56,68,59,80,54,74,64,61,77,65,59,68,80,92,613
70,70,57,66,58,64,70,73,75,57,60,73,60,74,78,84,591
23,23,29,53,25,59,34,93,30,36,48,97,50,93,100,296,1080
0,5,3,33,5,36,5,67,4,7,39,63,32,65,66,659,1649
153,115,98,50,104,55,53,47,101,48,75,35,58,41,33,23,321
188,92,102,50,92,71,51,39,90,58,63,42,62,32,37,20,313
27,52,40,77,38,65,49,98,47,51,68,84,84,82,93,134,772
8,17,20,47,17,43,19,112,16,33,41,101,51,98,111,355,1223
3,17,19,49,16,40,23,100,15,23,39,102,54,99,98,392,1274
24,34,25,54,26,65,46,105,34,40,66,102,53,103,105,207,948
186,99,95,49,91,75,61,31,100,54,70,34,52,30,32,30,310
928,37,36,1,36,4,3,0,38,2,3,0,0,0,1,0,5
316,127,114,30,107,40,46,21,127,35,33,19,37,12,21,4,151
24,43,38,59,38,49,46,99,41,51,51,89,61,89,97,214,912
970,29,30,0,30,0,0,0,29,1,0,0,0,0,0,0,0
410,107,114,40,114,34,22,8,111,28,30,9,36,9,12,5,118
12,34,39,65,34,61,48,95,37,42,53,106,67,101,98,197,917
25,40,39,59,35,63,57,97,42,56,57,97,61,93,99,169,844
421,116,111,34,113,27,28,9,114,25,31,7,34,9,7,3,101
532,109,104,15,105,23,22,4,111,19,22,2,12,3,6,0,51
526,108,104,19,104,18,22,7,104,22,22,3,23,3,3,1,59
15,28,20,41,23,55,26,105,19,27,67,96,47,99,96,325,1151
13,32,30,61,29,48,52,92,36,44,43,98,58,97,96,260,1008
112,71,87,61,80,67,62,57,72,74,59,61,67,54,58,47,451
17,26,30,59,28,57,27,113,26,49,55,95,61,93,113,240,1010
75,69,63,82,73,59,51,69,65,52,73,62,76,72,65,83,579
41,54,44,56,43,58,46,104,47,56,64,84,64,83,97,148,785
11,9,11,47,14,39,19,90,13,24,38,87,40,90,94,463,1369
572,97,103,18,105,17,13,3,98,20,18,2,15,4,4,0,47
118,92,96,63,91,61,53,55,89,64,59,48,71,43,52,34,393
5,8,10,35,6,44,17,85,13,18,35,86,34,82,90,521,1459
56,58,64,64,50,80,51,74,66,49,58,82,70,68,82,117,676
1,8,11,35,7,45,11,88,9,15,40,87,38,83,89,522,1470
1065,6,6,0,6,0,0,0,6,0,0,0,0,0,0,0,0
47,68,56,71,64,54,66,75,65,55,65,74,66,82,72,109,649
4,8,11,34,9,38,11,71,9,11,35,74,35,72,72,595,1550
118,86,81,61,85,51,54,66,76,58,65,57,67,61,56,47,456
63,66,69,70,63,66,74,64,63,67,63,74,79,68,61,79,564
310,121,117,29,115,45,43,18,115,38,49,19,37,17,12,4,154
367,110,110,27,106,50,40,13,107,37,49,16,34,12,10,1,133
84,73,75,59,64,75,63,65,63,60,74,70,80,59,55,70,533
132,92,90,53,82,73,63,49,92,58,65,52,61,44,49,34,388
443,126,117,28,118,21,21,7,123,15,25,4,30,5,4,2,76
27,35,37,61,42,69,50,85,38,40,71,97,53,102,88,194,887
181,118,106,55,101,57,57,32,108,47,62,30,70,25,22,18,267
341,110,119,49,119,38,36,7,117,41,31,11,42,11,14,3,129
158,99,88,64,89,49,60,48,86,58,63,39,76,40,35,37,362
9,16,19,49,22,64,26,97,26,34,57,92,36,95,107,340,1174
1035,13,13,1,13,0,0,0,13,0,0,0,1,0,0,0,1
3,13,12,39,13,38,11,97,11,13,41,94,40,95,95,474,1408
2,5,5,32,7,28,3,48,7,2,28,49,28,51,50,744,1744
358,104,108,38,105,42,29,20,98,33,45,20,47,17,14,11,179
95,80,81,44,72,86,59,64,69,57,88,67,64,58,53,52,487
843,58,56,4,55,2,3,1,57,1,2,1,6,0,0,0,9
66,49,52,75,49,65,51,77,58,53,53,78,69,75,86,133,713
162,102,102,57,103,64,55,35,100,52,67,38,58,39,33,22,312
6,18,16,57,19,53,27,87,21,22,53,90,51,93,90,386,1239
207,104,111,55,104,56,44,32,104,48,49,35,62,28,32,18,274
650,92,94,11,94,12,7,1,92,9,12,1,11,1,1,1,29
146,85,88,72,83,60,56,48,89,61,51,46,73,41,52,38,391
405,115,115,31,114,30,31,10,113,33,31,8,34,7,8,4,104
62,72,62,63,64,57,60,82,64,57,67,75,69,77,74,84,604
16,29,28,59,22,52,34,105,30,39,45,99,64,93,106,268,1049
104,85,75,76,75,63,55,66,83,64,65,47,78,47,64,42,449
170,86,95,60,101,52,48,48,83,62,61,43,57,49,45,29,358
741,80,74,5,75,6,11,0,80,5,7,0,4,1,0,0,12
367,118,115,33,112,39,32,14,120,30,34,13,34,10,16,2,127
2,8,8,30,7,29,7,69,7,7,29,69,32,68,68,649,1632
22,37,31,71,34,52,44,97,31,41,61,94,74,97,91,212,932
11,11,19,45,12,37,19,99,15,19,26,107,48,100,103,418,1323
806,64,63,6,63,5,4,0,64,3,5,0,6,0,0,0,11
1,9,7,28,7,30,5,65,8,9,31,59,29,59,64,678,1662
32,41,41,76,54,52,53,90,42,63,64,80,62,93,91,155,791
1085,1,1,0,1,0,0,0,1,0,0,0,0,0,0,0,0
8,14,15,42,11,44,27,91,11,22,43,97,49,93,88,434,1326
977,27,27,0,27,1,1,0,27,1,1,0,0,0,0,0,1
4,12,15,40,14,45,16,90,16,18,40,91,37,90,94,467,1380
3,8,7,34,8,30,9,65,11,3,28,70,30,71,68,644,1623
2,7,7,29,8,27,5,63,8,10,27,58,27,59,64,688,1675
90,69,82,75,71,86,55,50,80,57,64,61,75,50,61,63,498
115,73,75,64,76,69,70,54,73,67,70,59,63,60,54,47,454
150,94,95,58,91,74,55,44,97,60,67,40,59,36,47,22,340
559,104,103,17,105,19,20,0,106,18,19,1,13,3,2,0,40
63,67,70,57,69,74,72,71,66,73,74,73,59,72,70,59,536
189,90,97,59,99,63,60,29,91,59,64,37,56,39,30,27,310
57,64,46,71,48,61,57,85,57,51,70,73,76,75,78,120,690
749,77,76,6,76,5,6,0,77,4,5,1,6,1,0,0,13
443,115,117,27,120,22,25,7,114,30,26,4,25,7,6,1,76
1,5,7,27,3,32,1,54,6,5,27,52,30,48,55,736,1739
158,109,98,63,92,45,68,40,102,49,46,48,76,42,33,20,318
766,74,68,6,69,5,9,1,73,4,7,0,6,1,0,0,14
697,78,81,10,80,17,9,0,82,11,12,1,7,0,4,0,28
238,108,115,46,121,51,57,19,112,65,53,18,36,24,23,3,183
227,108,107,51,105,52,59,22,110,51,48,29,51,27,24,18,239
68,67,74,73,75,51,53,75,63,59,56,76,76,77,71,75,577
545,102,101,19,103,22,22,2,105,21,21,2,14,4,5,1,53
0,5,5,27,1,34,2,49,2,5,33,46,34,42,46,758,1763
710,87,79,7,78,7,14,0,88,5,5,1,7,0,1,0,15
563,101,91,23,93,17,25,6,97,21,23,0,25,2,2,0,54
881,47,49,1,50,2,3,0,47,5,3,0,0,1,0,0,4
23,27,40,68,38,57,42,91,31,54,51,92,66,90,95,224,937
235,107,108,52,106,58,38,30,105,42,58,27,56,25,28,14,250
692,78,82,16,82,11,7,1,79,10,10,2,15,2,2,0,33
119,81,78,70,84,62,54,60,87,61,62,50,58,56,66,41,440
51,71,58,77,73,56,59,77,65,54,77,69,68,84,71,79,598
244,118,109,45,107,51,56,24,114,50,53,21,51,19,20,7,198
331,113,108,37,107,40,41,22,104,41,48,17,47,16,13,4,162
71,71,66,68,69,60,66,72,74,68,60,65,62,68,75,74,553
878,49,48,1,48,6,2,0,49,1,6,0,1,0,0,0,7
0,2,7,34,4,34,6,65,6,9,27,67,33,64,69,662,1653
19,25,39,65,35,75,40,95,32,48,64,101,62,97,102,190,908
29,48,49,51,49,71,58,90,44,55,75,94,55,94,86,141,772
596,97,97,20,98,14,15,1,98,14,14,2,18,3,2,0,41
129,91,99,73,93,69,53,39,102,55,52,45,68,39,50,32,368
3,5,3,41,9,39,5,70,9,5,41,68,31,74,74,612,1586
160,92,99,57,90,68,50,41,94,47,57,51,64,42,43,34,368
19,39,36,45,36,52,45,95,37,29,54,108,47,108,93,246,995
3,10,9,28,8,33,8,66,8,5,34,68,31,67,64,647,1622
85,58,62,71,59,83,65,53,71,50,67,72,61,69,66,97,595
29,43,47,70,45,48,46,93,40,55,49,88,75,86,90,185,848
619,96,95,13,96,9,12,5,91,13,15,3,17,4,0,1,41
3,11,11,43,18,48,27,101,8,22,58,106,39,113,98,383,1278
163,108,102,62,104,58,59,34,107,54,61,33,61,35,33,15,286
19,39,37,52,35,62,40,93,33,27,66,104,60,102,87,233,972
4,21,17,45,21,37,29,108,21,38,41,95,41,99,108,364,1220
275,113,128,32,116,53,35,24,108,47,46,27,49,15,19,2,179
1,11,7,37,6,28,14,79,5,6,33,83,44,82,73,580,1548
39,39,40,56,38,76,51,85,46,39,67,98,51,96,92,176,848
166,93,102,55,102,55,56,44,91,70,57,39,57,39,42,21,318
112,93,82,62,83,61,61,53,87,52,68,51,67,52,47,58,448
506,108,102,17,99,29,27,8,107,24,27,5,21,2,7,0,69
19,33,35,60,37,63,50,93,30,46,68,99,61,101,90,204,917
23,37,26,65,34,46,38,104,35,38,56,93,59,101,102,232,977
1017,18,18,0,18,0,0,0,18,0,0,0,0,0,0,0,0
389,120,113,35,118,27,34,10,118,31,34,6,32,11,8,3,105
11,30,28,43,24,65,51,102,30,44,61,107,47,103,102,241,1004
321,104,108,48,111,43,42,14,110,48,40,12,39,15,20,14,174
650,89,84,16,86,16,12,2,91,9,16,0,12,2,4,0,38
13,11,18,35,12,49,29,86,19,19,35,103,33,97,94,436,1328
170,102,99,63,105,60,41,41,104,45,64,34,55,40,43,23,325
1,3,3,36,5,29,4,42,5,2,29,44,32,46,44,764,1767
0,1,2,31,1,31,0,7,2,0,29,8,31,7,8,931,1953
76,67,56,78,60,76,64,67,70,64,77,56,71,60,70,77,558
315,106,107,49,115,40,38,15,110,32,44,22,37,30,19,10,191
120,91,90,70,89,54,44,60,84,56,60,47,78,46,53,47,431
995,23,23,0,23,1,0,0,23,0,1,0,0,0,0,0,1
53,75,77,62,71,73,64,67,76,62,66,71,67,65,68,72,549
63,54,51,63,50,71,56,82,52,54,72,81,66,80,80,114,687
247,120,110,37,102,53,49,30,112,42,53,27,53,19,22,13,222
193,101,111,53,115,53,57,31,103,73,55,25,47,29,33,10,242
135,81,89,69,83,62,51,53,82,60,55,52,74,46,54,43,421
2,4,5,35,5,37,10,65,7,9,34,67,32,67,68,642,1620
162,98,112,64,110,65,56,25,98,56,63,39,66,37,25,13,281
11,24,23,55,21,53,41,105,26,33,49,112,55,110,107,264,1068
1053,9,9,0,9,0,0,0,9,0,0,0,0,0,0,0,0
44,38,42,65,43,82,41,82,47,38,74,89,55,90,91,168,826
671,88,88,7,85,12,14,1,89,12,8,3,9,0,2,0,24
113,84,88,70,88,68,55,46,88,50,64,55,66,55,50,49,438
115,74,80,61,70,62,70,59,63,71,63,64,82,54,48,53,465
65,72,52,53,53,76,70,80,64,59,85,71,60,72,72,85,602
117,81,100,57,98,69,45,51,84,59,64,56,56,54,54,44,426
1,12,8,33,10,33,17,91,11,14,36,90,32,92,90,519,1468
87,79,74,63,73,59,62,66,70,50,67,73,73,72,57,64,527
541,98,100,26,103,17,17,7,97,23,21,3,24,6,6,0,66
401,111,106,31,110,41,28,14,109,31,47,6,29,10,12,3,122
135,105,95,53,100,59,52,53,91,51,78,44,62,49,39,23,357
161,92,89,67,84,61,60,46,89,58,59,45,75,40,43,20,345
167,78,87,61,86,72,55,45,79,64,70,45,61,44,46,29,370
255,115,120,45,120,41,46,20,107,39,49,32,53,32,12,3,196
141,90,97,61,89,61,52,50,85,58,58,51,74,43,45,34,384
11,15,14,55,19,40,31,108,18,44,42,94,47,99,111,341,1186
158,99,94,74,100,54,51,43,101,55,58,34,66,40,45,17,322
99,88,83,62,89,65,69,49,95,61,64,52,49,58,56,50,435
56,72,64,82,67,74,64,67,79,68,70,55,72,58,74,67,537
7,21,22,55,25,58,28,101,24,35,58,95,49,98,104,309,1126
6,12,16,46,16,36,18,81,14,13,34,90,44,90,83,490,1404
135,78,81,85,89,63,57,39,91,56,58,43,64,51,52,47,414
110,85,84,66,86,69,56,59,82,62,74,52,67,54,56,27,413
102,69,73,71,72,75,50,62,82,63,61,53,59,52,75,70,515
191,96,93,73,97,56,67,26,103,62,53,28,62,32,33,17,275
18,32,29,61,33,50,35,94,38,37,48,89,51,93,100,281,1043
101,85,81,56,81,77,73,52,79,70,83,51,62,51,46,41,421
2,10,12,27,10,46,18,82,10,20,44,82,29,80,82,535,1469
329,109,103,51,109,34,35,25,99,44,50,10,55,16,15,5,171
748,77,75,4,75,9,5,1,76,4,10,0,5,0,0,0,15
30,39,46,81,51,53,48,82,41,45,56,92,74,97,84,170,827
89,74,71,70,69,65,66,59,76,57,61,65,70,63,61,73,527
28,23,27,57,29,57,46,104,25,51,57,103,53,105,106,218,966
436,100,93,39,96,34,32,14,101,29,36,10,35,13,15,6,136
55,68,57,82,63,63,68,65,74,61,63,61,70,67,71,101,605
29,47,40,54,46,59,54,89,45,48,67,88,50,94,87,192,857
748,71,72,9,71,9,8,1,72,9,7,1,9,0,2,0,21
34,42,48,61,41,60,50,93,38,57,57,92,72,85,89,170,824
16,33,27,54,24,66,42,110,37,43,59,103,53,100,114,208,959
42,56,54,63,49,64,59,89,55,59,60,87,69,82,88,113,700
577,96,98,20,96,25,13,1,96,9,23,7,22,5,1,0,59
48,51,45,61,45,71,42,95,45,49,77,82,67,82,89,140,766
571,96,98,18,98,18,21,4,93,25,21,2,21,2,1,0,48
307,114,121,36,115,42,31,22,111,36,39,24,45,18,19,9,182
77,77,85,61,77,60,58,73,69,67,60,72,77,64,65,47,497
358,106,109,34,112,44,32,17,104,38,49,14,33,17,15,7,157
293,119,113,37,115,49,47,15,122,40,48,16,32,18,18,7,164
64,60,60,80,64,59,54,78,61,60,62,72,75,76,79,85,613
241,107,109,48,105,60,47,23,104,43,59,29,55,25,20,14,236
4,15,15,43,12,28,11,93,8,21,32,83,53,80,86,505,1430
208,92,113,55,109,68,36,27,104,50,52,34,47,30,39,25,291
611,96,92,14,92,14,19,3,94,15,16,3,16,3,1,0,40
34,48,54,67,47,66,52,91,44,56,63,93,78,86,87,123,740
446,110,113,28,114,24,29,6,111,28,24,10,26,11,7,2,89
30,58,54,56,58,72,50,89,49,67,85,68,61,72,80,140,726
828,55,64,5,64,2,0,0,55,9,2,0,5,0,0,0,7
464,118,111,22,114,23,30,4,120,22,24,5,17,8,6,1,68
416,111,118,34,119,33,27,2,114,29,31,7,30,8,5,5,96
98,76,77,68,72,65,61,62,84,60,52,64,65,59,70,56,492
0,4,7,37,3,35,11,71,6,9,29,76,39,72,73,617,1596
169,101,90,73,97,58,48,41,102,44,64,34,65,41,42,20,328
12,23,20,50,21,41,37,101,18,20,47,115,54,116,96,318,1160
61,89,80,75,78,54,60,68,79,58,62,61,87,59,58,60,505
3,15,12,46,16,44,29,98,15,20,48,104,42,108,98,391,1280
463,103,110,26,112,31,22,6,106,26,30,9,21,11,9,4,97
66,62,54,70,59,67,54,80,56,51,78,75,71,80,74,92,636
180,108,95,66,104,51,51,33,113,41,55,30,52,39,38,33,318
562,100,98,21,100,22,16,3,100,15,24,2,19,4,3,0,55
48,65,70,76,70,62,71,64,62,62,65,78,79,78,61,78,578
99,77,85,63,91,70,50,58,77,64,76,52,57,58,58,54,467
735,77,75,6,74,10,6,3,78,6,8,1,6,0,4,0,23
959,31,31,2,31,0,1,0,31,1,0,0,2,0,0,0,2
1,9,9,38,12,39,6,96,9,15,42,87,35,90,96,505,1456
38,39,50,62,44,81,49,86,49,54,65,92,58,86,96,140,773
34,38,45,65,47,68,56,87,40,57,68,93,61,95,89,146,787
7,10,12,47,12,43,17,91,16,16,37,94,41,94,97,455,1370
20,27,30,41,21,66,45,99,33,41,51,106,44,97,105,263,1034
655,86,81,16,78,16,18,2,86,10,13,5,19,2,2,0,43
0,7,8,28,5,33,3,75,7,9,30,70,31,67,75,641,1630
95,76,77,72,75,59,75,58,75,76,58,58,75,56,57,47,455
127,89,90,54,79,71,45,58,87,51,62,53,67,42,56,58,452
511,112,110,13,106,23,29,2,112,21,19,8,17,4,2,0,52
12,24,23,48,20,47,28,113,21,27,47,113,54,110,110,292,1128
18,29,24,49,24,56,30,107,26,33,59,99,52,99,104,280,1077
480,104,107,36,108,27,23,2,110,25,22,3,29,4,8,1,76
811,62,64,3,64,1,5,2,61,9,2,0,4,0,1,0,8
37,48,45,72,50,62,72,84,41,74,74,79,74,84,77,116,697
167,102,93,61,96,59,49,45,95,46,69,39,65,42,38,23,337
124,92,80,77,87,52,45,60,92,46,59,47,70,54,60,44,438
32,49,45,58,46,56,41,93,41,41,65,89,65,90,85,193,865
32,52,48,64,39,68,60,91,52,60,59,87,73,78,91,135,749
571,99,101,21,100,14,17,3,98,17,14,5,23,4,2,0,50
386,106,108,35,106,45,33,11,107,33,42,13,36,11,12,5,136
191,100,93,55,95,65,55,37,102,58,65,27,51,29,39,27,304
75,74,79,71,75,76,46,66,78,55,68,62,71,58,70,65,529
78,69,73,69,69,73,74,58,78,68,60,68,64,64,67,57,504
0,2,2,29,1,32,1,20,1,1,32,20,31,19,19,879,1898
58,62,52,49,52,72,77,81,60,74,74,74,51,74,79,100,631
11,17,11,39,16,37,30,94,13,27,46,91,38,96,90,433,1317
145,96,89,73,94,59,43,46,100,47,60,35,64,40,50,48,395
21,30,34,63,35,54,47,96,38,53,47,94,54,95,104,224,946
39,55,51,78,52,65,53,79,62,54,59,74,70,75,86,137,724
95,77,72,82,77,64,52,58,76,48,70,57,78,62,57,64,509
78,75,76,66,73,66,75,61,76,71,62,66,68,63,62,51,485
435,116,113,22,114,31,34,5,118,29,30,7,19,8,7,1,80
0,1,1,31,1,31,0,5,1,0,31,5,31,5,5,941,1964
144,92,88,66,91,63,64,38,94,56,64,42,61,45,40,41,374
64,67,58,83,64,61,47,79,68,52,66,65,76,71,80,88,614
50,57,54,53,56,71,65,77,55,53,75,86,53,88,75,121,694
202,105,107,54,108,59,44,30,107,41,58,35,51,36,32,20,284
266,103,103,56,97,54,45,25,105,44,46,26,60,20,27,12,230
6,26,24,48,21,54,39,103,20,34,57,106,57,103,97,294,1105
114,76,88,70,82,72,54,52,83,70,59,48,69,42,59,51,438
87,73,64,65,74,70,75,59,70,68,83,57,58,67,56,63,503
0,5,1,37,7,26,7,50,3,3,34,50,33,56,48,729,1727
462,111,111,33,113,24,20,6,112,21,25,5,30,7,7,2,85
8,19,17,64,18,39,36,98,22,27,37,105,60,106,101,332,1174
133,90,84,52,83,74,59,50,93,53,70,50,50,49,53,46,417
188,104,99,64,105,58,52,31,107,45,61,33,55,39,34,14,284
66,77,66,82,69,67,58,65,78,48,69,64,78,67,66,69,548
16,23,23,65,24,64,44,94,27,40,61,98,60,99,98,253,1020
5,18,19,50,18,43,25,97,19,22,41,101,50,100,98,383,1254
4,9,11,54,18,35,18,84,14,17,37,87,42,94,89,476,1390
15,26,25,57,28,57,39,103,25,47,61,94,55,97,102,258,1027
618,100,86,15,89,12,20,4,98,9,17,1,14,4,2,0,40
331,117,115,35,114,35,48,15,118,48,33,13,35,12,16,4,133
26,36,35,62,41,70,40,92,42,37,70,94,50,100,98,196,902
69,70,70,61,66,80,61,69,71,63,75,67,64,63,70,70,549
465,109,107,29,105,25,31,8,111,34,21,3,29,1,10,1,76
86,63,57,85,66,64,57,70,65,65,71,56,74,65,72,73,556
182,110,108,56,111,48,53,35,106,55,55,31,57,34,31,17,273
31,52,44,74,38,55,52,93,44,51,57,86,88,80,85,159,799
21,40,41,57,36,57,38,100,26,37,66,102,76,97,86,209,931
71,76,86,72,82,67,66,52,79,64,60,64,73,60,55,62,491
221,110,96,61,96,48,57,34,104,56,54,21,67,21,28,15,249
13,24,27,53,26,52,45,103,22,46,53,105,56,104,101,259,1038
485,99,112,33,108,24,27,0,103,33,16,7,33,3,4,2,71
33,43,39,58,31,67,39,92,44,28,58,99,65,91,93,209,917
65,65,60,67,54,79,45,79,68,37,70,82,70,76,82,90,642
7,16,16,40,14,37,19,96,21,20,30,95,37,93,101,447,1351
79,67,65,65,70,60,76,66,62,73,70,67,65,72,61,71,538
217,78,102,69,112,64,40,23,95,58,57,29,42,39,40,24,295
313,115,110,41,112,44,40,18,113,39,48,14,41,16,16,9,169
8,18,19,54,26,30,19,101,19,24,36,97,46,104,102,386,1259
145,82,86,64,77,75,63,43,77,64,71,46,78,37,38,43,394
139,93,92,67,97,54,58,47,94,62,58,42,61,47,48,30,364
57,55,56,79,68,67,49,70,57,47,77,73,65,85,72,112,668
359,108,113,39,111,35,35,14,113,35,28,19,36,17,19,8,154
80,58,62,63,68,66,59,74,63,61,67,76,52,82,79,79,593
72,67,66,81,64,61,61,63,72,61,54,62,78,60,68,99,588
71,63,64,66,62,56,46,87,60,59,57,75,71,73,84,95,634
406,117,110,31,110,40,30,8,117,22,40,9,31,9,8,1,107
103,84,84,66,82,76,62,48,91,55,67,55,61,53,55,47,440
7,15,16,39,14,40,27,91,19,23,34,96,37,94,95,442,1335
27,30,21,56,29,63,39,103,33,43,68,90,45,98,106,238,989
42,59,69,62,65,83,60,72,73,63,65,79,52,75,86,84,611
3,8,11,42,11,44,18,84,15,14,37,91,35,91,91,494,1424
199,96,88,49,89,60,60,44,97,61,60,35,47,36,45,23,314
254,110,120,47,114,50,39,22,110,45,44,26,53,20,22,13,213
6,11,13,44,17,45,27,97,14,27,46,99,37,103,100,403,1291
440,111,115,33,118,28,20,6,110,25,32,5,31,8,5,2,90
210,98,93,54,101,67,51,33,99,53,74,26,45,34,34,17,281
78,76,75,66,79,56,61,71,67,65,69,66,71,70,62,57,514
266,111,102,51,105,55,52,18,112,43,57,18,47,21,19,12,205
882,49,47,3,47,3,1,1,49,0,3,0,3,0,1,0,8
967,30,30,0,30,0,1,0,30,1,0,0,0,0,0,0,0
1,14,15,40,16,37,12,100,14,21,38,92,39,93,100,457,1376
2,4,2,39,6,26,1,45,2,1,32,43,37,47,43,759,1763
29,37,42,67,42,59,36,97,40,42,56,96,64,96,100,186,884
24,34,39,65,39,76,44,92,39,50,71,91,60,91,97,177,861
713,78,74,11,74,13,10,2,78,7,13,1,11,1,2,1,32
3,12,12,35,13,37,12,91,11,14,39,89,35,90,90,506,1445
1049,10,10,0,10,0,0,0,10,0,0,0,0,0,0,0,0
116,87,86,59,85,81,59,45,89,47,78,56,58,55,47,41,423
80,70,72,83,73,65,60,57,73,54,63,65,79,66,60,69,531
94,72,69,73,77,62,60,65,71,65,71,57,66,65,64,58,503
46,39,40,67,31,72,58,89,45,53,57,95,70,86,95,146,790
7,20,19,39,15,42,18,101,17,17,41,101,46,97,98,411,1303
470,106,113,22,114,29,25,4,104,29,32,7,23,8,2,1,76
508,105,95,27,96,29,27,6,108,18,27,5,23,6,9,0,79
236,105,104,65,109,45,53,21,113,46,42,27,52,32,29,10,231
13,21,17,46,20,39,23,98,18,19,45,98,46,101,95,390,1260
403,126,117,28,120,22,27,13,118,26,33,5,33,8,5,5,99
357,111,109,36,108,41,38,16,110,38,41,14,38,13,15,4,144
26,37,35,68,41,56,40,92,39,44,60,86,60,92,94,219,924
38,55,44,67,45,63,49,87,52,42,67,83,69,84,84,160,791
1,5,6,30,7,37,9,63,9,6,34,67,25,68,67,655,1638
8,17,16,37,15,47,28,103,17,29,46,101,38,100,103,384,1259
11,15,17,47,15,47,29,91,17,27,43,95,47,93,93,402,1268
132,78,91,59,80,80,53,46,84,54,63,58,64,47,52,48,432
28,47,36,70,46,65,59,89,47,60,75,77,60,87,89,154,785
132,90,95,61,96,68,52,48,84,63,75,42,66,43,42,32,374
248,110,105,42,103,52,47,30,104,41,56,31,50,29,24,17,248
1073,4,4,0,4,0,0,0,4,0,0,0,0,0,0,0,0
70,67,67,71,68,73,56,69,66,64,75,61,71,62,68,81,567
330,110,110,38,111,49,36,16,104,35,56,17,43,18,10,6,166
0,3,3,29,2,29,1,19,2,0,29,20,31,19,18,884,1903
125,76,94,64,87,64,49,54,81,72,52,49,66,42,59,55,437
75,76,59,68,72,62,64,70,73,58,78,59,58,72,67,78,557
26,39,41,59,42,59,49,95,38,52,61,94,59,95,94,186,869
21,46,58,54,45,73,56,87,40,60,66,95,73,82,81,152,782
0,2,2,29,2,31,0,18,2,1,31,17,29,17,18,890,1910
463,110,105,30,104,25,34,6,111,29,23,6,30,5,7,1,80
4,6,7,32,8,36,6,68,7,6,36,69,30,70,69,635,1613
7,17,16,46,17,42,31,102,14,34,46,98,48,99,99,373,1235
580,88,96,17,95,24,17,4,89,23,22,6,17,5,5,1,62
91,74,76,70,80,67,70,60,77,78,68,54,63,58,63,40,449
2,13,12,38,8,38,14,80,8,10,39,83,47,79,75,543,1484
178,90,94,64,86,58,62,41,89,63,51,44,73,36,40,20,324
40,46,53,63,55,67,45,78,50,40,65,90,57,92,82,166,800
858,53,52,2,52,4,5,0,53,4,4,0,2,0,0,0,6
56,62,61,69,54,69,65,70,60,51,64,83,78,76,68,103,643
354,119,109,40,110,42,41,9,118,29,44,11,40,12,8,3,129
126,94,90,66,104,58,53,49,89,64,77,34,57,48,44,36,376
35,34,44,60,46,69,44,92,38,54,67,92,54,94,96,170,839
706,80,79,6,77,11,9,5,76,11,13,2,12,0,1,1,31
160,97,102,70,104,52,57,38,102,67,49,33,63,35,43,17,300
8,23,22,43,20,52,32,94,25,25,48,100,43,98,96,360,1201
2,6,6,33,7,29,4,70,7,7,29,67,31,68,71,652,1641
20,33,28,55,26,78,55,90,38,50,71,90,52,88,95,220,931
51,60,55,53,52,77,58,83,61,54,73,82,55,79,84,112,681
52,60,63,69,65,52,55,78,58,59,56,77,69,79,76,121,675
17,37,28,56,34,47,35,114,31,52,59,88,56,94,108,233,979
362,109,120,33,120,49,28,9,114,37,44,11,28,11,14,0,122
490,98,100,27,101,30,34,4,103,36,26,4,21,5,9,1,76
20,33,26,42,20,48,44,106,28,36,47,107,53,101,101,277,1064
11,16,19,63,17,72,29,95,27,32,59,95,54,93,106,301,1115
27,38,44,47,45,65,34,107,36,55,68,92,48,93,105,185,881
22,28,34,65,44,59,35,92,35,42,62,91,48,101,99,232,964
76,80,62,67,69,61,61,76,71,61,77,58,69,65,67,69,541
787,68,69,5,68,5,4,0,68,4,4,1,6,0,0,0,11
81,75,79,60,73,73,66,63,72,59,70,74,69,68,60,47,495
52,59,60,60,61,57,58,85,61,65,56,79,57,80,87,112,670
154,90,91,73,96,53,47,44,94,42,54,50,64,55,48,34,387
630,91,92,16,94,11,16,0,95,15,9,2,10,4,4,0,33
33,43,45,59,47,73,56,92,46,59,72,91,54,93,95,131,762
8,24,24,47,27,47,39,113,30,40,44,112,38,115,119,262,1071
77,69,76,68,74,74,56,66,67,61,74,68,72,66,64,57,522
252,105,105,54,102,56,49,21,103,45,55,25,59,22,19,17,233
58,58,63,73,57,74,47,74,57,48,69,78,80,72,73,108,661
82,77,87,51,77,70,51,73,67,64,70,70,71,60,63,56,509
98,67,76,73,78,58,45,69,61,59,66,64,77,66,63,69,537
53,57,59,62,57,73,55,82,50,56,78,83,71,81,75,97,657
106,83,80,64,87,65,73,52,84,73,71,49,56,56,53,37,412
143,99,96,64,93,58,58,46,98,56,56,45,68,42,45,22,345
110,96,84,60,85,56,63,54,95,54,58,51,60,52,53,58,443
815,63,57,4,58,4,8,2,61,4,7,0,5,1,0,0,13
21,40,40,69,40,71,47,92,47,50,64,89,62,89,99,169,840
31,35,31,60,36,56,63,91,38,59,58,91,52,96,94,198,881
245,106,100,54,104,58,46,26,111,41,57,25,45,29,31,11,240
1058,8,7,0,7,0,1,0,8,0,0,0,0,0,0,0,0
6,11,13,37,8,51,13,89,13,13,44,91,40,86,91,483,1409
16,24,25,52,27,54,40,98,26,41,54,98,48,100,100,286,1072
220,100,99,47,100,70,54,26,99,47,72,32,47,33,25,18,270
282,117,107,47,112,41,47,19,119,40,44,16,40,21,21,16,195
331,133,118,35,117,30,45,13,127,37,35,6,42,5,7,8,118
140,91,84,79,91,60,71,35,97,68,61,31,66,38,41,36,350
678,85,81,9,80,12,16,3,84,13,12,2,11,1,2,0,30
36,37,28,78,36,59,57,98,32,64,72,82,75,90,93,152,809
632,90,98,8,96,17,8,3,89,17,16,2,11,0,2,0,33
109,66,76,64,77,82,59,53,67,66,82,56,62,57,54,59,483
15,28,28,54,27,57,38,100,29,41,55,97,54,96,101,269,1042
265,125,110,45,110,52,52,16,123,36,54,17,47,17,14,6,175
89,70,86,67,78,70,49,58,62,51,70,72,83,64,50,70,529
63,58,59,65,56,74,82,75,58,86,71,72,68,69,75,58,546
12,16,15,47,20,47,26,99,19,31,49,93,39,98,102,376,1235
791,60,68,4,68,11,2,0,60,10,11,0,4,0,0,0,15
121,101,83,56,86,54,66,56,86,54,72,50,68,53,41,42,409
133,80,85,64,88,58,63,50,76,62,65,56,65,59,46,39,415
154,85,95,66,85,68,57,43,90,64,53,46,71,36,48,28,358
26,43,35,57,48,44,56,100,33,50,67,98,54,111,90,177,864
713,77,83,9,83,5,9,0,78,12,4,3,8,3,1,1,22
307,120,108,46,108,45,40,18,123,30,42,16,43,16,21,6,171
193,113,105,56,108,56,45,33,114,48,58,22,52,25,34,27,279
26,31,32,82,40,55,35,94,41,47,53,83,64,91,104,211,921
12,28,32,56,25,57,43,98,28,38,50,107,63,100,98,254,1024
241,104,105,50,99,58,44,29,110,45,46,29,50,23,35,21,260
13,24,25,60,30,46,41,103,28,38,47,107,51,112,107,257,1045
7,13,12,46,15,28,15,103,15,16,29,101,41,104,105,439,1363
110,89,86,60,86,67,62,51,83,56,73,54,66,54,45,47,431
587,100,97,19,98,17,13,3,106,12,12,1,12,2,9,1,47
76,60,58,62,58,73,58,74,65,57,68,73,57,73,79,98,625
12,42,34,60,36,47,51,109,29,47,62,105,71,107,96,181,899
18,21,22,58,27,44,49,102,30,45,40,107,44,112,111,259,1043
2,8,10,42,9,38,16,74,6,10,39,82,45,81,72,555,1501
704,84,79,11,79,5,14,1,83,9,6,1,12,1,0,0,20
14,20,25,58,19,60,26,88,24,25,50,94,60,88,92,346,1168
13,25,27,52,30,50,35,95,22,34,56,98,52,101,92,307,1105
471,111,110,22,110,30,28,3,113,24,28,6,20,6,5,2,74
64,74,65,66,71,59,65,72,70,62,69,66,64,72,68,82,571
146,99,91,79,99,59,48,43,101,56,65,27,69,35,45,27,340
15,19,24,52,23,52,28,102,19,28,51,107,53,106,102,308,1137
313,115,119,40,121,37,36,19,110,46,44,13,43,15,14,4,151
2,13,14,43,16,46,32,87,14,22,47,98,40,100,88,427,1315
638,89,86,17,89,11,15,3,87,12,16,3,16,6,1,0,43
241,111,105,57,111,47,41,31,110,49,54,17,52,23,30,10,226
42,49,54,61,46,65,41,89,44,42,62,93,74,85,84,158,798
120,78,90,80,89,69,49,45,83,55,63,51,76,50,50,41,422
67,52,62,66,59,71,63,76,54,68,66,81,67,78,78,81,610
150,94,101,66,103,61,60,34,97,62,60,39,61,41,37,23,321
3,11,13,32,8,44,18,95,10,15,40,100,38,95,94,473,1407
901,42,44,3,45,3,0,0,42,2,4,0,2,1,0,0,7
129,70,80,61,75,80,58,52,68,63,77,57,68,52,50,49,452
102,94,85,59,76,82,64,48,95,46,72,57,67,48,49,45,432
5,9,10,32,7,36,11,78,9,12,33,78,35,75,78,581,1539
9,22,21,49,18,56,31,102,20,19,55,113,54,110,100,310,1152
102,77,94,75,92,72,57,45,88,67,59,52,66,50,56,37,413
44,36,58,82,54,74,52,76,45,63,61,87,77,83,85,112,702
212,95,108,53,104,70,49,25,97,51,64,36,55,32,27,11,263
93,93,80,62,76,71,50,64,90,43,70,58,69,54,61,55,483
417,111,111,38,109,33,27,8,112,24,30,11,39,9,9,1,109
128,92,89,59,86,70,61,46,85,58,74,46,69,43,39,44,398
58,46,56,68,56,78,51,70,53,45,71,86,61,86,77,127,712
0,3,5,31,4,38,1,52,6,5,34,50,29,49,55,727,1726
94,74,67,85,75,62,57,62,81,56,63,56,70,64,69,54,499
221,98,103,62,100,60,52,24,101,55,54,26,62,23,27,21,261
98,68,77,75,77,74,47,57,76,53,66,60,67,60,65,69,521
367,114,115,42,113,30,34,13,113,34,29,14,45,12,12,2,128
96,81,72,64,70,81,67,60,80,58,80,60,67,58,59,36,455
154,82,87,63,92,68,56,37,87,49,68,49,53,54,42,48,404
27,35,33,70,45,60,50,93,34,51,73,90,59,102,92,175,858
11,26,26,69,38,49,43,100,31,44,56,99,52,111,105,229,986
0,7,5,31,6,28,6,56,3,3,33,57,34,58,52,710,1706
25,33,32,70,35,44,49,97,36,43,44,102,64,105,100,210,935
21,31,34,41,28,45,37,111,24,38,46,113,54,107,104,255,1038
776,68,69,5,69,6,5,2,66,8,8,0,7,0,0,0,15
11,13,16,50,16,58,18,92,17,24,54,89,46,89,96,400,1270
320,116,128,42,126,37,32,13,117,45,34,12,43,10,14,0,127
2,5,2,32,6,29,5,49,3,4,35,47,30,51,47,742,1741
112,85,85,75,86,58,52,52,84,51,60,53,75,54,51,56,456
0,1,1,31,1,32,0,10,1,1,32,9,31,9,10,920,1941
208,103,111,47,106,62,45,30,101,44,59,39,54,34,28,18,278
829,57,55,7,56,3,5,2,57,5,4,0,6,1,2,0,15
18,28,36,58,34,62,40,96,37,48,51,96,51,94,105,235,972
1,10,10,33,11,38,29,91,10,19,39,101,32,102,91,472,1400
241,122,105,45,106,52,59,21,126,43,49,20,40,21,25,14,208
12,20,18,56,26,54,39,100,23,36,59,101,45,109,103,288,1096
108,94,87,68,85,69,62,47,98,55,63,47,66,45,51,44,411
116,86,80,58,86,62,54,64,80,65,74,47,58,53,58,48,444
146,88,88,84,89,55,50,42,90,47,54,45,81,46,44,40,394
62,69,61,69,58,66,57,78,68,50,64,77,73,74,77,86,614
31,37,36,47,32,50,50,91,29,32,54,108,59,104,83,246,983
14,10,23,41,12,42,15,88,22,24,19,92,40,81,100,466,1364
777,66,64,11,65,8,5,1,66,4,9,0,10,1,1,1,24
211,98,106,58,104,53,51,29,101,53,48,35,57,33,32,20,277
136,95,87,65,93,68,57,45,92,55,77,39,62,45,42,31,369
15,19,13,49,27,42,31,103,19,33,56,95,35,109,103,340,1181
24,50,49,65,53,58,44,96,44,58,68,81,67,85,90,157,795
21,33,29,61,30,58,45,99,30,43,62,97,63,98,96,224,960
50,49,49,47,39,69,60,89,42,53,66,96,64,86,82,148,772
43,55,52,85,51,62,49,81,51,45,65,82,90,81,77,120,712
39,47,59,70,57,64,53,85,45,63,64,87,74,85,83,114,704
8,16,24,47,15,55,32,98,17,30,45,108,55,99,99,341,1187
35,44,33,74,38,56,50,98,46,48,59,89,67,94,100,158,825
47,51,57,58,52,76,55,87,53,60,69,88,61,83,89,103,685
1014,19,18,0,18,0,1,0,19,0,0,0,0,0,0,0,0
259,110,102,53,108,45,40,29,108,41,53,20,49,26,27,19,240
7,24,17,34,16,41,28,108,10,23,54,106,49,105,94,373,1248
132,84,89,74,89,63,64,43,87,67,60,45,71,45,46,30,373
171,95,91,74,99,51,59,38,97,63,57,30,64,38,40,22,313
6,14,14,38,11,49,20,97,10,24,50,93,45,90,93,435,1334
11,26,28,41,25,59,50,102,21,41,61,113,49,110,97,255,1037
32,49,42,71,39,58,56,98,46,55,58,92,77,89,95,132,770
635,92,90,13,89,17,15,1,92,13,16,1,14,0,1,0,33
83,70,73,73,73,63,62,68,79,68,54,65,64,65,77,52,506
381,112,116,40,117,29,34,9,115,38,27,9,36,10,12,4,114
311,122,126,39,124,46,37,7,126,35,40,13,37,11,11,4,131
10,15,18,40,15,52,29,110,19,36,45,106,39,103,114,338,1197
33,51,38,63,44,73,44,97,41,51,89,77,67,83,87,151,792
31,32,33,57,34,85,50,94,44,50,74,95,44,96,106,164,849
13,14,14,47,20,54,31,97,19,29,55,99,36,105,102,354,1207
80,71,72,66,69,67,58,64,67,53,68,70,73,67,60,84,566
2,11,13,36,13,34,21,90,15,17,30,96,32,96,94,489,1420
423,119,108,32,105,24,43,7,115,29,25,10,39,7,3,0,87
1,7,9,25,6,33,3,48,6,2,31,51,29,48,47,743,1739
1,6,4,34,7,24,3,48,5,4,28,45,32,48,47,753,1753
752,72,72,9,73,4,6,3,69,9,8,0,11,1,0,0,20
251,108,101,60,109,58,49,17,116,41,58,18,44,26,25,8,212
1034,14,13,0,13,0,1,0,14,0,0,0,0,0,0,0,0
384,119,114,31,109,40,29,13,114,27,40,10,41,5,8,5,122
100,65,66,72,62,82,61,57,71,50,72,69,70,65,63,64,530
645,89,90,15,88,14,13,0,90,10,11,4,16,2,1,1,37
603,90,92,21,93,24,10,2,96,12,19,2,14,3,8,0,54
260,107,111,43,109,53,48,23,108,50,50,25,44,23,24,11,212
122,92,101,73,104,60,58,38,97,62,58,43,65,46,43,27,352
17,26,33,44,28,75,43,95,24,40,72,105,51,100,93,243,1000
697,82,83,8,80,10,11,2,82,11,7,3,11,0,2,0,25
34,42,45,63,42,71,43,93,49,53,61,86,59,83,100,165,819
193,101,96,67,96,62,50,32,108,46,55,31,60,31,39,22,299
38,47,50,57,48,75,53,82,48,62,72,76,58,74,83,166,778
28,39,34,64,36,70,46,93,45,46,66,88,56,90,99,189,876
103,86,80,69,89,63,54,59,84,52,74,55,62,64,57,38,445
289,117,114,39,112,53,47,13,123,34,45,23,35,21,19,5,172
111,87,88,56,83,70,59,58,81,63,71,55,67,50,52,38,423
581,99,101,17,101,16,14,3,99,16,16,3,17,3,3,0,45
114,89,96,63,95,63,71,42,91,71,60,49,62,48,44,31,369
216,104,101,68,110,40,56,25,104,50,49,28,59,37,25,17,257
158,100,101,64,101,50,61,36,98,51,52,47,66,47,34,23,326
1019,18,16,0,16,0,2,0,18,0,0,0,0,0,0,0,0
69,66,65,61,62,67,63,74,59,60,71,76,71,73,67,85,595
71,69,83,69,82,61,53,63,67,58,62,72,72,71,61,75,549
60,67,60,70,60,57,60,75,59,55,65,73,78,73,67,110,643
19,31,28,56,24,51,41,104,27,33,51,109,64,105,100,246,1021
571,92,91,22,93,24,14,9,91,20,27,2,21,4,8,0,70
24,40,43,67,41,62,44,92,43,44,57,95,66,93,95,183,867
100,88,89,88,91,65,58,42,93,61,62,40,81,42,47,42,403
654,83,87,15,85,10,17,2,81,18,10,5,19,3,0,0,37
174,106,106,64,104,49,58,36,101,60,52,34,71,32,31,11,273
13,31,26,56,28,68,51,99,38,50,63,95,47,97,106,221,956
3,23,15,41,18,43,29,104,24,27,45,98,37,101,105,376,1243
164,91,96,66,96,52,54,42,90,54,53,47,67,47,41,29,354
130,70,81,74,81,73,49,45,73,45,70,60,71,60,48,59,475
822,60,61,4,61,3,5,0,60,6,3,0,4,0,0,0,7
89,66,65,63,68,74,61,61,68,46,75,75,58,78,63,79,570
89,78,66,64,66,70,62,63,70,54,78,59,72,59,55,84,546
70,75,66,82,81,54,60,64,75,52,69,63,67,78,64,69,543
5,17,13,33,15,31,14,97,11,12,39,95,37,97,91,482,1414
